[     231ms] [LOG] [Fast Refresh] rebuilding @ http://localhost:3000/_next/static/chunks/node_modules_next_dist_1e8vcs8._.js:776
[     951ms] [LOG] [Fast Refresh] done in 828ms @ http://localhost:3000/_next/static/chunks/node_modules_next_dist_1e8vcs8._.js:776
[    1068ms] [INFO] %cDownload the React DevTools for a better development experience: https://react.dev/link/react-devtools font-weight:bold @ http://localhost:3000/_next/static/chunks/node_modules_next_dist_1e8vcs8._.js:776
[    1093ms] [LOG] [HMR] connected @ http://localhost:3000/_next/static/chunks/node_modules_next_dist_1e8vcs8._.js:776
[    9493ms] [LOG] [Fast Refresh] rebuilding @ http://localhost:3000/_next/static/chunks/node_modules_next_dist_1e8vcs8._.js:776
[    9512ms] [LOG] [Fast Refresh] done in 124ms @ http://localhost:3000/_next/static/chunks/node_modules_next_dist_1e8vcs8._.js:776
[  156750ms] [LOG] [Fast Refresh] rebuilding @ http://localhost:3000/_next/static/chunks/node_modules_next_dist_1e8vcs8._.js:776
[  156752ms] [LOG] [Fast Refresh] done in 107ms @ http://localhost:3000/_next/static/chunks/node_modules_next_dist_1e8vcs8._.js:776
[  223946ms] [LOG] [Fast Refresh] rebuilding @ http://localhost:3000/_next/static/chunks/node_modules_next_dist_1e8vcs8._.js:776
[  223947ms] [LOG] [Fast Refresh] done in 108ms @ http://localhost:3000/_next/static/chunks/node_modules_next_dist_1e8vcs8._.js:776
[  266909ms] [LOG] [Fast Refresh] rebuilding @ http://localhost:3000/_next/static/chunks/node_modules_next_dist_1e8vcs8._.js:776
[  266979ms] [LOG] [Fast Refresh] done in 73ms @ http://localhost:3000/_next/static/chunks/node_modules_next_dist_1e8vcs8._.js:776
[  267036ms] [LOG] [Fast Refresh] done in 73ms @ http://localhost:3000/_next/static/chunks/node_modules_next_dist_1e8vcs8._.js:776
[  267079ms] [LOG] [Fast Refresh] done in 73ms @ http://localhost:3000/_next/static/chunks/node_modules_next_dist_1e8vcs8._.js:776
[  267136ms] [LOG] [Fast Refresh] done in 73ms @ http://localhost:3000/_next/static/chunks/node_modules_next_dist_1e8vcs8._.js:776
[  267212ms] [LOG] [Fast Refresh] done in 73ms @ http://localhost:3000/_next/static/chunks/node_modules_next_dist_1e8vcs8._.js:776
[  267263ms] [LOG] [Fast Refresh] done in 73ms @ http://localhost:3000/_next/static/chunks/node_modules_next_dist_1e8vcs8._.js:776
[  267313ms] [LOG] [Fast Refresh] done in 73ms @ http://localhost:3000/_next/static/chunks/node_modules_next_dist_1e8vcs8._.js:776
[  267377ms] [LOG] [Fast Refresh] done in 73ms @ http://localhost:3000/_next/static/chunks/node_modules_next_dist_1e8vcs8._.js:776
[  267426ms] [LOG] [Fast Refresh] done in 73ms @ http://localhost:3000/_next/static/chunks/node_modules_next_dist_1e8vcs8._.js:776
[  267469ms] [LOG] [Fast Refresh] done in 73ms @ http://localhost:3000/_next/static/chunks/node_modules_next_dist_1e8vcs8._.js:776
[  267520ms] [LOG] [Fast Refresh] done in 73ms @ http://localhost:3000/_next/static/chunks/node_modules_next_dist_1e8vcs8._.js:776
[  267558ms] [LOG] [Fast Refresh] done in 73ms @ http://localhost:3000/_next/static/chunks/node_modules_next_dist_1e8vcs8._.js:776
[  267608ms] [LOG] [Fast Refresh] done in 73ms @ http://localhost:3000/_next/static/chunks/node_modules_next_dist_1e8vcs8._.js:776
[  267658ms] [LOG] [Fast Refresh] done in 73ms @ http://localhost:3000/_next/static/chunks/node_modules_next_dist_1e8vcs8._.js:776
[  267708ms] [LOG] [Fast Refresh] done in 73ms @ http://localhost:3000/_next/static/chunks/node_modules_next_dist_1e8vcs8._.js:776
[  267757ms] [LOG] [Fast Refresh] done in 73ms @ http://localhost:3000/_next/static/chunks/node_modules_next_dist_1e8vcs8._.js:776
[  267807ms] [LOG] [Fast Refresh] done in 73ms @ http://localhost:3000/_next/static/chunks/node_modules_next_dist_1e8vcs8._.js:776
[  267855ms] [LOG] [Fast Refresh] done in 73ms @ http://localhost:3000/_next/static/chunks/node_modules_next_dist_1e8vcs8._.js:776
[  267912ms] [LOG] [Fast Refresh] done in 73ms @ http://localhost:3000/_next/static/chunks/node_modules_next_dist_1e8vcs8._.js:776
[  267956ms] [LOG] [Fast Refresh] done in 73ms @ http://localhost:3000/_next/static/chunks/node_modules_next_dist_1e8vcs8._.js:776
[  268005ms] [LOG] [Fast Refresh] done in 73ms @ http://localhost:3000/_next/static/chunks/node_modules_next_dist_1e8vcs8._.js:776
[  268057ms] [LOG] [Fast Refresh] done in 73ms @ http://localhost:3000/_next/static/chunks/node_modules_next_dist_1e8vcs8._.js:776
[  268112ms] [LOG] [Fast Refresh] done in 73ms @ http://localhost:3000/_next/static/chunks/node_modules_next_dist_1e8vcs8._.js:776
[  268162ms] [LOG] [Fast Refresh] done in 73ms @ http://localhost:3000/_next/static/chunks/node_modules_next_dist_1e8vcs8._.js:776
[  268208ms] [LOG] [Fast Refresh] done in 73ms @ http://localhost:3000/_next/static/chunks/node_modules_next_dist_1e8vcs8._.js:776
[  268253ms] [LOG] [Fast Refresh] done in 73ms @ http://localhost:3000/_next/static/chunks/node_modules_next_dist_1e8vcs8._.js:776
[  268308ms] [LOG] [Fast Refresh] done in 73ms @ http://localhost:3000/_next/static/chunks/node_modules_next_dist_1e8vcs8._.js:776
[  268357ms] [LOG] [Fast Refresh] done in 73ms @ http://localhost:3000/_next/static/chunks/node_modules_next_dist_1e8vcs8._.js:776
[  268405ms] [LOG] [Fast Refresh] done in 73ms @ http://localhost:3000/_next/static/chunks/node_modules_next_dist_1e8vcs8._.js:776
[  268455ms] [LOG] [Fast Refresh] done in 73ms @ http://localhost:3000/_next/static/chunks/node_modules_next_dist_1e8vcs8._.js:776
[  268501ms] [LOG] [Fast Refresh] done in 73ms @ http://localhost:3000/_next/static/chunks/node_modules_next_dist_1e8vcs8._.js:776
[  268544ms] [LOG] [Fast Refresh] done in 73ms @ http://localhost:3000/_next/static/chunks/node_modules_next_dist_1e8vcs8._.js:776
[  268587ms] [LOG] [Fast Refresh] done in 73ms @ http://localhost:3000/_next/static/chunks/node_modules_next_dist_1e8vcs8._.js:776
[  268636ms] [LOG] [Fast Refresh] done in 73ms @ http://localhost:3000/_next/static/chunks/node_modules_next_dist_1e8vcs8._.js:776
[  268676ms] [LOG] [Fast Refresh] done in 73ms @ http://localhost:3000/_next/static/chunks/node_modules_next_dist_1e8vcs8._.js:776
[  268728ms] [LOG] [Fast Refresh] done in 73ms @ http://localhost:3000/_next/static/chunks/node_modules_next_dist_1e8vcs8._.js:776
[  268785ms] [LOG] [Fast Refresh] done in 73ms @ http://localhost:3000/_next/static/chunks/node_modules_next_dist_1e8vcs8._.js:776
[  268825ms] [LOG] [Fast Refresh] done in 73ms @ http://localhost:3000/_next/static/chunks/node_modules_next_dist_1e8vcs8._.js:776
[  268874ms] [LOG] [Fast Refresh] done in 73ms @ http://localhost:3000/_next/static/chunks/node_modules_next_dist_1e8vcs8._.js:776
[  268926ms] [LOG] [Fast Refresh] done in 73ms @ http://localhost:3000/_next/static/chunks/node_modules_next_dist_1e8vcs8._.js:776
[  268976ms] [LOG] [Fast Refresh] done in 73ms @ http://localhost:3000/_next/static/chunks/node_modules_next_dist_1e8vcs8._.js:776
[  269019ms] [LOG] [Fast Refresh] done in 73ms @ http://localhost:3000/_next/static/chunks/node_modules_next_dist_1e8vcs8._.js:776
[  269061ms] [LOG] [Fast Refresh] done in 73ms @ http://localhost:3000/_next/static/chunks/node_modules_next_dist_1e8vcs8._.js:776
[  269118ms] [LOG] [Fast Refresh] done in 73ms @ http://localhost:3000/_next/static/chunks/node_modules_next_dist_1e8vcs8._.js:776
[  269168ms] [LOG] [Fast Refresh] done in 73ms @ http://localhost:3000/_next/static/chunks/node_modules_next_dist_1e8vcs8._.js:776
[  269219ms] [LOG] [Fast Refresh] done in 73ms @ http://localhost:3000/_next/static/chunks/node_modules_next_dist_1e8vcs8._.js:776
[  269269ms] [LOG] [Fast Refresh] done in 73ms @ http://localhost:3000/_next/static/chunks/node_modules_next_dist_1e8vcs8._.js:776
[  269318ms] [LOG] [Fast Refresh] done in 73ms @ http://localhost:3000/_next/static/chunks/node_modules_next_dist_1e8vcs8._.js:776
[  269358ms] [LOG] [Fast Refresh] done in 73ms @ http://localhost:3000/_next/static/chunks/node_modules_next_dist_1e8vcs8._.js:776
[  269416ms] [LOG] [Fast Refresh] done in 73ms @ http://localhost:3000/_next/static/chunks/node_modules_next_dist_1e8vcs8._.js:776
[  269463ms] [LOG] [Fast Refresh] done in 73ms @ http://localhost:3000/_next/static/chunks/node_modules_next_dist_1e8vcs8._.js:776
[  269510ms] [LOG] [Fast Refresh] done in 73ms @ http://localhost:3000/_next/static/chunks/node_modules_next_dist_1e8vcs8._.js:776
[  269562ms] [LOG] [Fast Refresh] done in 73ms @ http://localhost:3000/_next/static/chunks/node_modules_next_dist_1e8vcs8._.js:776
[  269608ms] [LOG] [Fast Refresh] done in 73ms @ http://localhost:3000/_next/static/chunks/node_modules_next_dist_1e8vcs8._.js:776
[  269659ms] [LOG] [Fast Refresh] done in 73ms @ http://localhost:3000/_next/static/chunks/node_modules_next_dist_1e8vcs8._.js:776
[  269705ms] [LOG] [Fast Refresh] done in 73ms @ http://localhost:3000/_next/static/chunks/node_modules_next_dist_1e8vcs8._.js:776
[  269758ms] [LOG] [Fast Refresh] done in 73ms @ http://localhost:3000/_next/static/chunks/node_modules_next_dist_1e8vcs8._.js:776
[  269808ms] [LOG] [Fast Refresh] done in 73ms @ http://localhost:3000/_next/static/chunks/node_modules_next_dist_1e8vcs8._.js:776
[  269856ms] [LOG] [Fast Refresh] done in 73ms @ http://localhost:3000/_next/static/chunks/node_modules_next_dist_1e8vcs8._.js:776
[  269909ms] [LOG] [Fast Refresh] done in 73ms @ http://localhost:3000/_next/static/chunks/node_modules_next_dist_1e8vcs8._.js:776
[  269967ms] [LOG] [Fast Refresh] done in 73ms @ http://localhost:3000/_next/static/chunks/node_modules_next_dist_1e8vcs8._.js:776
[  270020ms] [LOG] [Fast Refresh] done in 73ms @ http://localhost:3000/_next/static/chunks/node_modules_next_dist_1e8vcs8._.js:776
[  270071ms] [LOG] [Fast Refresh] done in 73ms @ http://localhost:3000/_next/static/chunks/node_modules_next_dist_1e8vcs8._.js:776
[  270121ms] [LOG] [Fast Refresh] done in 73ms @ http://localhost:3000/_next/static/chunks/node_modules_next_dist_1e8vcs8._.js:776
[  270171ms] [LOG] [Fast Refresh] done in 73ms @ http://localhost:3000/_next/static/chunks/node_modules_next_dist_1e8vcs8._.js:776
[  270221ms] [LOG] [Fast Refresh] done in 73ms @ http://localhost:3000/_next/static/chunks/node_modules_next_dist_1e8vcs8._.js:776
[  270271ms] [LOG] [Fast Refresh] done in 73ms @ http://localhost:3000/_next/static/chunks/node_modules_next_dist_1e8vcs8._.js:776
[  270320ms] [LOG] [Fast Refresh] done in 73ms @ http://localhost:3000/_next/static/chunks/node_modules_next_dist_1e8vcs8._.js:776
[  270362ms] [LOG] [Fast Refresh] done in 73ms @ http://localhost:3000/_next/static/chunks/node_modules_next_dist_1e8vcs8._.js:776
[  270404ms] [LOG] [Fast Refresh] done in 73ms @ http://localhost:3000/_next/static/chunks/node_modules_next_dist_1e8vcs8._.js:776
[  270452ms] [LOG] [Fast Refresh] done in 73ms @ http://localhost:3000/_next/static/chunks/node_modules_next_dist_1e8vcs8._.js:776
[  270503ms] [LOG] [Fast Refresh] done in 73ms @ http://localhost:3000/_next/static/chunks/node_modules_next_dist_1e8vcs8._.js:776
[  270554ms] [LOG] [Fast Refresh] done in 73ms @ http://localhost:3000/_next/static/chunks/node_modules_next_dist_1e8vcs8._.js:776
[  270612ms] [LOG] [Fast Refresh] done in 73ms @ http://localhost:3000/_next/static/chunks/node_modules_next_dist_1e8vcs8._.js:776
[  270669ms] [LOG] [Fast Refresh] done in 73ms @ http://localhost:3000/_next/static/chunks/node_modules_next_dist_1e8vcs8._.js:776
[  270727ms] [LOG] [Fast Refresh] done in 73ms @ http://localhost:3000/_next/static/chunks/node_modules_next_dist_1e8vcs8._.js:776
[  270769ms] [LOG] [Fast Refresh] done in 73ms @ http://localhost:3000/_next/static/chunks/node_modules_next_dist_1e8vcs8._.js:776
[  270820ms] [LOG] [Fast Refresh] done in 73ms @ http://localhost:3000/_next/static/chunks/node_modules_next_dist_1e8vcs8._.js:776
[  319791ms] [LOG] [Fast Refresh] rebuilding @ http://localhost:3000/_next/static/chunks/node_modules_next_dist_1e8vcs8._.js:776
[  319844ms] [LOG] [Fast Refresh] done in 84ms @ http://localhost:3000/_next/static/chunks/node_modules_next_dist_1e8vcs8._.js:776
[  319942ms] [LOG] [Fast Refresh] done in 84ms @ http://localhost:3000/_next/static/chunks/node_modules_next_dist_1e8vcs8._.js:776
[  319986ms] [LOG] [Fast Refresh] done in 84ms @ http://localhost:3000/_next/static/chunks/node_modules_next_dist_1e8vcs8._.js:776
[  320088ms] [LOG] [Fast Refresh] done in 84ms @ http://localhost:3000/_next/static/chunks/node_modules_next_dist_1e8vcs8._.js:776
[  320138ms] [LOG] [Fast Refresh] done in 84ms @ http://localhost:3000/_next/static/chunks/node_modules_next_dist_1e8vcs8._.js:776
[  320187ms] [LOG] [Fast Refresh] done in 84ms @ http://localhost:3000/_next/static/chunks/node_modules_next_dist_1e8vcs8._.js:776
[  320230ms] [LOG] [Fast Refresh] done in 84ms @ http://localhost:3000/_next/static/chunks/node_modules_next_dist_1e8vcs8._.js:776
[  320286ms] [LOG] [Fast Refresh] done in 84ms @ http://localhost:3000/_next/static/chunks/node_modules_next_dist_1e8vcs8._.js:776
[  320337ms] [LOG] [Fast Refresh] done in 84ms @ http://localhost:3000/_next/static/chunks/node_modules_next_dist_1e8vcs8._.js:776
[  320376ms] [LOG] [Fast Refresh] done in 84ms @ http://localhost:3000/_next/static/chunks/node_modules_next_dist_1e8vcs8._.js:776
[  320427ms] [LOG] [Fast Refresh] done in 84ms @ http://localhost:3000/_next/static/chunks/node_modules_next_dist_1e8vcs8._.js:776
[  320478ms] [LOG] [Fast Refresh] done in 84ms @ http://localhost:3000/_next/static/chunks/node_modules_next_dist_1e8vcs8._.js:776
[  320536ms] [LOG] [Fast Refresh] done in 84ms @ http://localhost:3000/_next/static/chunks/node_modules_next_dist_1e8vcs8._.js:776
[  320580ms] [LOG] [Fast Refresh] done in 84ms @ http://localhost:3000/_next/static/chunks/node_modules_next_dist_1e8vcs8._.js:776
[  320622ms] [LOG] [Fast Refresh] done in 84ms @ http://localhost:3000/_next/static/chunks/node_modules_next_dist_1e8vcs8._.js:776
[  320668ms] [LOG] [Fast Refresh] done in 84ms @ http://localhost:3000/_next/static/chunks/node_modules_next_dist_1e8vcs8._.js:776
[  320713ms] [LOG] [Fast Refresh] done in 84ms @ http://localhost:3000/_next/static/chunks/node_modules_next_dist_1e8vcs8._.js:776
[  320759ms] [LOG] [Fast Refresh] done in 84ms @ http://localhost:3000/_next/static/chunks/node_modules_next_dist_1e8vcs8._.js:776
[  320810ms] [LOG] [Fast Refresh] done in 84ms @ http://localhost:3000/_next/static/chunks/node_modules_next_dist_1e8vcs8._.js:776
[  320859ms] [LOG] [Fast Refresh] done in 84ms @ http://localhost:3000/_next/static/chunks/node_modules_next_dist_1e8vcs8._.js:776
[  320925ms] [LOG] [Fast Refresh] done in 84ms @ http://localhost:3000/_next/static/chunks/node_modules_next_dist_1e8vcs8._.js:776
[  320978ms] [LOG] [Fast Refresh] done in 84ms @ http://localhost:3000/_next/static/chunks/node_modules_next_dist_1e8vcs8._.js:776
[  321022ms] [LOG] [Fast Refresh] done in 84ms @ http://localhost:3000/_next/static/chunks/node_modules_next_dist_1e8vcs8._.js:776
[  321072ms] [LOG] [Fast Refresh] done in 84ms @ http://localhost:3000/_next/static/chunks/node_modules_next_dist_1e8vcs8._.js:776
[  321120ms] [LOG] [Fast Refresh] done in 84ms @ http://localhost:3000/_next/static/chunks/node_modules_next_dist_1e8vcs8._.js:776
[  321170ms] [LOG] [Fast Refresh] done in 84ms @ http://localhost:3000/_next/static/chunks/node_modules_next_dist_1e8vcs8._.js:776
[  321220ms] [LOG] [Fast Refresh] done in 84ms @ http://localhost:3000/_next/static/chunks/node_modules_next_dist_1e8vcs8._.js:776
[  321261ms] [LOG] [Fast Refresh] done in 84ms @ http://localhost:3000/_next/static/chunks/node_modules_next_dist_1e8vcs8._.js:776
[  321303ms] [LOG] [Fast Refresh] done in 84ms @ http://localhost:3000/_next/static/chunks/node_modules_next_dist_1e8vcs8._.js:776
[  321360ms] [LOG] [Fast Refresh] done in 84ms @ http://localhost:3000/_next/static/chunks/node_modules_next_dist_1e8vcs8._.js:776
[  321406ms] [LOG] [Fast Refresh] done in 84ms @ http://localhost:3000/_next/static/chunks/node_modules_next_dist_1e8vcs8._.js:776
[  321470ms] [LOG] [Fast Refresh] done in 84ms @ http://localhost:3000/_next/static/chunks/node_modules_next_dist_1e8vcs8._.js:776
[  321520ms] [LOG] [Fast Refresh] done in 84ms @ http://localhost:3000/_next/static/chunks/node_modules_next_dist_1e8vcs8._.js:776
[  321570ms] [LOG] [Fast Refresh] done in 84ms @ http://localhost:3000/_next/static/chunks/node_modules_next_dist_1e8vcs8._.js:776
[  321621ms] [LOG] [Fast Refresh] done in 84ms @ http://localhost:3000/_next/static/chunks/node_modules_next_dist_1e8vcs8._.js:776
[  321677ms] [LOG] [Fast Refresh] done in 84ms @ http://localhost:3000/_next/static/chunks/node_modules_next_dist_1e8vcs8._.js:776
[  321718ms] [LOG] [Fast Refresh] done in 84ms @ http://localhost:3000/_next/static/chunks/node_modules_next_dist_1e8vcs8._.js:776
[  321760ms] [LOG] [Fast Refresh] done in 84ms @ http://localhost:3000/_next/static/chunks/node_modules_next_dist_1e8vcs8._.js:776
[  321808ms] [LOG] [Fast Refresh] done in 84ms @ http://localhost:3000/_next/static/chunks/node_modules_next_dist_1e8vcs8._.js:776
[  321858ms] [LOG] [Fast Refresh] done in 84ms @ http://localhost:3000/_next/static/chunks/node_modules_next_dist_1e8vcs8._.js:776
[  321911ms] [LOG] [Fast Refresh] done in 84ms @ http://localhost:3000/_next/static/chunks/node_modules_next_dist_1e8vcs8._.js:776
[  321974ms] [LOG] [Fast Refresh] done in 84ms @ http://localhost:3000/_next/static/chunks/node_modules_next_dist_1e8vcs8._.js:776
[  322027ms] [LOG] [Fast Refresh] done in 84ms @ http://localhost:3000/_next/static/chunks/node_modules_next_dist_1e8vcs8._.js:776
[  322078ms] [LOG] [Fast Refresh] done in 84ms @ http://localhost:3000/_next/static/chunks/node_modules_next_dist_1e8vcs8._.js:776
[  322123ms] [LOG] [Fast Refresh] done in 84ms @ http://localhost:3000/_next/static/chunks/node_modules_next_dist_1e8vcs8._.js:776
[  322177ms] [LOG] [Fast Refresh] done in 84ms @ http://localhost:3000/_next/static/chunks/node_modules_next_dist_1e8vcs8._.js:776
[  322219ms] [LOG] [Fast Refresh] done in 84ms @ http://localhost:3000/_next/static/chunks/node_modules_next_dist_1e8vcs8._.js:776
[  322268ms] [LOG] [Fast Refresh] done in 84ms @ http://localhost:3000/_next/static/chunks/node_modules_next_dist_1e8vcs8._.js:776
[  322319ms] [LOG] [Fast Refresh] done in 84ms @ http://localhost:3000/_next/static/chunks/node_modules_next_dist_1e8vcs8._.js:776
[  322369ms] [LOG] [Fast Refresh] done in 84ms @ http://localhost:3000/_next/static/chunks/node_modules_next_dist_1e8vcs8._.js:776
[  322419ms] [LOG] [Fast Refresh] done in 84ms @ http://localhost:3000/_next/static/chunks/node_modules_next_dist_1e8vcs8._.js:776
[  322469ms] [LOG] [Fast Refresh] done in 84ms @ http://localhost:3000/_next/static/chunks/node_modules_next_dist_1e8vcs8._.js:776
[  322519ms] [LOG] [Fast Refresh] done in 84ms @ http://localhost:3000/_next/static/chunks/node_modules_next_dist_1e8vcs8._.js:776
[  322569ms] [LOG] [Fast Refresh] done in 84ms @ http://localhost:3000/_next/static/chunks/node_modules_next_dist_1e8vcs8._.js:776
[  322608ms] [LOG] [Fast Refresh] done in 84ms @ http://localhost:3000/_next/static/chunks/node_modules_next_dist_1e8vcs8._.js:776
[  322656ms] [LOG] [Fast Refresh] done in 84ms @ http://localhost:3000/_next/static/chunks/node_modules_next_dist_1e8vcs8._.js:776
[  322708ms] [LOG] [Fast Refresh] done in 84ms @ http://localhost:3000/_next/static/chunks/node_modules_next_dist_1e8vcs8._.js:776
[  322758ms] [LOG] [Fast Refresh] done in 84ms @ http://localhost:3000/_next/static/chunks/node_modules_next_dist_1e8vcs8._.js:776
[  322803ms] [LOG] [Fast Refresh] done in 84ms @ http://localhost:3000/_next/static/chunks/node_modules_next_dist_1e8vcs8._.js:776
[  322851ms] [LOG] [Fast Refresh] done in 84ms @ http://localhost:3000/_next/static/chunks/node_modules_next_dist_1e8vcs8._.js:776
[  322901ms] [LOG] [Fast Refresh] done in 84ms @ http://localhost:3000/_next/static/chunks/node_modules_next_dist_1e8vcs8._.js:776
[  322971ms] [LOG] [Fast Refresh] done in 84ms @ http://localhost:3000/_next/static/chunks/node_modules_next_dist_1e8vcs8._.js:776
[  323028ms] [LOG] [Fast Refresh] done in 84ms @ http://localhost:3000/_next/static/chunks/node_modules_next_dist_1e8vcs8._.js:776
[  323084ms] [LOG] [Fast Refresh] done in 84ms @ http://localhost:3000/_next/static/chunks/node_modules_next_dist_1e8vcs8._.js:776
[  323135ms] [LOG] [Fast Refresh] done in 84ms @ http://localhost:3000/_next/static/chunks/node_modules_next_dist_1e8vcs8._.js:776
[  323189ms] [LOG] [Fast Refresh] done in 84ms @ http://localhost:3000/_next/static/chunks/node_modules_next_dist_1e8vcs8._.js:776
[  323238ms] [LOG] [Fast Refresh] done in 84ms @ http://localhost:3000/_next/static/chunks/node_modules_next_dist_1e8vcs8._.js:776
[  323288ms] [LOG] [Fast Refresh] done in 84ms @ http://localhost:3000/_next/static/chunks/node_modules_next_dist_1e8vcs8._.js:776
[  323338ms] [LOG] [Fast Refresh] done in 84ms @ http://localhost:3000/_next/static/chunks/node_modules_next_dist_1e8vcs8._.js:776
[  323453ms] [LOG] [Fast Refresh] done in 84ms @ http://localhost:3000/_next/static/chunks/node_modules_next_dist_1e8vcs8._.js:776
[  323507ms] [LOG] [Fast Refresh] done in 84ms @ http://localhost:3000/_next/static/chunks/node_modules_next_dist_1e8vcs8._.js:776
[  323558ms] [LOG] [Fast Refresh] done in 84ms @ http://localhost:3000/_next/static/chunks/node_modules_next_dist_1e8vcs8._.js:776
[  323619ms] [LOG] [Fast Refresh] done in 84ms @ http://localhost:3000/_next/static/chunks/node_modules_next_dist_1e8vcs8._.js:776
[  323657ms] [LOG] [Fast Refresh] done in 84ms @ http://localhost:3000/_next/static/chunks/node_modules_next_dist_1e8vcs8._.js:776
[  323706ms] [LOG] [Fast Refresh] done in 84ms @ http://localhost:3000/_next/static/chunks/node_modules_next_dist_1e8vcs8._.js:776
[  340510ms] [LOG] [Fast Refresh] rebuilding @ http://localhost:3000/_next/static/chunks/node_modules_next_dist_1e8vcs8._.js:776
[  340578ms] [ERROR] ./app/onboarding/page.tsx:204:13
Error: Expression expected
  202 |                 </div>
  203 |               </div>
> 204 |             </PantallaFunnel>
      |             ^
  205 |           )}
  206 |
  207 |           {paso === 'reconocimiento' && (

Parsing ecmascript source code failed

Import traces:
  Client Component Browser:
    ./app/onboarding/page.tsx [Client Component Browser]
    ./app/onboarding/page.tsx [Server Component]

  Client Component SSR:
    ./app/onboarding/page.tsx [Client Component SSR]
    ./app/onboarding/page.tsx [Server Component] @ http://localhost:3000/_next/static/chunks/node_modules_next_dist_1e8vcs8._.js:1052
[  340592ms] [ERROR] ./app/onboarding/page.tsx:204:14
Error: Unterminated regexp literal
  202 |                 </div>
  203 |               </div>
> 204 |             </PantallaFunnel>
      |              ^^^^^^^^^^^^^^^^
  205 |           )}
  206 |
  207 |           {paso === 'reconocimiento' && (

Parsing ecmascript source code failed

Import traces:
  Client Component Browser:
    ./app/onboarding/page.tsx [Client Component Browser]
    ./app/onboarding/page.tsx [Server Component]

  Client Component SSR:
    ./app/onboarding/page.tsx [Client Component SSR]
    ./app/onboarding/page.tsx [Server Component] @ http://localhost:3000/_next/static/chunks/node_modules_next_dist_1e8vcs8._.js:1052
[  340673ms] [ERROR] ./app/onboarding/page.tsx:204:13
Error: Expression expected
  202 |                 </div>
  203 |               </div>
> 204 |             </PantallaFunnel>
      |             ^
  205 |           )}
  206 |
  207 |           {paso === 'reconocimiento' && (

Parsing ecmascript source code failed

Import traces:
  Client Component Browser:
    ./app/onboarding/page.tsx [Client Component Browser]
    ./app/onboarding/page.tsx [Server Component]

  Client Component SSR:
    ./app/onboarding/page.tsx [Client Component SSR]
    ./app/onboarding/page.tsx [Server Component] @ http://localhost:3000/_next/static/chunks/node_modules_next_dist_1e8vcs8._.js:1052
[  340674ms] [ERROR] ./app/onboarding/page.tsx:204:14
Error: Unterminated regexp literal
  202 |                 </div>
  203 |               </div>
> 204 |             </PantallaFunnel>
      |              ^^^^^^^^^^^^^^^^
  205 |           )}
  206 |
  207 |           {paso === 'reconocimiento' && (

Parsing ecmascript source code failed

Import traces:
  Client Component Browser:
    ./app/onboarding/page.tsx [Client Component Browser]
    ./app/onboarding/page.tsx [Server Component]

  Client Component SSR:
    ./app/onboarding/page.tsx [Client Component SSR]
    ./app/onboarding/page.tsx [Server Component] @ http://localhost:3000/_next/static/chunks/node_modules_next_dist_1e8vcs8._.js:1052
[  340736ms] [ERROR] ./app/onboarding/page.tsx:204:13
Error: Expression expected
  202 |                 </div>
  203 |               </div>
> 204 |             </PantallaFunnel>
      |             ^
  205 |           )}
  206 |
  207 |           {paso === 'reconocimiento' && (

Parsing ecmascript source code failed

Import traces:
  Client Component Browser:
    ./app/onboarding/page.tsx [Client Component Browser]
    ./app/onboarding/page.tsx [Server Component]

  Client Component SSR:
    ./app/onboarding/page.tsx [Client Component SSR]
    ./app/onboarding/page.tsx [Server Component] @ http://localhost:3000/_next/static/chunks/node_modules_next_dist_1e8vcs8._.js:1052
[  340736ms] [ERROR] ./app/onboarding/page.tsx:204:14
Error: Unterminated regexp literal
  202 |                 </div>
  203 |               </div>
> 204 |             </PantallaFunnel>
      |              ^^^^^^^^^^^^^^^^
  205 |           )}
  206 |
  207 |           {paso === 'reconocimiento' && (

Parsing ecmascript source code failed

Import traces:
  Client Component Browser:
    ./app/onboarding/page.tsx [Client Component Browser]
    ./app/onboarding/page.tsx [Server Component]

  Client Component SSR:
    ./app/onboarding/page.tsx [Client Component SSR]
    ./app/onboarding/page.tsx [Server Component] @ http://localhost:3000/_next/static/chunks/node_modules_next_dist_1e8vcs8._.js:1052
[  340793ms] [ERROR] ./app/onboarding/page.tsx:204:13
Error: Expression expected
  202 |                 </div>
  203 |               </div>
> 204 |             </PantallaFunnel>
      |             ^
  205 |           )}
  206 |
  207 |           {paso === 'reconocimiento' && (

Parsing ecmascript source code failed

Import traces:
  Client Component Browser:
    ./app/onboarding/page.tsx [Client Component Browser]
    ./app/onboarding/page.tsx [Server Component]

  Client Component SSR:
    ./app/onboarding/page.tsx [Client Component SSR]
    ./app/onboarding/page.tsx [Server Component] @ http://localhost:3000/_next/static/chunks/node_modules_next_dist_1e8vcs8._.js:1052
[  340795ms] [ERROR] ./app/onboarding/page.tsx:204:14
Error: Unterminated regexp literal
  202 |                 </div>
  203 |               </div>
> 204 |             </PantallaFunnel>
      |              ^^^^^^^^^^^^^^^^
  205 |           )}
  206 |
  207 |           {paso === 'reconocimiento' && (

Parsing ecmascript source code failed

Import traces:
  Client Component Browser:
    ./app/onboarding/page.tsx [Client Component Browser]
    ./app/onboarding/page.tsx [Server Component]

  Client Component SSR:
    ./app/onboarding/page.tsx [Client Component SSR]
    ./app/onboarding/page.tsx [Server Component] @ http://localhost:3000/_next/static/chunks/node_modules_next_dist_1e8vcs8._.js:1052
[  340853ms] [ERROR] ./app/onboarding/page.tsx:204:13
Error: Expression expected
  202 |                 </div>
  203 |               </div>
> 204 |             </PantallaFunnel>
      |             ^
  205 |           )}
  206 |
  207 |           {paso === 'reconocimiento' && (

Parsing ecmascript source code failed

Import traces:
  Client Component Browser:
    ./app/onboarding/page.tsx [Client Component Browser]
    ./app/onboarding/page.tsx [Server Component]

  Client Component SSR:
    ./app/onboarding/page.tsx [Client Component SSR]
    ./app/onboarding/page.tsx [Server Component] @ http://localhost:3000/_next/static/chunks/node_modules_next_dist_1e8vcs8._.js:1052
[  340857ms] [ERROR] ./app/onboarding/page.tsx:204:14
Error: Unterminated regexp literal
  202 |                 </div>
  203 |               </div>
> 204 |             </PantallaFunnel>
      |              ^^^^^^^^^^^^^^^^
  205 |           )}
  206 |
  207 |           {paso === 'reconocimiento' && (

Parsing ecmascript source code failed

Import traces:
  Client Component Browser:
    ./app/onboarding/page.tsx [Client Component Browser]
    ./app/onboarding/page.tsx [Server Component]

  Client Component SSR:
    ./app/onboarding/page.tsx [Client Component SSR]
    ./app/onboarding/page.tsx [Server Component] @ http://localhost:3000/_next/static/chunks/node_modules_next_dist_1e8vcs8._.js:1052
[  340919ms] [ERROR] ./app/onboarding/page.tsx:204:13
Error: Expression expected
  202 |                 </div>
  203 |               </div>
> 204 |             </PantallaFunnel>
      |             ^
  205 |           )}
  206 |
  207 |           {paso === 'reconocimiento' && (

Parsing ecmascript source code failed

Import traces:
  Client Component Browser:
    ./app/onboarding/page.tsx [Client Component Browser]
    ./app/onboarding/page.tsx [Server Component]

  Client Component SSR:
    ./app/onboarding/page.tsx [Client Component SSR]
    ./app/onboarding/page.tsx [Server Component] @ http://localhost:3000/_next/static/chunks/node_modules_next_dist_1e8vcs8._.js:1052
[  340920ms] [ERROR] ./app/onboarding/page.tsx:204:14
Error: Unterminated regexp literal
  202 |                 </div>
  203 |               </div>
> 204 |             </PantallaFunnel>
      |              ^^^^^^^^^^^^^^^^
  205 |           )}
  206 |
  207 |           {paso === 'reconocimiento' && (

Parsing ecmascript source code failed

Import traces:
  Client Component Browser:
    ./app/onboarding/page.tsx [Client Component Browser]
    ./app/onboarding/page.tsx [Server Component]

  Client Component SSR:
    ./app/onboarding/page.tsx [Client Component SSR]
    ./app/onboarding/page.tsx [Server Component] @ http://localhost:3000/_next/static/chunks/node_modules_next_dist_1e8vcs8._.js:1052
[  340970ms] [ERROR] ./app/onboarding/page.tsx:204:13
Error: Expression expected
  202 |                 </div>
  203 |               </div>
> 204 |             </PantallaFunnel>
      |             ^
  205 |           )}
  206 |
  207 |           {paso === 'reconocimiento' && (

Parsing ecmascript source code failed

Import traces:
  Client Component Browser:
    ./app/onboarding/page.tsx [Client Component Browser]
    ./app/onboarding/page.tsx [Server Component]

  Client Component SSR:
    ./app/onboarding/page.tsx [Client Component SSR]
    ./app/onboarding/page.tsx [Server Component] @ http://localhost:3000/_next/static/chunks/node_modules_next_dist_1e8vcs8._.js:1052
[  340971ms] [ERROR] ./app/onboarding/page.tsx:204:14
Error: Unterminated regexp literal
  202 |                 </div>
  203 |               </div>
> 204 |             </PantallaFunnel>
      |              ^^^^^^^^^^^^^^^^
  205 |           )}
  206 |
  207 |           {paso === 'reconocimiento' && (

Parsing ecmascript source code failed

Import traces:
  Client Component Browser:
    ./app/onboarding/page.tsx [Client Component Browser]
    ./app/onboarding/page.tsx [Server Component]

  Client Component SSR:
    ./app/onboarding/page.tsx [Client Component SSR]
    ./app/onboarding/page.tsx [Server Component] @ http://localhost:3000/_next/static/chunks/node_modules_next_dist_1e8vcs8._.js:1052
[  341021ms] [ERROR] ./app/onboarding/page.tsx:204:13
Error: Expression expected
  202 |                 </div>
  203 |               </div>
> 204 |             </PantallaFunnel>
      |             ^
  205 |           )}
  206 |
  207 |           {paso === 'reconocimiento' && (

Parsing ecmascript source code failed

Import traces:
  Client Component Browser:
    ./app/onboarding/page.tsx [Client Component Browser]
    ./app/onboarding/page.tsx [Server Component]

  Client Component SSR:
    ./app/onboarding/page.tsx [Client Component SSR]
    ./app/onboarding/page.tsx [Server Component] @ http://localhost:3000/_next/static/chunks/node_modules_next_dist_1e8vcs8._.js:1052
[  341021ms] [ERROR] ./app/onboarding/page.tsx:204:14
Error: Unterminated regexp literal
  202 |                 </div>
  203 |               </div>
> 204 |             </PantallaFunnel>
      |              ^^^^^^^^^^^^^^^^
  205 |           )}
  206 |
  207 |           {paso === 'reconocimiento' && (

Parsing ecmascript source code failed

Import traces:
  Client Component Browser:
    ./app/onboarding/page.tsx [Client Component Browser]
    ./app/onboarding/page.tsx [Server Component]

  Client Component SSR:
    ./app/onboarding/page.tsx [Client Component SSR]
    ./app/onboarding/page.tsx [Server Component] @ http://localhost:3000/_next/static/chunks/node_modules_next_dist_1e8vcs8._.js:1052
[  341072ms] [ERROR] ./app/onboarding/page.tsx:204:13
Error: Expression expected
  202 |                 </div>
  203 |               </div>
> 204 |             </PantallaFunnel>
      |             ^
  205 |           )}
  206 |
  207 |           {paso === 'reconocimiento' && (

Parsing ecmascript source code failed

Import traces:
  Client Component Browser:
    ./app/onboarding/page.tsx [Client Component Browser]
    ./app/onboarding/page.tsx [Server Component]

  Client Component SSR:
    ./app/onboarding/page.tsx [Client Component SSR]
    ./app/onboarding/page.tsx [Server Component] @ http://localhost:3000/_next/static/chunks/node_modules_next_dist_1e8vcs8._.js:1052
[  341072ms] [ERROR] ./app/onboarding/page.tsx:204:14
Error: Unterminated regexp literal
  202 |                 </div>
  203 |               </div>
> 204 |             </PantallaFunnel>
      |              ^^^^^^^^^^^^^^^^
  205 |           )}
  206 |
  207 |           {paso === 'reconocimiento' && (

Parsing ecmascript source code failed

Import traces:
  Client Component Browser:
    ./app/onboarding/page.tsx [Client Component Browser]
    ./app/onboarding/page.tsx [Server Component]

  Client Component SSR:
    ./app/onboarding/page.tsx [Client Component SSR]
    ./app/onboarding/page.tsx [Server Component] @ http://localhost:3000/_next/static/chunks/node_modules_next_dist_1e8vcs8._.js:1052
[  341127ms] [ERROR] ./app/onboarding/page.tsx:204:13
Error: Expression expected
  202 |                 </div>
  203 |               </div>
> 204 |             </PantallaFunnel>
      |             ^
  205 |           )}
  206 |
  207 |           {paso === 'reconocimiento' && (

Parsing ecmascript source code failed

Import traces:
  Client Component Browser:
    ./app/onboarding/page.tsx [Client Component Browser]
    ./app/onboarding/page.tsx [Server Component]

  Client Component SSR:
    ./app/onboarding/page.tsx [Client Component SSR]
    ./app/onboarding/page.tsx [Server Component] @ http://localhost:3000/_next/static/chunks/node_modules_next_dist_1e8vcs8._.js:1052
[  341128ms] [ERROR] ./app/onboarding/page.tsx:204:14
Error: Unterminated regexp literal
  202 |                 </div>
  203 |               </div>
> 204 |             </PantallaFunnel>
      |              ^^^^^^^^^^^^^^^^
  205 |           )}
  206 |
  207 |           {paso === 'reconocimiento' && (

Parsing ecmascript source code failed

Import traces:
  Client Component Browser:
    ./app/onboarding/page.tsx [Client Component Browser]
    ./app/onboarding/page.tsx [Server Component]

  Client Component SSR:
    ./app/onboarding/page.tsx [Client Component SSR]
    ./app/onboarding/page.tsx [Server Component] @ http://localhost:3000/_next/static/chunks/node_modules_next_dist_1e8vcs8._.js:1052
[  341192ms] [ERROR] ./app/onboarding/page.tsx:204:13
Error: Expression expected
  202 |                 </div>
  203 |               </div>
> 204 |             </PantallaFunnel>
      |             ^
  205 |           )}
  206 |
  207 |           {paso === 'reconocimiento' && (

Parsing ecmascript source code failed

Import traces:
  Client Component Browser:
    ./app/onboarding/page.tsx [Client Component Browser]
    ./app/onboarding/page.tsx [Server Component]

  Client Component SSR:
    ./app/onboarding/page.tsx [Client Component SSR]
    ./app/onboarding/page.tsx [Server Component] @ http://localhost:3000/_next/static/chunks/node_modules_next_dist_1e8vcs8._.js:1052
[  341193ms] [ERROR] ./app/onboarding/page.tsx:204:14
Error: Unterminated regexp literal
  202 |                 </div>
  203 |               </div>
> 204 |             </PantallaFunnel>
      |              ^^^^^^^^^^^^^^^^
  205 |           )}
  206 |
  207 |           {paso === 'reconocimiento' && (

Parsing ecmascript source code failed

Import traces:
  Client Component Browser:
    ./app/onboarding/page.tsx [Client Component Browser]
    ./app/onboarding/page.tsx [Server Component]

  Client Component SSR:
    ./app/onboarding/page.tsx [Client Component SSR]
    ./app/onboarding/page.tsx [Server Component] @ http://localhost:3000/_next/static/chunks/node_modules_next_dist_1e8vcs8._.js:1052
[  341251ms] [ERROR] ./app/onboarding/page.tsx:204:13
Error: Expression expected
  202 |                 </div>
  203 |               </div>
> 204 |             </PantallaFunnel>
      |             ^
  205 |           )}
  206 |
  207 |           {paso === 'reconocimiento' && (

Parsing ecmascript source code failed

Import traces:
  Client Component Browser:
    ./app/onboarding/page.tsx [Client Component Browser]
    ./app/onboarding/page.tsx [Server Component]

  Client Component SSR:
    ./app/onboarding/page.tsx [Client Component SSR]
    ./app/onboarding/page.tsx [Server Component] @ http://localhost:3000/_next/static/chunks/node_modules_next_dist_1e8vcs8._.js:1052
[  341251ms] [ERROR] ./app/onboarding/page.tsx:204:14
Error: Unterminated regexp literal
  202 |                 </div>
  203 |               </div>
> 204 |             </PantallaFunnel>
      |              ^^^^^^^^^^^^^^^^
  205 |           )}
  206 |
  207 |           {paso === 'reconocimiento' && (

Parsing ecmascript source code failed

Import traces:
  Client Component Browser:
    ./app/onboarding/page.tsx [Client Component Browser]
    ./app/onboarding/page.tsx [Server Component]

  Client Component SSR:
    ./app/onboarding/page.tsx [Client Component SSR]
    ./app/onboarding/page.tsx [Server Component] @ http://localhost:3000/_next/static/chunks/node_modules_next_dist_1e8vcs8._.js:1052
[  341309ms] [ERROR] ./app/onboarding/page.tsx:204:13
Error: Expression expected
  202 |                 </div>
  203 |               </div>
> 204 |             </PantallaFunnel>
      |             ^
  205 |           )}
  206 |
  207 |           {paso === 'reconocimiento' && (

Parsing ecmascript source code failed

Import traces:
  Client Component Browser:
    ./app/onboarding/page.tsx [Client Component Browser]
    ./app/onboarding/page.tsx [Server Component]

  Client Component SSR:
    ./app/onboarding/page.tsx [Client Component SSR]
    ./app/onboarding/page.tsx [Server Component] @ http://localhost:3000/_next/static/chunks/node_modules_next_dist_1e8vcs8._.js:1052
[  341310ms] [ERROR] ./app/onboarding/page.tsx:204:14
Error: Unterminated regexp literal
  202 |                 </div>
  203 |               </div>
> 204 |             </PantallaFunnel>
      |              ^^^^^^^^^^^^^^^^
  205 |           )}
  206 |
  207 |           {paso === 'reconocimiento' && (

Parsing ecmascript source code failed

Import traces:
  Client Component Browser:
    ./app/onboarding/page.tsx [Client Component Browser]
    ./app/onboarding/page.tsx [Server Component]

  Client Component SSR:
    ./app/onboarding/page.tsx [Client Component SSR]
    ./app/onboarding/page.tsx [Server Component] @ http://localhost:3000/_next/static/chunks/node_modules_next_dist_1e8vcs8._.js:1052
[  341372ms] [ERROR] ./app/onboarding/page.tsx:204:13
Error: Expression expected
  202 |                 </div>
  203 |               </div>
> 204 |             </PantallaFunnel>
      |             ^
  205 |           )}
  206 |
  207 |           {paso === 'reconocimiento' && (

Parsing ecmascript source code failed

Import traces:
  Client Component Browser:
    ./app/onboarding/page.tsx [Client Component Browser]
    ./app/onboarding/page.tsx [Server Component]

  Client Component SSR:
    ./app/onboarding/page.tsx [Client Component SSR]
    ./app/onboarding/page.tsx [Server Component] @ http://localhost:3000/_next/static/chunks/node_modules_next_dist_1e8vcs8._.js:1052
[  341373ms] [ERROR] ./app/onboarding/page.tsx:204:14
Error: Unterminated regexp literal
  202 |                 </div>
  203 |               </div>
> 204 |             </PantallaFunnel>
      |              ^^^^^^^^^^^^^^^^
  205 |           )}
  206 |
  207 |           {paso === 'reconocimiento' && (

Parsing ecmascript source code failed

Import traces:
  Client Component Browser:
    ./app/onboarding/page.tsx [Client Component Browser]
    ./app/onboarding/page.tsx [Server Component]

  Client Component SSR:
    ./app/onboarding/page.tsx [Client Component SSR]
    ./app/onboarding/page.tsx [Server Component] @ http://localhost:3000/_next/static/chunks/node_modules_next_dist_1e8vcs8._.js:1052
[  341420ms] [ERROR] ./app/onboarding/page.tsx:204:13
Error: Expression expected
  202 |                 </div>
  203 |               </div>
> 204 |             </PantallaFunnel>
      |             ^
  205 |           )}
  206 |
  207 |           {paso === 'reconocimiento' && (

Parsing ecmascript source code failed

Import traces:
  Client Component Browser:
    ./app/onboarding/page.tsx [Client Component Browser]
    ./app/onboarding/page.tsx [Server Component]

  Client Component SSR:
    ./app/onboarding/page.tsx [Client Component SSR]
    ./app/onboarding/page.tsx [Server Component] @ http://localhost:3000/_next/static/chunks/node_modules_next_dist_1e8vcs8._.js:1052
[  341421ms] [ERROR] ./app/onboarding/page.tsx:204:14
Error: Unterminated regexp literal
  202 |                 </div>
  203 |               </div>
> 204 |             </PantallaFunnel>
      |              ^^^^^^^^^^^^^^^^
  205 |           )}
  206 |
  207 |           {paso === 'reconocimiento' && (

Parsing ecmascript source code failed

Import traces:
  Client Component Browser:
    ./app/onboarding/page.tsx [Client Component Browser]
    ./app/onboarding/page.tsx [Server Component]

  Client Component SSR:
    ./app/onboarding/page.tsx [Client Component SSR]
    ./app/onboarding/page.tsx [Server Component] @ http://localhost:3000/_next/static/chunks/node_modules_next_dist_1e8vcs8._.js:1052
[  341469ms] [ERROR] ./app/onboarding/page.tsx:204:13
Error: Expression expected
  202 |                 </div>
  203 |               </div>
> 204 |             </PantallaFunnel>
      |             ^
  205 |           )}
  206 |
  207 |           {paso === 'reconocimiento' && (

Parsing ecmascript source code failed

Import traces:
  Client Component Browser:
    ./app/onboarding/page.tsx [Client Component Browser]
    ./app/onboarding/page.tsx [Server Component]

  Client Component SSR:
    ./app/onboarding/page.tsx [Client Component SSR]
    ./app/onboarding/page.tsx [Server Component] @ http://localhost:3000/_next/static/chunks/node_modules_next_dist_1e8vcs8._.js:1052
[  341470ms] [ERROR] ./app/onboarding/page.tsx:204:14
Error: Unterminated regexp literal
  202 |                 </div>
  203 |               </div>
> 204 |             </PantallaFunnel>
      |              ^^^^^^^^^^^^^^^^
  205 |           )}
  206 |
  207 |           {paso === 'reconocimiento' && (

Parsing ecmascript source code failed

Import traces:
  Client Component Browser:
    ./app/onboarding/page.tsx [Client Component Browser]
    ./app/onboarding/page.tsx [Server Component]

  Client Component SSR:
    ./app/onboarding/page.tsx [Client Component SSR]
    ./app/onboarding/page.tsx [Server Component] @ http://localhost:3000/_next/static/chunks/node_modules_next_dist_1e8vcs8._.js:1052
[  341521ms] [ERROR] ./app/onboarding/page.tsx:204:13
Error: Expression expected
  202 |                 </div>
  203 |               </div>
> 204 |             </PantallaFunnel>
      |             ^
  205 |           )}
  206 |
  207 |           {paso === 'reconocimiento' && (

Parsing ecmascript source code failed

Import traces:
  Client Component Browser:
    ./app/onboarding/page.tsx [Client Component Browser]
    ./app/onboarding/page.tsx [Server Component]

  Client Component SSR:
    ./app/onboarding/page.tsx [Client Component SSR]
    ./app/onboarding/page.tsx [Server Component] @ http://localhost:3000/_next/static/chunks/node_modules_next_dist_1e8vcs8._.js:1052
[  341521ms] [ERROR] ./app/onboarding/page.tsx:204:14
Error: Unterminated regexp literal
  202 |                 </div>
  203 |               </div>
> 204 |             </PantallaFunnel>
      |              ^^^^^^^^^^^^^^^^
  205 |           )}
  206 |
  207 |           {paso === 'reconocimiento' && (

Parsing ecmascript source code failed

Import traces:
  Client Component Browser:
    ./app/onboarding/page.tsx [Client Component Browser]
    ./app/onboarding/page.tsx [Server Component]

  Client Component SSR:
    ./app/onboarding/page.tsx [Client Component SSR]
    ./app/onboarding/page.tsx [Server Component] @ http://localhost:3000/_next/static/chunks/node_modules_next_dist_1e8vcs8._.js:1052
[  341572ms] [ERROR] ./app/onboarding/page.tsx:204:13
Error: Expression expected
  202 |                 </div>
  203 |               </div>
> 204 |             </PantallaFunnel>
      |             ^
  205 |           )}
  206 |
  207 |           {paso === 'reconocimiento' && (

Parsing ecmascript source code failed

Import traces:
  Client Component Browser:
    ./app/onboarding/page.tsx [Client Component Browser]
    ./app/onboarding/page.tsx [Server Component]

  Client Component SSR:
    ./app/onboarding/page.tsx [Client Component SSR]
    ./app/onboarding/page.tsx [Server Component] @ http://localhost:3000/_next/static/chunks/node_modules_next_dist_1e8vcs8._.js:1052
[  341573ms] [ERROR] ./app/onboarding/page.tsx:204:14
Error: Unterminated regexp literal
  202 |                 </div>
  203 |               </div>
> 204 |             </PantallaFunnel>
      |              ^^^^^^^^^^^^^^^^
  205 |           )}
  206 |
  207 |           {paso === 'reconocimiento' && (

Parsing ecmascript source code failed

Import traces:
  Client Component Browser:
    ./app/onboarding/page.tsx [Client Component Browser]
    ./app/onboarding/page.tsx [Server Component]

  Client Component SSR:
    ./app/onboarding/page.tsx [Client Component SSR]
    ./app/onboarding/page.tsx [Server Component] @ http://localhost:3000/_next/static/chunks/node_modules_next_dist_1e8vcs8._.js:1052
[  341627ms] [ERROR] ./app/onboarding/page.tsx:204:13
Error: Expression expected
  202 |                 </div>
  203 |               </div>
> 204 |             </PantallaFunnel>
      |             ^
  205 |           )}
  206 |
  207 |           {paso === 'reconocimiento' && (

Parsing ecmascript source code failed

Import traces:
  Client Component Browser:
    ./app/onboarding/page.tsx [Client Component Browser]
    ./app/onboarding/page.tsx [Server Component]

  Client Component SSR:
    ./app/onboarding/page.tsx [Client Component SSR]
    ./app/onboarding/page.tsx [Server Component] @ http://localhost:3000/_next/static/chunks/node_modules_next_dist_1e8vcs8._.js:1052
[  341627ms] [ERROR] ./app/onboarding/page.tsx:204:14
Error: Unterminated regexp literal
  202 |                 </div>
  203 |               </div>
> 204 |             </PantallaFunnel>
      |              ^^^^^^^^^^^^^^^^
  205 |           )}
  206 |
  207 |           {paso === 'reconocimiento' && (

Parsing ecmascript source code failed

Import traces:
  Client Component Browser:
    ./app/onboarding/page.tsx [Client Component Browser]
    ./app/onboarding/page.tsx [Server Component]

  Client Component SSR:
    ./app/onboarding/page.tsx [Client Component SSR]
    ./app/onboarding/page.tsx [Server Component] @ http://localhost:3000/_next/static/chunks/node_modules_next_dist_1e8vcs8._.js:1052
[  341692ms] [ERROR] ./app/onboarding/page.tsx:204:13
Error: Expression expected
  202 |                 </div>
  203 |               </div>
> 204 |             </PantallaFunnel>
      |             ^
  205 |           )}
  206 |
  207 |           {paso === 'reconocimiento' && (

Parsing ecmascript source code failed

Import traces:
  Client Component Browser:
    ./app/onboarding/page.tsx [Client Component Browser]
    ./app/onboarding/page.tsx [Server Component]

  Client Component SSR:
    ./app/onboarding/page.tsx [Client Component SSR]
    ./app/onboarding/page.tsx [Server Component] @ http://localhost:3000/_next/static/chunks/node_modules_next_dist_1e8vcs8._.js:1052
[  341693ms] [ERROR] ./app/onboarding/page.tsx:204:14
Error: Unterminated regexp literal
  202 |                 </div>
  203 |               </div>
> 204 |             </PantallaFunnel>
      |              ^^^^^^^^^^^^^^^^
  205 |           )}
  206 |
  207 |           {paso === 'reconocimiento' && (

Parsing ecmascript source code failed

Import traces:
  Client Component Browser:
    ./app/onboarding/page.tsx [Client Component Browser]
    ./app/onboarding/page.tsx [Server Component]

  Client Component SSR:
    ./app/onboarding/page.tsx [Client Component SSR]
    ./app/onboarding/page.tsx [Server Component] @ http://localhost:3000/_next/static/chunks/node_modules_next_dist_1e8vcs8._.js:1052
[  341761ms] [ERROR] ./app/onboarding/page.tsx:204:13
Error: Expression expected
  202 |                 </div>
  203 |               </div>
> 204 |             </PantallaFunnel>
      |             ^
  205 |           )}
  206 |
  207 |           {paso === 'reconocimiento' && (

Parsing ecmascript source code failed

Import traces:
  Client Component Browser:
    ./app/onboarding/page.tsx [Client Component Browser]
    ./app/onboarding/page.tsx [Server Component]

  Client Component SSR:
    ./app/onboarding/page.tsx [Client Component SSR]
    ./app/onboarding/page.tsx [Server Component] @ http://localhost:3000/_next/static/chunks/node_modules_next_dist_1e8vcs8._.js:1052
[  341765ms] [ERROR] ./app/onboarding/page.tsx:204:14
Error: Unterminated regexp literal
  202 |                 </div>
  203 |               </div>
> 204 |             </PantallaFunnel>
      |              ^^^^^^^^^^^^^^^^
  205 |           )}
  206 |
  207 |           {paso === 'reconocimiento' && (

Parsing ecmascript source code failed

Import traces:
  Client Component Browser:
    ./app/onboarding/page.tsx [Client Component Browser]
    ./app/onboarding/page.tsx [Server Component]

  Client Component SSR:
    ./app/onboarding/page.tsx [Client Component SSR]
    ./app/onboarding/page.tsx [Server Component] @ http://localhost:3000/_next/static/chunks/node_modules_next_dist_1e8vcs8._.js:1052
[  341833ms] [ERROR] ./app/onboarding/page.tsx:204:13
Error: Expression expected
  202 |                 </div>
  203 |               </div>
> 204 |             </PantallaFunnel>
      |             ^
  205 |           )}
  206 |
  207 |           {paso === 'reconocimiento' && (

Parsing ecmascript source code failed

Import traces:
  Client Component Browser:
    ./app/onboarding/page.tsx [Client Component Browser]
    ./app/onboarding/page.tsx [Server Component]

  Client Component SSR:
    ./app/onboarding/page.tsx [Client Component SSR]
    ./app/onboarding/page.tsx [Server Component] @ http://localhost:3000/_next/static/chunks/node_modules_next_dist_1e8vcs8._.js:1052
[  341833ms] [ERROR] ./app/onboarding/page.tsx:204:14
Error: Unterminated regexp literal
  202 |                 </div>
  203 |               </div>
> 204 |             </PantallaFunnel>
      |              ^^^^^^^^^^^^^^^^
  205 |           )}
  206 |
  207 |           {paso === 'reconocimiento' && (

Parsing ecmascript source code failed

Import traces:
  Client Component Browser:
    ./app/onboarding/page.tsx [Client Component Browser]
    ./app/onboarding/page.tsx [Server Component]

  Client Component SSR:
    ./app/onboarding/page.tsx [Client Component SSR]
    ./app/onboarding/page.tsx [Server Component] @ http://localhost:3000/_next/static/chunks/node_modules_next_dist_1e8vcs8._.js:1052
[  341886ms] [ERROR] ./app/onboarding/page.tsx:204:13
Error: Expression expected
  202 |                 </div>
  203 |               </div>
> 204 |             </PantallaFunnel>
      |             ^
  205 |           )}
  206 |
  207 |           {paso === 'reconocimiento' && (

Parsing ecmascript source code failed

Import traces:
  Client Component Browser:
    ./app/onboarding/page.tsx [Client Component Browser]
    ./app/onboarding/page.tsx [Server Component]

  Client Component SSR:
    ./app/onboarding/page.tsx [Client Component SSR]
    ./app/onboarding/page.tsx [Server Component] @ http://localhost:3000/_next/static/chunks/node_modules_next_dist_1e8vcs8._.js:1052
[  341886ms] [ERROR] ./app/onboarding/page.tsx:204:14
Error: Unterminated regexp literal
  202 |                 </div>
  203 |               </div>
> 204 |             </PantallaFunnel>
      |              ^^^^^^^^^^^^^^^^
  205 |           )}
  206 |
  207 |           {paso === 'reconocimiento' && (

Parsing ecmascript source code failed

Import traces:
  Client Component Browser:
    ./app/onboarding/page.tsx [Client Component Browser]
    ./app/onboarding/page.tsx [Server Component]

  Client Component SSR:
    ./app/onboarding/page.tsx [Client Component SSR]
    ./app/onboarding/page.tsx [Server Component] @ http://localhost:3000/_next/static/chunks/node_modules_next_dist_1e8vcs8._.js:1052
[  341928ms] [ERROR] ./app/onboarding/page.tsx:204:13
Error: Expression expected
  202 |                 </div>
  203 |               </div>
> 204 |             </PantallaFunnel>
      |             ^
  205 |           )}
  206 |
  207 |           {paso === 'reconocimiento' && (

Parsing ecmascript source code failed

Import traces:
  Client Component Browser:
    ./app/onboarding/page.tsx [Client Component Browser]
    ./app/onboarding/page.tsx [Server Component]

  Client Component SSR:
    ./app/onboarding/page.tsx [Client Component SSR]
    ./app/onboarding/page.tsx [Server Component] @ http://localhost:3000/_next/static/chunks/node_modules_next_dist_1e8vcs8._.js:1052
[  341929ms] [ERROR] ./app/onboarding/page.tsx:204:14
Error: Unterminated regexp literal
  202 |                 </div>
  203 |               </div>
> 204 |             </PantallaFunnel>
      |              ^^^^^^^^^^^^^^^^
  205 |           )}
  206 |
  207 |           {paso === 'reconocimiento' && (

Parsing ecmascript source code failed

Import traces:
  Client Component Browser:
    ./app/onboarding/page.tsx [Client Component Browser]
    ./app/onboarding/page.tsx [Server Component]

  Client Component SSR:
    ./app/onboarding/page.tsx [Client Component SSR]
    ./app/onboarding/page.tsx [Server Component] @ http://localhost:3000/_next/static/chunks/node_modules_next_dist_1e8vcs8._.js:1052
[  341986ms] [ERROR] ./app/onboarding/page.tsx:204:13
Error: Expression expected
  202 |                 </div>
  203 |               </div>
> 204 |             </PantallaFunnel>
      |             ^
  205 |           )}
  206 |
  207 |           {paso === 'reconocimiento' && (

Parsing ecmascript source code failed

Import traces:
  Client Component Browser:
    ./app/onboarding/page.tsx [Client Component Browser]
    ./app/onboarding/page.tsx [Server Component]

  Client Component SSR:
    ./app/onboarding/page.tsx [Client Component SSR]
    ./app/onboarding/page.tsx [Server Component] @ http://localhost:3000/_next/static/chunks/node_modules_next_dist_1e8vcs8._.js:1052
[  341986ms] [ERROR] ./app/onboarding/page.tsx:204:14
Error: Unterminated regexp literal
  202 |                 </div>
  203 |               </div>
> 204 |             </PantallaFunnel>
      |              ^^^^^^^^^^^^^^^^
  205 |           )}
  206 |
  207 |           {paso === 'reconocimiento' && (

Parsing ecmascript source code failed

Import traces:
  Client Component Browser:
    ./app/onboarding/page.tsx [Client Component Browser]
    ./app/onboarding/page.tsx [Server Component]

  Client Component SSR:
    ./app/onboarding/page.tsx [Client Component SSR]
    ./app/onboarding/page.tsx [Server Component] @ http://localhost:3000/_next/static/chunks/node_modules_next_dist_1e8vcs8._.js:1052
[  342033ms] [ERROR] ./app/onboarding/page.tsx:204:13
Error: Expression expected
  202 |                 </div>
  203 |               </div>
> 204 |             </PantallaFunnel>
      |             ^
  205 |           )}
  206 |
  207 |           {paso === 'reconocimiento' && (

Parsing ecmascript source code failed

Import traces:
  Client Component Browser:
    ./app/onboarding/page.tsx [Client Component Browser]
    ./app/onboarding/page.tsx [Server Component]

  Client Component SSR:
    ./app/onboarding/page.tsx [Client Component SSR]
    ./app/onboarding/page.tsx [Server Component] @ http://localhost:3000/_next/static/chunks/node_modules_next_dist_1e8vcs8._.js:1052
[  342034ms] [ERROR] ./app/onboarding/page.tsx:204:14
Error: Unterminated regexp literal
  202 |                 </div>
  203 |               </div>
> 204 |             </PantallaFunnel>
      |              ^^^^^^^^^^^^^^^^
  205 |           )}
  206 |
  207 |           {paso === 'reconocimiento' && (

Parsing ecmascript source code failed

Import traces:
  Client Component Browser:
    ./app/onboarding/page.tsx [Client Component Browser]
    ./app/onboarding/page.tsx [Server Component]

  Client Component SSR:
    ./app/onboarding/page.tsx [Client Component SSR]
    ./app/onboarding/page.tsx [Server Component] @ http://localhost:3000/_next/static/chunks/node_modules_next_dist_1e8vcs8._.js:1052
[  342078ms] [ERROR] ./app/onboarding/page.tsx:204:13
Error: Expression expected
  202 |                 </div>
  203 |               </div>
> 204 |             </PantallaFunnel>
      |             ^
  205 |           )}
  206 |
  207 |           {paso === 'reconocimiento' && (

Parsing ecmascript source code failed

Import traces:
  Client Component Browser:
    ./app/onboarding/page.tsx [Client Component Browser]
    ./app/onboarding/page.tsx [Server Component]

  Client Component SSR:
    ./app/onboarding/page.tsx [Client Component SSR]
    ./app/onboarding/page.tsx [Server Component] @ http://localhost:3000/_next/static/chunks/node_modules_next_dist_1e8vcs8._.js:1052
[  342078ms] [ERROR] ./app/onboarding/page.tsx:204:14
Error: Unterminated regexp literal
  202 |                 </div>
  203 |               </div>
> 204 |             </PantallaFunnel>
      |              ^^^^^^^^^^^^^^^^
  205 |           )}
  206 |
  207 |           {paso === 'reconocimiento' && (

Parsing ecmascript source code failed

Import traces:
  Client Component Browser:
    ./app/onboarding/page.tsx [Client Component Browser]
    ./app/onboarding/page.tsx [Server Component]

  Client Component SSR:
    ./app/onboarding/page.tsx [Client Component SSR]
    ./app/onboarding/page.tsx [Server Component] @ http://localhost:3000/_next/static/chunks/node_modules_next_dist_1e8vcs8._.js:1052
[  342124ms] [ERROR] ./app/onboarding/page.tsx:204:13
Error: Expression expected
  202 |                 </div>
  203 |               </div>
> 204 |             </PantallaFunnel>
      |             ^
  205 |           )}
  206 |
  207 |           {paso === 'reconocimiento' && (

Parsing ecmascript source code failed

Import traces:
  Client Component Browser:
    ./app/onboarding/page.tsx [Client Component Browser]
    ./app/onboarding/page.tsx [Server Component]

  Client Component SSR:
    ./app/onboarding/page.tsx [Client Component SSR]
    ./app/onboarding/page.tsx [Server Component] @ http://localhost:3000/_next/static/chunks/node_modules_next_dist_1e8vcs8._.js:1052
[  342125ms] [ERROR] ./app/onboarding/page.tsx:204:14
Error: Unterminated regexp literal
  202 |                 </div>
  203 |               </div>
> 204 |             </PantallaFunnel>
      |              ^^^^^^^^^^^^^^^^
  205 |           )}
  206 |
  207 |           {paso === 'reconocimiento' && (

Parsing ecmascript source code failed

Import traces:
  Client Component Browser:
    ./app/onboarding/page.tsx [Client Component Browser]
    ./app/onboarding/page.tsx [Server Component]

  Client Component SSR:
    ./app/onboarding/page.tsx [Client Component SSR]
    ./app/onboarding/page.tsx [Server Component] @ http://localhost:3000/_next/static/chunks/node_modules_next_dist_1e8vcs8._.js:1052
[  342174ms] [ERROR] ./app/onboarding/page.tsx:204:13
Error: Expression expected
  202 |                 </div>
  203 |               </div>
> 204 |             </PantallaFunnel>
      |             ^
  205 |           )}
  206 |
  207 |           {paso === 'reconocimiento' && (

Parsing ecmascript source code failed

Import traces:
  Client Component Browser:
    ./app/onboarding/page.tsx [Client Component Browser]
    ./app/onboarding/page.tsx [Server Component]

  Client Component SSR:
    ./app/onboarding/page.tsx [Client Component SSR]
    ./app/onboarding/page.tsx [Server Component] @ http://localhost:3000/_next/static/chunks/node_modules_next_dist_1e8vcs8._.js:1052
[  342174ms] [ERROR] ./app/onboarding/page.tsx:204:14
Error: Unterminated regexp literal
  202 |                 </div>
  203 |               </div>
> 204 |             </PantallaFunnel>
      |              ^^^^^^^^^^^^^^^^
  205 |           )}
  206 |
  207 |           {paso === 'reconocimiento' && (

Parsing ecmascript source code failed

Import traces:
  Client Component Browser:
    ./app/onboarding/page.tsx [Client Component Browser]
    ./app/onboarding/page.tsx [Server Component]

  Client Component SSR:
    ./app/onboarding/page.tsx [Client Component SSR]
    ./app/onboarding/page.tsx [Server Component] @ http://localhost:3000/_next/static/chunks/node_modules_next_dist_1e8vcs8._.js:1052
[  342224ms] [ERROR] ./app/onboarding/page.tsx:204:13
Error: Expression expected
  202 |                 </div>
  203 |               </div>
> 204 |             </PantallaFunnel>
      |             ^
  205 |           )}
  206 |
  207 |           {paso === 'reconocimiento' && (

Parsing ecmascript source code failed

Import traces:
  Client Component Browser:
    ./app/onboarding/page.tsx [Client Component Browser]
    ./app/onboarding/page.tsx [Server Component]

  Client Component SSR:
    ./app/onboarding/page.tsx [Client Component SSR]
    ./app/onboarding/page.tsx [Server Component] @ http://localhost:3000/_next/static/chunks/node_modules_next_dist_1e8vcs8._.js:1052
[  342225ms] [ERROR] ./app/onboarding/page.tsx:204:14
Error: Unterminated regexp literal
  202 |                 </div>
  203 |               </div>
> 204 |             </PantallaFunnel>
      |              ^^^^^^^^^^^^^^^^
  205 |           )}
  206 |
  207 |           {paso === 'reconocimiento' && (

Parsing ecmascript source code failed

Import traces:
  Client Component Browser:
    ./app/onboarding/page.tsx [Client Component Browser]
    ./app/onboarding/page.tsx [Server Component]

  Client Component SSR:
    ./app/onboarding/page.tsx [Client Component SSR]
    ./app/onboarding/page.tsx [Server Component] @ http://localhost:3000/_next/static/chunks/node_modules_next_dist_1e8vcs8._.js:1052
[  342279ms] [ERROR] ./app/onboarding/page.tsx:204:13
Error: Expression expected
  202 |                 </div>
  203 |               </div>
> 204 |             </PantallaFunnel>
      |             ^
  205 |           )}
  206 |
  207 |           {paso === 'reconocimiento' && (

Parsing ecmascript source code failed

Import traces:
  Client Component Browser:
    ./app/onboarding/page.tsx [Client Component Browser]
    ./app/onboarding/page.tsx [Server Component]

  Client Component SSR:
    ./app/onboarding/page.tsx [Client Component SSR]
    ./app/onboarding/page.tsx [Server Component] @ http://localhost:3000/_next/static/chunks/node_modules_next_dist_1e8vcs8._.js:1052
[  342280ms] [ERROR] ./app/onboarding/page.tsx:204:14
Error: Unterminated regexp literal
  202 |                 </div>
  203 |               </div>
> 204 |             </PantallaFunnel>
      |              ^^^^^^^^^^^^^^^^
  205 |           )}
  206 |
  207 |           {paso === 'reconocimiento' && (

Parsing ecmascript source code failed

Import traces:
  Client Component Browser:
    ./app/onboarding/page.tsx [Client Component Browser]
    ./app/onboarding/page.tsx [Server Component]

  Client Component SSR:
    ./app/onboarding/page.tsx [Client Component SSR]
    ./app/onboarding/page.tsx [Server Component] @ http://localhost:3000/_next/static/chunks/node_modules_next_dist_1e8vcs8._.js:1052
[  342322ms] [ERROR] ./app/onboarding/page.tsx:204:13
Error: Expression expected
  202 |                 </div>
  203 |               </div>
> 204 |             </PantallaFunnel>
      |             ^
  205 |           )}
  206 |
  207 |           {paso === 'reconocimiento' && (

Parsing ecmascript source code failed

Import traces:
  Client Component Browser:
    ./app/onboarding/page.tsx [Client Component Browser]
    ./app/onboarding/page.tsx [Server Component]

  Client Component SSR:
    ./app/onboarding/page.tsx [Client Component SSR]
    ./app/onboarding/page.tsx [Server Component] @ http://localhost:3000/_next/static/chunks/node_modules_next_dist_1e8vcs8._.js:1052
[  342322ms] [ERROR] ./app/onboarding/page.tsx:204:14
Error: Unterminated regexp literal
  202 |                 </div>
  203 |               </div>
> 204 |             </PantallaFunnel>
      |              ^^^^^^^^^^^^^^^^
  205 |           )}
  206 |
  207 |           {paso === 'reconocimiento' && (

Parsing ecmascript source code failed

Import traces:
  Client Component Browser:
    ./app/onboarding/page.tsx [Client Component Browser]
    ./app/onboarding/page.tsx [Server Component]

  Client Component SSR:
    ./app/onboarding/page.tsx [Client Component SSR]
    ./app/onboarding/page.tsx [Server Component] @ http://localhost:3000/_next/static/chunks/node_modules_next_dist_1e8vcs8._.js:1052
[  342372ms] [ERROR] ./app/onboarding/page.tsx:204:13
Error: Expression expected
  202 |                 </div>
  203 |               </div>
> 204 |             </PantallaFunnel>
      |             ^
  205 |           )}
  206 |
  207 |           {paso === 'reconocimiento' && (

Parsing ecmascript source code failed

Import traces:
  Client Component Browser:
    ./app/onboarding/page.tsx [Client Component Browser]
    ./app/onboarding/page.tsx [Server Component]

  Client Component SSR:
    ./app/onboarding/page.tsx [Client Component SSR]
    ./app/onboarding/page.tsx [Server Component] @ http://localhost:3000/_next/static/chunks/node_modules_next_dist_1e8vcs8._.js:1052
[  342372ms] [ERROR] ./app/onboarding/page.tsx:204:14
Error: Unterminated regexp literal
  202 |                 </div>
  203 |               </div>
> 204 |             </PantallaFunnel>
      |              ^^^^^^^^^^^^^^^^
  205 |           )}
  206 |
  207 |           {paso === 'reconocimiento' && (

Parsing ecmascript source code failed

Import traces:
  Client Component Browser:
    ./app/onboarding/page.tsx [Client Component Browser]
    ./app/onboarding/page.tsx [Server Component]

  Client Component SSR:
    ./app/onboarding/page.tsx [Client Component SSR]
    ./app/onboarding/page.tsx [Server Component] @ http://localhost:3000/_next/static/chunks/node_modules_next_dist_1e8vcs8._.js:1052
[  342421ms] [ERROR] ./app/onboarding/page.tsx:204:13
Error: Expression expected
  202 |                 </div>
  203 |               </div>
> 204 |             </PantallaFunnel>
      |             ^
  205 |           )}
  206 |
  207 |           {paso === 'reconocimiento' && (

Parsing ecmascript source code failed

Import traces:
  Client Component Browser:
    ./app/onboarding/page.tsx [Client Component Browser]
    ./app/onboarding/page.tsx [Server Component]

  Client Component SSR:
    ./app/onboarding/page.tsx [Client Component SSR]
    ./app/onboarding/page.tsx [Server Component] @ http://localhost:3000/_next/static/chunks/node_modules_next_dist_1e8vcs8._.js:1052
[  342422ms] [ERROR] ./app/onboarding/page.tsx:204:14
Error: Unterminated regexp literal
  202 |                 </div>
  203 |               </div>
> 204 |             </PantallaFunnel>
      |              ^^^^^^^^^^^^^^^^
  205 |           )}
  206 |
  207 |           {paso === 'reconocimiento' && (

Parsing ecmascript source code failed

Import traces:
  Client Component Browser:
    ./app/onboarding/page.tsx [Client Component Browser]
    ./app/onboarding/page.tsx [Server Component]

  Client Component SSR:
    ./app/onboarding/page.tsx [Client Component SSR]
    ./app/onboarding/page.tsx [Server Component] @ http://localhost:3000/_next/static/chunks/node_modules_next_dist_1e8vcs8._.js:1052
[  342471ms] [ERROR] ./app/onboarding/page.tsx:204:13
Error: Expression expected
  202 |                 </div>
  203 |               </div>
> 204 |             </PantallaFunnel>
      |             ^
  205 |           )}
  206 |
  207 |           {paso === 'reconocimiento' && (

Parsing ecmascript source code failed

Import traces:
  Client Component Browser:
    ./app/onboarding/page.tsx [Client Component Browser]
    ./app/onboarding/page.tsx [Server Component]

  Client Component SSR:
    ./app/onboarding/page.tsx [Client Component SSR]
    ./app/onboarding/page.tsx [Server Component] @ http://localhost:3000/_next/static/chunks/node_modules_next_dist_1e8vcs8._.js:1052
[  342471ms] [ERROR] ./app/onboarding/page.tsx:204:14
Error: Unterminated regexp literal
  202 |                 </div>
  203 |               </div>
> 204 |             </PantallaFunnel>
      |              ^^^^^^^^^^^^^^^^
  205 |           )}
  206 |
  207 |           {paso === 'reconocimiento' && (

Parsing ecmascript source code failed

Import traces:
  Client Component Browser:
    ./app/onboarding/page.tsx [Client Component Browser]
    ./app/onboarding/page.tsx [Server Component]

  Client Component SSR:
    ./app/onboarding/page.tsx [Client Component SSR]
    ./app/onboarding/page.tsx [Server Component] @ http://localhost:3000/_next/static/chunks/node_modules_next_dist_1e8vcs8._.js:1052
[  342526ms] [ERROR] ./app/onboarding/page.tsx:204:13
Error: Expression expected
  202 |                 </div>
  203 |               </div>
> 204 |             </PantallaFunnel>
      |             ^
  205 |           )}
  206 |
  207 |           {paso === 'reconocimiento' && (

Parsing ecmascript source code failed

Import traces:
  Client Component Browser:
    ./app/onboarding/page.tsx [Client Component Browser]
    ./app/onboarding/page.tsx [Server Component]

  Client Component SSR:
    ./app/onboarding/page.tsx [Client Component SSR]
    ./app/onboarding/page.tsx [Server Component] @ http://localhost:3000/_next/static/chunks/node_modules_next_dist_1e8vcs8._.js:1052
[  342527ms] [ERROR] ./app/onboarding/page.tsx:204:14
Error: Unterminated regexp literal
  202 |                 </div>
  203 |               </div>
> 204 |             </PantallaFunnel>
      |              ^^^^^^^^^^^^^^^^
  205 |           )}
  206 |
  207 |           {paso === 'reconocimiento' && (

Parsing ecmascript source code failed

Import traces:
  Client Component Browser:
    ./app/onboarding/page.tsx [Client Component Browser]
    ./app/onboarding/page.tsx [Server Component]

  Client Component SSR:
    ./app/onboarding/page.tsx [Client Component SSR]
    ./app/onboarding/page.tsx [Server Component] @ http://localhost:3000/_next/static/chunks/node_modules_next_dist_1e8vcs8._.js:1052
[  342569ms] [ERROR] ./app/onboarding/page.tsx:204:13
Error: Expression expected
  202 |                 </div>
  203 |               </div>
> 204 |             </PantallaFunnel>
      |             ^
  205 |           )}
  206 |
  207 |           {paso === 'reconocimiento' && (

Parsing ecmascript source code failed

Import traces:
  Client Component Browser:
    ./app/onboarding/page.tsx [Client Component Browser]
    ./app/onboarding/page.tsx [Server Component]

  Client Component SSR:
    ./app/onboarding/page.tsx [Client Component SSR]
    ./app/onboarding/page.tsx [Server Component] @ http://localhost:3000/_next/static/chunks/node_modules_next_dist_1e8vcs8._.js:1052
[  342569ms] [ERROR] ./app/onboarding/page.tsx:204:14
Error: Unterminated regexp literal
  202 |                 </div>
  203 |               </div>
> 204 |             </PantallaFunnel>
      |              ^^^^^^^^^^^^^^^^
  205 |           )}
  206 |
  207 |           {paso === 'reconocimiento' && (

Parsing ecmascript source code failed

Import traces:
  Client Component Browser:
    ./app/onboarding/page.tsx [Client Component Browser]
    ./app/onboarding/page.tsx [Server Component]

  Client Component SSR:
    ./app/onboarding/page.tsx [Client Component SSR]
    ./app/onboarding/page.tsx [Server Component] @ http://localhost:3000/_next/static/chunks/node_modules_next_dist_1e8vcs8._.js:1052
[  342619ms] [ERROR] ./app/onboarding/page.tsx:204:13
Error: Expression expected
  202 |                 </div>
  203 |               </div>
> 204 |             </PantallaFunnel>
      |             ^
  205 |           )}
  206 |
  207 |           {paso === 'reconocimiento' && (

Parsing ecmascript source code failed

Import traces:
  Client Component Browser:
    ./app/onboarding/page.tsx [Client Component Browser]
    ./app/onboarding/page.tsx [Server Component]

  Client Component SSR:
    ./app/onboarding/page.tsx [Client Component SSR]
    ./app/onboarding/page.tsx [Server Component] @ http://localhost:3000/_next/static/chunks/node_modules_next_dist_1e8vcs8._.js:1052
[  342619ms] [ERROR] ./app/onboarding/page.tsx:204:14
Error: Unterminated regexp literal
  202 |                 </div>
  203 |               </div>
> 204 |             </PantallaFunnel>
      |              ^^^^^^^^^^^^^^^^
  205 |           )}
  206 |
  207 |           {paso === 'reconocimiento' && (

Parsing ecmascript source code failed

Import traces:
  Client Component Browser:
    ./app/onboarding/page.tsx [Client Component Browser]
    ./app/onboarding/page.tsx [Server Component]

  Client Component SSR:
    ./app/onboarding/page.tsx [Client Component SSR]
    ./app/onboarding/page.tsx [Server Component] @ http://localhost:3000/_next/static/chunks/node_modules_next_dist_1e8vcs8._.js:1052
[  342671ms] [ERROR] ./app/onboarding/page.tsx:204:13
Error: Expression expected
  202 |                 </div>
  203 |               </div>
> 204 |             </PantallaFunnel>
      |             ^
  205 |           )}
  206 |
  207 |           {paso === 'reconocimiento' && (

Parsing ecmascript source code failed

Import traces:
  Client Component Browser:
    ./app/onboarding/page.tsx [Client Component Browser]
    ./app/onboarding/page.tsx [Server Component]

  Client Component SSR:
    ./app/onboarding/page.tsx [Client Component SSR]
    ./app/onboarding/page.tsx [Server Component] @ http://localhost:3000/_next/static/chunks/node_modules_next_dist_1e8vcs8._.js:1052
[  342672ms] [ERROR] ./app/onboarding/page.tsx:204:14
Error: Unterminated regexp literal
  202 |                 </div>
  203 |               </div>
> 204 |             </PantallaFunnel>
      |              ^^^^^^^^^^^^^^^^
  205 |           )}
  206 |
  207 |           {paso === 'reconocimiento' && (

Parsing ecmascript source code failed

Import traces:
  Client Component Browser:
    ./app/onboarding/page.tsx [Client Component Browser]
    ./app/onboarding/page.tsx [Server Component]

  Client Component SSR:
    ./app/onboarding/page.tsx [Client Component SSR]
    ./app/onboarding/page.tsx [Server Component] @ http://localhost:3000/_next/static/chunks/node_modules_next_dist_1e8vcs8._.js:1052
[  342728ms] [ERROR] ./app/onboarding/page.tsx:204:13
Error: Expression expected
  202 |                 </div>
  203 |               </div>
> 204 |             </PantallaFunnel>
      |             ^
  205 |           )}
  206 |
  207 |           {paso === 'reconocimiento' && (

Parsing ecmascript source code failed

Import traces:
  Client Component Browser:
    ./app/onboarding/page.tsx [Client Component Browser]
    ./app/onboarding/page.tsx [Server Component]

  Client Component SSR:
    ./app/onboarding/page.tsx [Client Component SSR]
    ./app/onboarding/page.tsx [Server Component] @ http://localhost:3000/_next/static/chunks/node_modules_next_dist_1e8vcs8._.js:1052
[  342729ms] [ERROR] ./app/onboarding/page.tsx:204:14
Error: Unterminated regexp literal
  202 |                 </div>
  203 |               </div>
> 204 |             </PantallaFunnel>
      |              ^^^^^^^^^^^^^^^^
  205 |           )}
  206 |
  207 |           {paso === 'reconocimiento' && (

Parsing ecmascript source code failed

Import traces:
  Client Component Browser:
    ./app/onboarding/page.tsx [Client Component Browser]
    ./app/onboarding/page.tsx [Server Component]

  Client Component SSR:
    ./app/onboarding/page.tsx [Client Component SSR]
    ./app/onboarding/page.tsx [Server Component] @ http://localhost:3000/_next/static/chunks/node_modules_next_dist_1e8vcs8._.js:1052
[  342796ms] [ERROR] ./app/onboarding/page.tsx:204:13
Error: Expression expected
  202 |                 </div>
  203 |               </div>
> 204 |             </PantallaFunnel>
      |             ^
  205 |           )}
  206 |
  207 |           {paso === 'reconocimiento' && (

Parsing ecmascript source code failed

Import traces:
  Client Component Browser:
    ./app/onboarding/page.tsx [Client Component Browser]
    ./app/onboarding/page.tsx [Server Component]

  Client Component SSR:
    ./app/onboarding/page.tsx [Client Component SSR]
    ./app/onboarding/page.tsx [Server Component] @ http://localhost:3000/_next/static/chunks/node_modules_next_dist_1e8vcs8._.js:1052
[  342798ms] [ERROR] ./app/onboarding/page.tsx:204:14
Error: Unterminated regexp literal
  202 |                 </div>
  203 |               </div>
> 204 |             </PantallaFunnel>
      |              ^^^^^^^^^^^^^^^^
  205 |           )}
  206 |
  207 |           {paso === 'reconocimiento' && (

Parsing ecmascript source code failed

Import traces:
  Client Component Browser:
    ./app/onboarding/page.tsx [Client Component Browser]
    ./app/onboarding/page.tsx [Server Component]

  Client Component SSR:
    ./app/onboarding/page.tsx [Client Component SSR]
    ./app/onboarding/page.tsx [Server Component] @ http://localhost:3000/_next/static/chunks/node_modules_next_dist_1e8vcs8._.js:1052
[  342837ms] [ERROR] ./app/onboarding/page.tsx:204:13
Error: Expression expected
  202 |                 </div>
  203 |               </div>
> 204 |             </PantallaFunnel>
      |             ^
  205 |           )}
  206 |
  207 |           {paso === 'reconocimiento' && (

Parsing ecmascript source code failed

Import traces:
  Client Component Browser:
    ./app/onboarding/page.tsx [Client Component Browser]
    ./app/onboarding/page.tsx [Server Component]

  Client Component SSR:
    ./app/onboarding/page.tsx [Client Component SSR]
    ./app/onboarding/page.tsx [Server Component] @ http://localhost:3000/_next/static/chunks/node_modules_next_dist_1e8vcs8._.js:1052
[  342838ms] [ERROR] ./app/onboarding/page.tsx:204:14
Error: Unterminated regexp literal
  202 |                 </div>
  203 |               </div>
> 204 |             </PantallaFunnel>
      |              ^^^^^^^^^^^^^^^^
  205 |           )}
  206 |
  207 |           {paso === 'reconocimiento' && (

Parsing ecmascript source code failed

Import traces:
  Client Component Browser:
    ./app/onboarding/page.tsx [Client Component Browser]
    ./app/onboarding/page.tsx [Server Component]

  Client Component SSR:
    ./app/onboarding/page.tsx [Client Component SSR]
    ./app/onboarding/page.tsx [Server Component] @ http://localhost:3000/_next/static/chunks/node_modules_next_dist_1e8vcs8._.js:1052
[  342886ms] [ERROR] ./app/onboarding/page.tsx:204:13
Error: Expression expected
  202 |                 </div>
  203 |               </div>
> 204 |             </PantallaFunnel>
      |             ^
  205 |           )}
  206 |
  207 |           {paso === 'reconocimiento' && (

Parsing ecmascript source code failed

Import traces:
  Client Component Browser:
    ./app/onboarding/page.tsx [Client Component Browser]
    ./app/onboarding/page.tsx [Server Component]

  Client Component SSR:
    ./app/onboarding/page.tsx [Client Component SSR]
    ./app/onboarding/page.tsx [Server Component] @ http://localhost:3000/_next/static/chunks/node_modules_next_dist_1e8vcs8._.js:1052
[  342887ms] [ERROR] ./app/onboarding/page.tsx:204:14
Error: Unterminated regexp literal
  202 |                 </div>
  203 |               </div>
> 204 |             </PantallaFunnel>
      |              ^^^^^^^^^^^^^^^^
  205 |           )}
  206 |
  207 |           {paso === 'reconocimiento' && (

Parsing ecmascript source code failed

Import traces:
  Client Component Browser:
    ./app/onboarding/page.tsx [Client Component Browser]
    ./app/onboarding/page.tsx [Server Component]

  Client Component SSR:
    ./app/onboarding/page.tsx [Client Component SSR]
    ./app/onboarding/page.tsx [Server Component] @ http://localhost:3000/_next/static/chunks/node_modules_next_dist_1e8vcs8._.js:1052
[  342953ms] [ERROR] ./app/onboarding/page.tsx:204:13
Error: Expression expected
  202 |                 </div>
  203 |               </div>
> 204 |             </PantallaFunnel>
      |             ^
  205 |           )}
  206 |
  207 |           {paso === 'reconocimiento' && (

Parsing ecmascript source code failed

Import traces:
  Client Component Browser:
    ./app/onboarding/page.tsx [Client Component Browser]
    ./app/onboarding/page.tsx [Server Component]

  Client Component SSR:
    ./app/onboarding/page.tsx [Client Component SSR]
    ./app/onboarding/page.tsx [Server Component] @ http://localhost:3000/_next/static/chunks/node_modules_next_dist_1e8vcs8._.js:1052
[  342954ms] [ERROR] ./app/onboarding/page.tsx:204:14
Error: Unterminated regexp literal
  202 |                 </div>
  203 |               </div>
> 204 |             </PantallaFunnel>
      |              ^^^^^^^^^^^^^^^^
  205 |           )}
  206 |
  207 |           {paso === 'reconocimiento' && (

Parsing ecmascript source code failed

Import traces:
  Client Component Browser:
    ./app/onboarding/page.tsx [Client Component Browser]
    ./app/onboarding/page.tsx [Server Component]

  Client Component SSR:
    ./app/onboarding/page.tsx [Client Component SSR]
    ./app/onboarding/page.tsx [Server Component] @ http://localhost:3000/_next/static/chunks/node_modules_next_dist_1e8vcs8._.js:1052
[  343019ms] [ERROR] ./app/onboarding/page.tsx:204:13
Error: Expression expected
  202 |                 </div>
  203 |               </div>
> 204 |             </PantallaFunnel>
      |             ^
  205 |           )}
  206 |
  207 |           {paso === 'reconocimiento' && (

Parsing ecmascript source code failed

Import traces:
  Client Component Browser:
    ./app/onboarding/page.tsx [Client Component Browser]
    ./app/onboarding/page.tsx [Server Component]

  Client Component SSR:
    ./app/onboarding/page.tsx [Client Component SSR]
    ./app/onboarding/page.tsx [Server Component] @ http://localhost:3000/_next/static/chunks/node_modules_next_dist_1e8vcs8._.js:1052
[  343019ms] [ERROR] ./app/onboarding/page.tsx:204:14
Error: Unterminated regexp literal
  202 |                 </div>
  203 |               </div>
> 204 |             </PantallaFunnel>
      |              ^^^^^^^^^^^^^^^^
  205 |           )}
  206 |
  207 |           {paso === 'reconocimiento' && (

Parsing ecmascript source code failed

Import traces:
  Client Component Browser:
    ./app/onboarding/page.tsx [Client Component Browser]
    ./app/onboarding/page.tsx [Server Component]

  Client Component SSR:
    ./app/onboarding/page.tsx [Client Component SSR]
    ./app/onboarding/page.tsx [Server Component] @ http://localhost:3000/_next/static/chunks/node_modules_next_dist_1e8vcs8._.js:1052
[  343070ms] [ERROR] ./app/onboarding/page.tsx:204:13
Error: Expression expected
  202 |                 </div>
  203 |               </div>
> 204 |             </PantallaFunnel>
      |             ^
  205 |           )}
  206 |
  207 |           {paso === 'reconocimiento' && (

Parsing ecmascript source code failed

Import traces:
  Client Component Browser:
    ./app/onboarding/page.tsx [Client Component Browser]
    ./app/onboarding/page.tsx [Server Component]

  Client Component SSR:
    ./app/onboarding/page.tsx [Client Component SSR]
    ./app/onboarding/page.tsx [Server Component] @ http://localhost:3000/_next/static/chunks/node_modules_next_dist_1e8vcs8._.js:1052
[  343070ms] [ERROR] ./app/onboarding/page.tsx:204:14
Error: Unterminated regexp literal
  202 |                 </div>
  203 |               </div>
> 204 |             </PantallaFunnel>
      |              ^^^^^^^^^^^^^^^^
  205 |           )}
  206 |
  207 |           {paso === 'reconocimiento' && (

Parsing ecmascript source code failed

Import traces:
  Client Component Browser:
    ./app/onboarding/page.tsx [Client Component Browser]
    ./app/onboarding/page.tsx [Server Component]

  Client Component SSR:
    ./app/onboarding/page.tsx [Client Component SSR]
    ./app/onboarding/page.tsx [Server Component] @ http://localhost:3000/_next/static/chunks/node_modules_next_dist_1e8vcs8._.js:1052
[  343121ms] [ERROR] ./app/onboarding/page.tsx:204:13
Error: Expression expected
  202 |                 </div>
  203 |               </div>
> 204 |             </PantallaFunnel>
      |             ^
  205 |           )}
  206 |
  207 |           {paso === 'reconocimiento' && (

Parsing ecmascript source code failed

Import traces:
  Client Component Browser:
    ./app/onboarding/page.tsx [Client Component Browser]
    ./app/onboarding/page.tsx [Server Component]

  Client Component SSR:
    ./app/onboarding/page.tsx [Client Component SSR]
    ./app/onboarding/page.tsx [Server Component] @ http://localhost:3000/_next/static/chunks/node_modules_next_dist_1e8vcs8._.js:1052
[  343123ms] [ERROR] ./app/onboarding/page.tsx:204:14
Error: Unterminated regexp literal
  202 |                 </div>
  203 |               </div>
> 204 |             </PantallaFunnel>
      |              ^^^^^^^^^^^^^^^^
  205 |           )}
  206 |
  207 |           {paso === 'reconocimiento' && (

Parsing ecmascript source code failed

Import traces:
  Client Component Browser:
    ./app/onboarding/page.tsx [Client Component Browser]
    ./app/onboarding/page.tsx [Server Component]

  Client Component SSR:
    ./app/onboarding/page.tsx [Client Component SSR]
    ./app/onboarding/page.tsx [Server Component] @ http://localhost:3000/_next/static/chunks/node_modules_next_dist_1e8vcs8._.js:1052
[  343173ms] [ERROR] ./app/onboarding/page.tsx:204:13
Error: Expression expected
  202 |                 </div>
  203 |               </div>
> 204 |             </PantallaFunnel>
      |             ^
  205 |           )}
  206 |
  207 |           {paso === 'reconocimiento' && (

Parsing ecmascript source code failed

Import traces:
  Client Component Browser:
    ./app/onboarding/page.tsx [Client Component Browser]
    ./app/onboarding/page.tsx [Server Component]

  Client Component SSR:
    ./app/onboarding/page.tsx [Client Component SSR]
    ./app/onboarding/page.tsx [Server Component] @ http://localhost:3000/_next/static/chunks/node_modules_next_dist_1e8vcs8._.js:1052
[  343174ms] [ERROR] ./app/onboarding/page.tsx:204:14
Error: Unterminated regexp literal
  202 |                 </div>
  203 |               </div>
> 204 |             </PantallaFunnel>
      |              ^^^^^^^^^^^^^^^^
  205 |           )}
  206 |
  207 |           {paso === 'reconocimiento' && (

Parsing ecmascript source code failed

Import traces:
  Client Component Browser:
    ./app/onboarding/page.tsx [Client Component Browser]
    ./app/onboarding/page.tsx [Server Component]

  Client Component SSR:
    ./app/onboarding/page.tsx [Client Component SSR]
    ./app/onboarding/page.tsx [Server Component] @ http://localhost:3000/_next/static/chunks/node_modules_next_dist_1e8vcs8._.js:1052
[  343223ms] [ERROR] ./app/onboarding/page.tsx:204:13
Error: Expression expected
  202 |                 </div>
  203 |               </div>
> 204 |             </PantallaFunnel>
      |             ^
  205 |           )}
  206 |
  207 |           {paso === 'reconocimiento' && (

Parsing ecmascript source code failed

Import traces:
  Client Component Browser:
    ./app/onboarding/page.tsx [Client Component Browser]
    ./app/onboarding/page.tsx [Server Component]

  Client Component SSR:
    ./app/onboarding/page.tsx [Client Component SSR]
    ./app/onboarding/page.tsx [Server Component] @ http://localhost:3000/_next/static/chunks/node_modules_next_dist_1e8vcs8._.js:1052
[  343224ms] [ERROR] ./app/onboarding/page.tsx:204:14
Error: Unterminated regexp literal
  202 |                 </div>
  203 |               </div>
> 204 |             </PantallaFunnel>
      |              ^^^^^^^^^^^^^^^^
  205 |           )}
  206 |
  207 |           {paso === 'reconocimiento' && (

Parsing ecmascript source code failed

Import traces:
  Client Component Browser:
    ./app/onboarding/page.tsx [Client Component Browser]
    ./app/onboarding/page.tsx [Server Component]

  Client Component SSR:
    ./app/onboarding/page.tsx [Client Component SSR]
    ./app/onboarding/page.tsx [Server Component] @ http://localhost:3000/_next/static/chunks/node_modules_next_dist_1e8vcs8._.js:1052
[  343271ms] [ERROR] ./app/onboarding/page.tsx:204:13
Error: Expression expected
  202 |                 </div>
  203 |               </div>
> 204 |             </PantallaFunnel>
      |             ^
  205 |           )}
  206 |
  207 |           {paso === 'reconocimiento' && (

Parsing ecmascript source code failed

Import traces:
  Client Component Browser:
    ./app/onboarding/page.tsx [Client Component Browser]
    ./app/onboarding/page.tsx [Server Component]

  Client Component SSR:
    ./app/onboarding/page.tsx [Client Component SSR]
    ./app/onboarding/page.tsx [Server Component] @ http://localhost:3000/_next/static/chunks/node_modules_next_dist_1e8vcs8._.js:1052
[  343271ms] [ERROR] ./app/onboarding/page.tsx:204:14
Error: Unterminated regexp literal
  202 |                 </div>
  203 |               </div>
> 204 |             </PantallaFunnel>
      |              ^^^^^^^^^^^^^^^^
  205 |           )}
  206 |
  207 |           {paso === 'reconocimiento' && (

Parsing ecmascript source code failed

Import traces:
  Client Component Browser:
    ./app/onboarding/page.tsx [Client Component Browser]
    ./app/onboarding/page.tsx [Server Component]

  Client Component SSR:
    ./app/onboarding/page.tsx [Client Component SSR]
    ./app/onboarding/page.tsx [Server Component] @ http://localhost:3000/_next/static/chunks/node_modules_next_dist_1e8vcs8._.js:1052
[  343323ms] [ERROR] ./app/onboarding/page.tsx:204:13
Error: Expression expected
  202 |                 </div>
  203 |               </div>
> 204 |             </PantallaFunnel>
      |             ^
  205 |           )}
  206 |
  207 |           {paso === 'reconocimiento' && (

Parsing ecmascript source code failed

Import traces:
  Client Component Browser:
    ./app/onboarding/page.tsx [Client Component Browser]
    ./app/onboarding/page.tsx [Server Component]

  Client Component SSR:
    ./app/onboarding/page.tsx [Client Component SSR]
    ./app/onboarding/page.tsx [Server Component] @ http://localhost:3000/_next/static/chunks/node_modules_next_dist_1e8vcs8._.js:1052
[  343324ms] [ERROR] ./app/onboarding/page.tsx:204:14
Error: Unterminated regexp literal
  202 |                 </div>
  203 |               </div>
> 204 |             </PantallaFunnel>
      |              ^^^^^^^^^^^^^^^^
  205 |           )}
  206 |
  207 |           {paso === 'reconocimiento' && (

Parsing ecmascript source code failed

Import traces:
  Client Component Browser:
    ./app/onboarding/page.tsx [Client Component Browser]
    ./app/onboarding/page.tsx [Server Component]

  Client Component SSR:
    ./app/onboarding/page.tsx [Client Component SSR]
    ./app/onboarding/page.tsx [Server Component] @ http://localhost:3000/_next/static/chunks/node_modules_next_dist_1e8vcs8._.js:1052
[  343378ms] [ERROR] ./app/onboarding/page.tsx:204:13
Error: Expression expected
  202 |                 </div>
  203 |               </div>
> 204 |             </PantallaFunnel>
      |             ^
  205 |           )}
  206 |
  207 |           {paso === 'reconocimiento' && (

Parsing ecmascript source code failed

Import traces:
  Client Component Browser:
    ./app/onboarding/page.tsx [Client Component Browser]
    ./app/onboarding/page.tsx [Server Component]

  Client Component SSR:
    ./app/onboarding/page.tsx [Client Component SSR]
    ./app/onboarding/page.tsx [Server Component] @ http://localhost:3000/_next/static/chunks/node_modules_next_dist_1e8vcs8._.js:1052
[  343380ms] [ERROR] ./app/onboarding/page.tsx:204:14
Error: Unterminated regexp literal
  202 |                 </div>
  203 |               </div>
> 204 |             </PantallaFunnel>
      |              ^^^^^^^^^^^^^^^^
  205 |           )}
  206 |
  207 |           {paso === 'reconocimiento' && (

Parsing ecmascript source code failed

Import traces:
  Client Component Browser:
    ./app/onboarding/page.tsx [Client Component Browser]
    ./app/onboarding/page.tsx [Server Component]

  Client Component SSR:
    ./app/onboarding/page.tsx [Client Component SSR]
    ./app/onboarding/page.tsx [Server Component] @ http://localhost:3000/_next/static/chunks/node_modules_next_dist_1e8vcs8._.js:1052
[  343421ms] [ERROR] ./app/onboarding/page.tsx:204:13
Error: Expression expected
  202 |                 </div>
  203 |               </div>
> 204 |             </PantallaFunnel>
      |             ^
  205 |           )}
  206 |
  207 |           {paso === 'reconocimiento' && (

Parsing ecmascript source code failed

Import traces:
  Client Component Browser:
    ./app/onboarding/page.tsx [Client Component Browser]
    ./app/onboarding/page.tsx [Server Component]

  Client Component SSR:
    ./app/onboarding/page.tsx [Client Component SSR]
    ./app/onboarding/page.tsx [Server Component] @ http://localhost:3000/_next/static/chunks/node_modules_next_dist_1e8vcs8._.js:1052
[  343422ms] [ERROR] ./app/onboarding/page.tsx:204:14
Error: Unterminated regexp literal
  202 |                 </div>
  203 |               </div>
> 204 |             </PantallaFunnel>
      |              ^^^^^^^^^^^^^^^^
  205 |           )}
  206 |
  207 |           {paso === 'reconocimiento' && (

Parsing ecmascript source code failed

Import traces:
  Client Component Browser:
    ./app/onboarding/page.tsx [Client Component Browser]
    ./app/onboarding/page.tsx [Server Component]

  Client Component SSR:
    ./app/onboarding/page.tsx [Client Component SSR]
    ./app/onboarding/page.tsx [Server Component] @ http://localhost:3000/_next/static/chunks/node_modules_next_dist_1e8vcs8._.js:1052
[  343471ms] [ERROR] ./app/onboarding/page.tsx:204:13
Error: Expression expected
  202 |                 </div>
  203 |               </div>
> 204 |             </PantallaFunnel>
      |             ^
  205 |           )}
  206 |
  207 |           {paso === 'reconocimiento' && (

Parsing ecmascript source code failed

Import traces:
  Client Component Browser:
    ./app/onboarding/page.tsx [Client Component Browser]
    ./app/onboarding/page.tsx [Server Component]

  Client Component SSR:
    ./app/onboarding/page.tsx [Client Component SSR]
    ./app/onboarding/page.tsx [Server Component] @ http://localhost:3000/_next/static/chunks/node_modules_next_dist_1e8vcs8._.js:1052
[  343472ms] [ERROR] ./app/onboarding/page.tsx:204:14
Error: Unterminated regexp literal
  202 |                 </div>
  203 |               </div>
> 204 |             </PantallaFunnel>
      |              ^^^^^^^^^^^^^^^^
  205 |           )}
  206 |
  207 |           {paso === 'reconocimiento' && (

Parsing ecmascript source code failed

Import traces:
  Client Component Browser:
    ./app/onboarding/page.tsx [Client Component Browser]
    ./app/onboarding/page.tsx [Server Component]

  Client Component SSR:
    ./app/onboarding/page.tsx [Client Component SSR]
    ./app/onboarding/page.tsx [Server Component] @ http://localhost:3000/_next/static/chunks/node_modules_next_dist_1e8vcs8._.js:1052
[  343521ms] [ERROR] ./app/onboarding/page.tsx:204:13
Error: Expression expected
  202 |                 </div>
  203 |               </div>
> 204 |             </PantallaFunnel>
      |             ^
  205 |           )}
  206 |
  207 |           {paso === 'reconocimiento' && (

Parsing ecmascript source code failed

Import traces:
  Client Component Browser:
    ./app/onboarding/page.tsx [Client Component Browser]
    ./app/onboarding/page.tsx [Server Component]

  Client Component SSR:
    ./app/onboarding/page.tsx [Client Component SSR]
    ./app/onboarding/page.tsx [Server Component] @ http://localhost:3000/_next/static/chunks/node_modules_next_dist_1e8vcs8._.js:1052
[  343522ms] [ERROR] ./app/onboarding/page.tsx:204:14
Error: Unterminated regexp literal
  202 |                 </div>
  203 |               </div>
> 204 |             </PantallaFunnel>
      |              ^^^^^^^^^^^^^^^^
  205 |           )}
  206 |
  207 |           {paso === 'reconocimiento' && (

Parsing ecmascript source code failed

Import traces:
  Client Component Browser:
    ./app/onboarding/page.tsx [Client Component Browser]
    ./app/onboarding/page.tsx [Server Component]

  Client Component SSR:
    ./app/onboarding/page.tsx [Client Component SSR]
    ./app/onboarding/page.tsx [Server Component] @ http://localhost:3000/_next/static/chunks/node_modules_next_dist_1e8vcs8._.js:1052
[  343580ms] [ERROR] ./app/onboarding/page.tsx:204:13
Error: Expression expected
  202 |                 </div>
  203 |               </div>
> 204 |             </PantallaFunnel>
      |             ^
  205 |           )}
  206 |
  207 |           {paso === 'reconocimiento' && (

Parsing ecmascript source code failed

Import traces:
  Client Component Browser:
    ./app/onboarding/page.tsx [Client Component Browser]
    ./app/onboarding/page.tsx [Server Component]

  Client Component SSR:
    ./app/onboarding/page.tsx [Client Component SSR]
    ./app/onboarding/page.tsx [Server Component] @ http://localhost:3000/_next/static/chunks/node_modules_next_dist_1e8vcs8._.js:1052
[  343582ms] [ERROR] ./app/onboarding/page.tsx:204:14
Error: Unterminated regexp literal
  202 |                 </div>
  203 |               </div>
> 204 |             </PantallaFunnel>
      |              ^^^^^^^^^^^^^^^^
  205 |           )}
  206 |
  207 |           {paso === 'reconocimiento' && (

Parsing ecmascript source code failed

Import traces:
  Client Component Browser:
    ./app/onboarding/page.tsx [Client Component Browser]
    ./app/onboarding/page.tsx [Server Component]

  Client Component SSR:
    ./app/onboarding/page.tsx [Client Component SSR]
    ./app/onboarding/page.tsx [Server Component] @ http://localhost:3000/_next/static/chunks/node_modules_next_dist_1e8vcs8._.js:1052
[  343629ms] [ERROR] ./app/onboarding/page.tsx:204:13
Error: Expression expected
  202 |                 </div>
  203 |               </div>
> 204 |             </PantallaFunnel>
      |             ^
  205 |           )}
  206 |
  207 |           {paso === 'reconocimiento' && (

Parsing ecmascript source code failed

Import traces:
  Client Component Browser:
    ./app/onboarding/page.tsx [Client Component Browser]
    ./app/onboarding/page.tsx [Server Component]

  Client Component SSR:
    ./app/onboarding/page.tsx [Client Component SSR]
    ./app/onboarding/page.tsx [Server Component] @ http://localhost:3000/_next/static/chunks/node_modules_next_dist_1e8vcs8._.js:1052
[  343630ms] [ERROR] ./app/onboarding/page.tsx:204:14
Error: Unterminated regexp literal
  202 |                 </div>
  203 |               </div>
> 204 |             </PantallaFunnel>
      |              ^^^^^^^^^^^^^^^^
  205 |           )}
  206 |
  207 |           {paso === 'reconocimiento' && (

Parsing ecmascript source code failed

Import traces:
  Client Component Browser:
    ./app/onboarding/page.tsx [Client Component Browser]
    ./app/onboarding/page.tsx [Server Component]

  Client Component SSR:
    ./app/onboarding/page.tsx [Client Component SSR]
    ./app/onboarding/page.tsx [Server Component] @ http://localhost:3000/_next/static/chunks/node_modules_next_dist_1e8vcs8._.js:1052
[  343685ms] [ERROR] ./app/onboarding/page.tsx:204:13
Error: Expression expected
  202 |                 </div>
  203 |               </div>
> 204 |             </PantallaFunnel>
      |             ^
  205 |           )}
  206 |
  207 |           {paso === 'reconocimiento' && (

Parsing ecmascript source code failed

Import traces:
  Client Component Browser:
    ./app/onboarding/page.tsx [Client Component Browser]
    ./app/onboarding/page.tsx [Server Component]

  Client Component SSR:
    ./app/onboarding/page.tsx [Client Component SSR]
    ./app/onboarding/page.tsx [Server Component] @ http://localhost:3000/_next/static/chunks/node_modules_next_dist_1e8vcs8._.js:1052
[  343686ms] [ERROR] ./app/onboarding/page.tsx:204:14
Error: Unterminated regexp literal
  202 |                 </div>
  203 |               </div>
> 204 |             </PantallaFunnel>
      |              ^^^^^^^^^^^^^^^^
  205 |           )}
  206 |
  207 |           {paso === 'reconocimiento' && (

Parsing ecmascript source code failed

Import traces:
  Client Component Browser:
    ./app/onboarding/page.tsx [Client Component Browser]
    ./app/onboarding/page.tsx [Server Component]

  Client Component SSR:
    ./app/onboarding/page.tsx [Client Component SSR]
    ./app/onboarding/page.tsx [Server Component] @ http://localhost:3000/_next/static/chunks/node_modules_next_dist_1e8vcs8._.js:1052
[  343730ms] [ERROR] ./app/onboarding/page.tsx:204:13
Error: Expression expected
  202 |                 </div>
  203 |               </div>
> 204 |             </PantallaFunnel>
      |             ^
  205 |           )}
  206 |
  207 |           {paso === 'reconocimiento' && (

Parsing ecmascript source code failed

Import traces:
  Client Component Browser:
    ./app/onboarding/page.tsx [Client Component Browser]
    ./app/onboarding/page.tsx [Server Component]

  Client Component SSR:
    ./app/onboarding/page.tsx [Client Component SSR]
    ./app/onboarding/page.tsx [Server Component] @ http://localhost:3000/_next/static/chunks/node_modules_next_dist_1e8vcs8._.js:1052
[  343732ms] [ERROR] ./app/onboarding/page.tsx:204:14
Error: Unterminated regexp literal
  202 |                 </div>
  203 |               </div>
> 204 |             </PantallaFunnel>
      |              ^^^^^^^^^^^^^^^^
  205 |           )}
  206 |
  207 |           {paso === 'reconocimiento' && (

Parsing ecmascript source code failed

Import traces:
  Client Component Browser:
    ./app/onboarding/page.tsx [Client Component Browser]
    ./app/onboarding/page.tsx [Server Component]

  Client Component SSR:
    ./app/onboarding/page.tsx [Client Component SSR]
    ./app/onboarding/page.tsx [Server Component] @ http://localhost:3000/_next/static/chunks/node_modules_next_dist_1e8vcs8._.js:1052
[  343791ms] [ERROR] ./app/onboarding/page.tsx:204:13
Error: Expression expected
  202 |                 </div>
  203 |               </div>
> 204 |             </PantallaFunnel>
      |             ^
  205 |           )}
  206 |
  207 |           {paso === 'reconocimiento' && (

Parsing ecmascript source code failed

Import traces:
  Client Component Browser:
    ./app/onboarding/page.tsx [Client Component Browser]
    ./app/onboarding/page.tsx [Server Component]

  Client Component SSR:
    ./app/onboarding/page.tsx [Client Component SSR]
    ./app/onboarding/page.tsx [Server Component] @ http://localhost:3000/_next/static/chunks/node_modules_next_dist_1e8vcs8._.js:1052
[  343792ms] [ERROR] ./app/onboarding/page.tsx:204:14
Error: Unterminated regexp literal
  202 |                 </div>
  203 |               </div>
> 204 |             </PantallaFunnel>
      |              ^^^^^^^^^^^^^^^^
  205 |           )}
  206 |
  207 |           {paso === 'reconocimiento' && (

Parsing ecmascript source code failed

Import traces:
  Client Component Browser:
    ./app/onboarding/page.tsx [Client Component Browser]
    ./app/onboarding/page.tsx [Server Component]

  Client Component SSR:
    ./app/onboarding/page.tsx [Client Component SSR]
    ./app/onboarding/page.tsx [Server Component] @ http://localhost:3000/_next/static/chunks/node_modules_next_dist_1e8vcs8._.js:1052
[  343851ms] [ERROR] ./app/onboarding/page.tsx:204:13
Error: Expression expected
  202 |                 </div>
  203 |               </div>
> 204 |             </PantallaFunnel>
      |             ^
  205 |           )}
  206 |
  207 |           {paso === 'reconocimiento' && (

Parsing ecmascript source code failed

Import traces:
  Client Component Browser:
    ./app/onboarding/page.tsx [Client Component Browser]
    ./app/onboarding/page.tsx [Server Component]

  Client Component SSR:
    ./app/onboarding/page.tsx [Client Component SSR]
    ./app/onboarding/page.tsx [Server Component] @ http://localhost:3000/_next/static/chunks/node_modules_next_dist_1e8vcs8._.js:1052
[  343851ms] [ERROR] ./app/onboarding/page.tsx:204:14
Error: Unterminated regexp literal
  202 |                 </div>
  203 |               </div>
> 204 |             </PantallaFunnel>
      |              ^^^^^^^^^^^^^^^^
  205 |           )}
  206 |
  207 |           {paso === 'reconocimiento' && (

Parsing ecmascript source code failed

Import traces:
  Client Component Browser:
    ./app/onboarding/page.tsx [Client Component Browser]
    ./app/onboarding/page.tsx [Server Component]

  Client Component SSR:
    ./app/onboarding/page.tsx [Client Component SSR]
    ./app/onboarding/page.tsx [Server Component] @ http://localhost:3000/_next/static/chunks/node_modules_next_dist_1e8vcs8._.js:1052
[  344049ms] [ERROR] ./app/onboarding/page.tsx:204:13
Error: Expression expected
  202 |                 </div>
  203 |               </div>
> 204 |             </PantallaFunnel>
      |             ^
  205 |           )}
  206 |
  207 |           {paso === 'reconocimiento' && (

Parsing ecmascript source code failed

Import traces:
  Client Component Browser:
    ./app/onboarding/page.tsx [Client Component Browser]
    ./app/onboarding/page.tsx [Server Component]

  Client Component SSR:
    ./app/onboarding/page.tsx [Client Component SSR]
    ./app/onboarding/page.tsx [Server Component] @ http://localhost:3000/_next/static/chunks/node_modules_next_dist_1e8vcs8._.js:1052
[  344050ms] [ERROR] ./app/onboarding/page.tsx:204:14
Error: Unterminated regexp literal
  202 |                 </div>
  203 |               </div>
> 204 |             </PantallaFunnel>
      |              ^^^^^^^^^^^^^^^^
  205 |           )}
  206 |
  207 |           {paso === 'reconocimiento' && (

Parsing ecmascript source code failed

Import traces:
  Client Component Browser:
    ./app/onboarding/page.tsx [Client Component Browser]
    ./app/onboarding/page.tsx [Server Component]

  Client Component SSR:
    ./app/onboarding/page.tsx [Client Component SSR]
    ./app/onboarding/page.tsx [Server Component] @ http://localhost:3000/_next/static/chunks/node_modules_next_dist_1e8vcs8._.js:1052
[  344079ms] [LOG] [Fast Refresh] rebuilding @ http://localhost:3000/_next/static/chunks/node_modules_next_dist_1e8vcs8._.js:776
[  344132ms] [ERROR] ./app/onboarding/page.tsx:204:13
Error: Expression expected
  202 |                 </div>
  203 |               </div>
> 204 |             </PantallaFunnel>
      |             ^
  205 |           )}
  206 |
  207 |           {paso === 'reconocimiento' && (

Parsing ecmascript source code failed

Import traces:
  Client Component Browser:
    ./app/onboarding/page.tsx [Client Component Browser]
    ./app/onboarding/page.tsx [Server Component]

  Client Component SSR:
    ./app/onboarding/page.tsx [Client Component SSR]
    ./app/onboarding/page.tsx [Server Component] @ http://localhost:3000/_next/static/chunks/node_modules_next_dist_1e8vcs8._.js:1052
[  344134ms] [ERROR] ./app/onboarding/page.tsx:204:14
Error: Unterminated regexp literal
  202 |                 </div>
  203 |               </div>
> 204 |             </PantallaFunnel>
      |              ^^^^^^^^^^^^^^^^
  205 |           )}
  206 |
  207 |           {paso === 'reconocimiento' && (

Parsing ecmascript source code failed

Import traces:
  Client Component Browser:
    ./app/onboarding/page.tsx [Client Component Browser]
    ./app/onboarding/page.tsx [Server Component]

  Client Component SSR:
    ./app/onboarding/page.tsx [Client Component SSR]
    ./app/onboarding/page.tsx [Server Component] @ http://localhost:3000/_next/static/chunks/node_modules_next_dist_1e8vcs8._.js:1052
[  344186ms] [ERROR] ./app/onboarding/page.tsx:204:13
Error: Expression expected
  202 |                 </div>
  203 |               </div>
> 204 |             </PantallaFunnel>
      |             ^
  205 |           )}
  206 |
  207 |           {paso === 'reconocimiento' && (

Parsing ecmascript source code failed

Import traces:
  Client Component Browser:
    ./app/onboarding/page.tsx [Client Component Browser]
    ./app/onboarding/page.tsx [Server Component]

  Client Component SSR:
    ./app/onboarding/page.tsx [Client Component SSR]
    ./app/onboarding/page.tsx [Server Component] @ http://localhost:3000/_next/static/chunks/node_modules_next_dist_1e8vcs8._.js:1052
[  344187ms] [ERROR] ./app/onboarding/page.tsx:204:14
Error: Unterminated regexp literal
  202 |                 </div>
  203 |               </div>
> 204 |             </PantallaFunnel>
      |              ^^^^^^^^^^^^^^^^
  205 |           )}
  206 |
  207 |           {paso === 'reconocimiento' && (

Parsing ecmascript source code failed

Import traces:
  Client Component Browser:
    ./app/onboarding/page.tsx [Client Component Browser]
    ./app/onboarding/page.tsx [Server Component]

  Client Component SSR:
    ./app/onboarding/page.tsx [Client Component SSR]
    ./app/onboarding/page.tsx [Server Component] @ http://localhost:3000/_next/static/chunks/node_modules_next_dist_1e8vcs8._.js:1052
[  344241ms] [ERROR] ./app/onboarding/page.tsx:204:13
Error: Expression expected
  202 |                 </div>
  203 |               </div>
> 204 |             </PantallaFunnel>
      |             ^
  205 |           )}
  206 |
  207 |           {paso === 'reconocimiento' && (

Parsing ecmascript source code failed

Import traces:
  Client Component Browser:
    ./app/onboarding/page.tsx [Client Component Browser]
    ./app/onboarding/page.tsx [Server Component]

  Client Component SSR:
    ./app/onboarding/page.tsx [Client Component SSR]
    ./app/onboarding/page.tsx [Server Component] @ http://localhost:3000/_next/static/chunks/node_modules_next_dist_1e8vcs8._.js:1052
[  344242ms] [ERROR] ./app/onboarding/page.tsx:204:14
Error: Unterminated regexp literal
  202 |                 </div>
  203 |               </div>
> 204 |             </PantallaFunnel>
      |              ^^^^^^^^^^^^^^^^
  205 |           )}
  206 |
  207 |           {paso === 'reconocimiento' && (

Parsing ecmascript source code failed

Import traces:
  Client Component Browser:
    ./app/onboarding/page.tsx [Client Component Browser]
    ./app/onboarding/page.tsx [Server Component]

  Client Component SSR:
    ./app/onboarding/page.tsx [Client Component SSR]
    ./app/onboarding/page.tsx [Server Component] @ http://localhost:3000/_next/static/chunks/node_modules_next_dist_1e8vcs8._.js:1052
[  344287ms] [ERROR] ./app/onboarding/page.tsx:204:13
Error: Expression expected
  202 |                 </div>
  203 |               </div>
> 204 |             </PantallaFunnel>
      |             ^
  205 |           )}
  206 |
  207 |           {paso === 'reconocimiento' && (

Parsing ecmascript source code failed

Import traces:
  Client Component Browser:
    ./app/onboarding/page.tsx [Client Component Browser]
    ./app/onboarding/page.tsx [Server Component]

  Client Component SSR:
    ./app/onboarding/page.tsx [Client Component SSR]
    ./app/onboarding/page.tsx [Server Component] @ http://localhost:3000/_next/static/chunks/node_modules_next_dist_1e8vcs8._.js:1052
[  344290ms] [ERROR] ./app/onboarding/page.tsx:204:14
Error: Unterminated regexp literal
  202 |                 </div>
  203 |               </div>
> 204 |             </PantallaFunnel>
      |              ^^^^^^^^^^^^^^^^
  205 |           )}
  206 |
  207 |           {paso === 'reconocimiento' && (

Parsing ecmascript source code failed

Import traces:
  Client Component Browser:
    ./app/onboarding/page.tsx [Client Component Browser]
    ./app/onboarding/page.tsx [Server Component]

  Client Component SSR:
    ./app/onboarding/page.tsx [Client Component SSR]
    ./app/onboarding/page.tsx [Server Component] @ http://localhost:3000/_next/static/chunks/node_modules_next_dist_1e8vcs8._.js:1052
[  344344ms] [ERROR] ./app/onboarding/page.tsx:204:13
Error: Expression expected
  202 |                 </div>
  203 |               </div>
> 204 |             </PantallaFunnel>
      |             ^
  205 |           )}
  206 |
  207 |           {paso === 'reconocimiento' && (

Parsing ecmascript source code failed

Import traces:
  Client Component Browser:
    ./app/onboarding/page.tsx [Client Component Browser]
    ./app/onboarding/page.tsx [Server Component]

  Client Component SSR:
    ./app/onboarding/page.tsx [Client Component SSR]
    ./app/onboarding/page.tsx [Server Component] @ http://localhost:3000/_next/static/chunks/node_modules_next_dist_1e8vcs8._.js:1052
[  344344ms] [ERROR] ./app/onboarding/page.tsx:204:14
Error: Unterminated regexp literal
  202 |                 </div>
  203 |               </div>
> 204 |             </PantallaFunnel>
      |              ^^^^^^^^^^^^^^^^
  205 |           )}
  206 |
  207 |           {paso === 'reconocimiento' && (

Parsing ecmascript source code failed

Import traces:
  Client Component Browser:
    ./app/onboarding/page.tsx [Client Component Browser]
    ./app/onboarding/page.tsx [Server Component]

  Client Component SSR:
    ./app/onboarding/page.tsx [Client Component SSR]
    ./app/onboarding/page.tsx [Server Component] @ http://localhost:3000/_next/static/chunks/node_modules_next_dist_1e8vcs8._.js:1052
[  344398ms] [ERROR] ./app/onboarding/page.tsx:204:13
Error: Expression expected
  202 |                 </div>
  203 |               </div>
> 204 |             </PantallaFunnel>
      |             ^
  205 |           )}
  206 |
  207 |           {paso === 'reconocimiento' && (

Parsing ecmascript source code failed

Import traces:
  Client Component Browser:
    ./app/onboarding/page.tsx [Client Component Browser]
    ./app/onboarding/page.tsx [Server Component]

  Client Component SSR:
    ./app/onboarding/page.tsx [Client Component SSR]
    ./app/onboarding/page.tsx [Server Component] @ http://localhost:3000/_next/static/chunks/node_modules_next_dist_1e8vcs8._.js:1052
[  344399ms] [ERROR] ./app/onboarding/page.tsx:204:14
Error: Unterminated regexp literal
  202 |                 </div>
  203 |               </div>
> 204 |             </PantallaFunnel>
      |              ^^^^^^^^^^^^^^^^
  205 |           )}
  206 |
  207 |           {paso === 'reconocimiento' && (

Parsing ecmascript source code failed

Import traces:
  Client Component Browser:
    ./app/onboarding/page.tsx [Client Component Browser]
    ./app/onboarding/page.tsx [Server Component]

  Client Component SSR:
    ./app/onboarding/page.tsx [Client Component SSR]
    ./app/onboarding/page.tsx [Server Component] @ http://localhost:3000/_next/static/chunks/node_modules_next_dist_1e8vcs8._.js:1052
[  344453ms] [ERROR] ./app/onboarding/page.tsx:204:13
Error: Expression expected
  202 |                 </div>
  203 |               </div>
> 204 |             </PantallaFunnel>
      |             ^
  205 |           )}
  206 |
  207 |           {paso === 'reconocimiento' && (

Parsing ecmascript source code failed

Import traces:
  Client Component Browser:
    ./app/onboarding/page.tsx [Client Component Browser]
    ./app/onboarding/page.tsx [Server Component]

  Client Component SSR:
    ./app/onboarding/page.tsx [Client Component SSR]
    ./app/onboarding/page.tsx [Server Component] @ http://localhost:3000/_next/static/chunks/node_modules_next_dist_1e8vcs8._.js:1052
[  344454ms] [ERROR] ./app/onboarding/page.tsx:204:14
Error: Unterminated regexp literal
  202 |                 </div>
  203 |               </div>
> 204 |             </PantallaFunnel>
      |              ^^^^^^^^^^^^^^^^
  205 |           )}
  206 |
  207 |           {paso === 'reconocimiento' && (

Parsing ecmascript source code failed

Import traces:
  Client Component Browser:
    ./app/onboarding/page.tsx [Client Component Browser]
    ./app/onboarding/page.tsx [Server Component]

  Client Component SSR:
    ./app/onboarding/page.tsx [Client Component SSR]
    ./app/onboarding/page.tsx [Server Component] @ http://localhost:3000/_next/static/chunks/node_modules_next_dist_1e8vcs8._.js:1052
[  344516ms] [ERROR] ./app/onboarding/page.tsx:204:13
Error: Expression expected
  202 |                 </div>
  203 |               </div>
> 204 |             </PantallaFunnel>
      |             ^
  205 |           )}
  206 |
  207 |           {paso === 'reconocimiento' && (

Parsing ecmascript source code failed

Import traces:
  Client Component Browser:
    ./app/onboarding/page.tsx [Client Component Browser]
    ./app/onboarding/page.tsx [Server Component]

  Client Component SSR:
    ./app/onboarding/page.tsx [Client Component SSR]
    ./app/onboarding/page.tsx [Server Component] @ http://localhost:3000/_next/static/chunks/node_modules_next_dist_1e8vcs8._.js:1052
[  344520ms] [ERROR] ./app/onboarding/page.tsx:204:14
Error: Unterminated regexp literal
  202 |                 </div>
  203 |               </div>
> 204 |             </PantallaFunnel>
      |              ^^^^^^^^^^^^^^^^
  205 |           )}
  206 |
  207 |           {paso === 'reconocimiento' && (

Parsing ecmascript source code failed

Import traces:
  Client Component Browser:
    ./app/onboarding/page.tsx [Client Component Browser]
    ./app/onboarding/page.tsx [Server Component]

  Client Component SSR:
    ./app/onboarding/page.tsx [Client Component SSR]
    ./app/onboarding/page.tsx [Server Component] @ http://localhost:3000/_next/static/chunks/node_modules_next_dist_1e8vcs8._.js:1052
[  344572ms] [ERROR] ./app/onboarding/page.tsx:204:13
Error: Expression expected
  202 |                 </div>
  203 |               </div>
> 204 |             </PantallaFunnel>
      |             ^
  205 |           )}
  206 |
  207 |           {paso === 'reconocimiento' && (

Parsing ecmascript source code failed

Import traces:
  Client Component Browser:
    ./app/onboarding/page.tsx [Client Component Browser]
    ./app/onboarding/page.tsx [Server Component]

  Client Component SSR:
    ./app/onboarding/page.tsx [Client Component SSR]
    ./app/onboarding/page.tsx [Server Component] @ http://localhost:3000/_next/static/chunks/node_modules_next_dist_1e8vcs8._.js:1052
[  344572ms] [ERROR] ./app/onboarding/page.tsx:204:14
Error: Unterminated regexp literal
  202 |                 </div>
  203 |               </div>
> 204 |             </PantallaFunnel>
      |              ^^^^^^^^^^^^^^^^
  205 |           )}
  206 |
  207 |           {paso === 'reconocimiento' && (

Parsing ecmascript source code failed

Import traces:
  Client Component Browser:
    ./app/onboarding/page.tsx [Client Component Browser]
    ./app/onboarding/page.tsx [Server Component]

  Client Component SSR:
    ./app/onboarding/page.tsx [Client Component SSR]
    ./app/onboarding/page.tsx [Server Component] @ http://localhost:3000/_next/static/chunks/node_modules_next_dist_1e8vcs8._.js:1052
[  344623ms] [ERROR] ./app/onboarding/page.tsx:204:13
Error: Expression expected
  202 |                 </div>
  203 |               </div>
> 204 |             </PantallaFunnel>
      |             ^
  205 |           )}
  206 |
  207 |           {paso === 'reconocimiento' && (

Parsing ecmascript source code failed

Import traces:
  Client Component Browser:
    ./app/onboarding/page.tsx [Client Component Browser]
    ./app/onboarding/page.tsx [Server Component]

  Client Component SSR:
    ./app/onboarding/page.tsx [Client Component SSR]
    ./app/onboarding/page.tsx [Server Component] @ http://localhost:3000/_next/static/chunks/node_modules_next_dist_1e8vcs8._.js:1052
[  344623ms] [ERROR] ./app/onboarding/page.tsx:204:14
Error: Unterminated regexp literal
  202 |                 </div>
  203 |               </div>
> 204 |             </PantallaFunnel>
      |              ^^^^^^^^^^^^^^^^
  205 |           )}
  206 |
  207 |           {paso === 'reconocimiento' && (

Parsing ecmascript source code failed

Import traces:
  Client Component Browser:
    ./app/onboarding/page.tsx [Client Component Browser]
    ./app/onboarding/page.tsx [Server Component]

  Client Component SSR:
    ./app/onboarding/page.tsx [Client Component SSR]
    ./app/onboarding/page.tsx [Server Component] @ http://localhost:3000/_next/static/chunks/node_modules_next_dist_1e8vcs8._.js:1052
[  344672ms] [ERROR] ./app/onboarding/page.tsx:204:13
Error: Expression expected
  202 |                 </div>
  203 |               </div>
> 204 |             </PantallaFunnel>
      |             ^
  205 |           )}
  206 |
  207 |           {paso === 'reconocimiento' && (

Parsing ecmascript source code failed

Import traces:
  Client Component Browser:
    ./app/onboarding/page.tsx [Client Component Browser]
    ./app/onboarding/page.tsx [Server Component]

  Client Component SSR:
    ./app/onboarding/page.tsx [Client Component SSR]
    ./app/onboarding/page.tsx [Server Component] @ http://localhost:3000/_next/static/chunks/node_modules_next_dist_1e8vcs8._.js:1052
[  344673ms] [ERROR] ./app/onboarding/page.tsx:204:14
Error: Unterminated regexp literal
  202 |                 </div>
  203 |               </div>
> 204 |             </PantallaFunnel>
      |              ^^^^^^^^^^^^^^^^
  205 |           )}
  206 |
  207 |           {paso === 'reconocimiento' && (

Parsing ecmascript source code failed

Import traces:
  Client Component Browser:
    ./app/onboarding/page.tsx [Client Component Browser]
    ./app/onboarding/page.tsx [Server Component]

  Client Component SSR:
    ./app/onboarding/page.tsx [Client Component SSR]
    ./app/onboarding/page.tsx [Server Component] @ http://localhost:3000/_next/static/chunks/node_modules_next_dist_1e8vcs8._.js:1052
[  344723ms] [ERROR] ./app/onboarding/page.tsx:204:13
Error: Expression expected
  202 |                 </div>
  203 |               </div>
> 204 |             </PantallaFunnel>
      |             ^
  205 |           )}
  206 |
  207 |           {paso === 'reconocimiento' && (

Parsing ecmascript source code failed

Import traces:
  Client Component Browser:
    ./app/onboarding/page.tsx [Client Component Browser]
    ./app/onboarding/page.tsx [Server Component]

  Client Component SSR:
    ./app/onboarding/page.tsx [Client Component SSR]
    ./app/onboarding/page.tsx [Server Component] @ http://localhost:3000/_next/static/chunks/node_modules_next_dist_1e8vcs8._.js:1052
[  344723ms] [ERROR] ./app/onboarding/page.tsx:204:14
Error: Unterminated regexp literal
  202 |                 </div>
  203 |               </div>
> 204 |             </PantallaFunnel>
      |              ^^^^^^^^^^^^^^^^
  205 |           )}
  206 |
  207 |           {paso === 'reconocimiento' && (

Parsing ecmascript source code failed

Import traces:
  Client Component Browser:
    ./app/onboarding/page.tsx [Client Component Browser]
    ./app/onboarding/page.tsx [Server Component]

  Client Component SSR:
    ./app/onboarding/page.tsx [Client Component SSR]
    ./app/onboarding/page.tsx [Server Component] @ http://localhost:3000/_next/static/chunks/node_modules_next_dist_1e8vcs8._.js:1052
[  344778ms] [ERROR] ./app/onboarding/page.tsx:204:13
Error: Expression expected
  202 |                 </div>
  203 |               </div>
> 204 |             </PantallaFunnel>
      |             ^
  205 |           )}
  206 |
  207 |           {paso === 'reconocimiento' && (

Parsing ecmascript source code failed

Import traces:
  Client Component Browser:
    ./app/onboarding/page.tsx [Client Component Browser]
    ./app/onboarding/page.tsx [Server Component]

  Client Component SSR:
    ./app/onboarding/page.tsx [Client Component SSR]
    ./app/onboarding/page.tsx [Server Component] @ http://localhost:3000/_next/static/chunks/node_modules_next_dist_1e8vcs8._.js:1052
[  344780ms] [ERROR] ./app/onboarding/page.tsx:204:14
Error: Unterminated regexp literal
  202 |                 </div>
  203 |               </div>
> 204 |             </PantallaFunnel>
      |              ^^^^^^^^^^^^^^^^
  205 |           )}
  206 |
  207 |           {paso === 'reconocimiento' && (

Parsing ecmascript source code failed

Import traces:
  Client Component Browser:
    ./app/onboarding/page.tsx [Client Component Browser]
    ./app/onboarding/page.tsx [Server Component]

  Client Component SSR:
    ./app/onboarding/page.tsx [Client Component SSR]
    ./app/onboarding/page.tsx [Server Component] @ http://localhost:3000/_next/static/chunks/node_modules_next_dist_1e8vcs8._.js:1052
[  344836ms] [ERROR] ./app/onboarding/page.tsx:204:13
Error: Expression expected
  202 |                 </div>
  203 |               </div>
> 204 |             </PantallaFunnel>
      |             ^
  205 |           )}
  206 |
  207 |           {paso === 'reconocimiento' && (

Parsing ecmascript source code failed

Import traces:
  Client Component Browser:
    ./app/onboarding/page.tsx [Client Component Browser]
    ./app/onboarding/page.tsx [Server Component]

  Client Component SSR:
    ./app/onboarding/page.tsx [Client Component SSR]
    ./app/onboarding/page.tsx [Server Component] @ http://localhost:3000/_next/static/chunks/node_modules_next_dist_1e8vcs8._.js:1052
[  344837ms] [ERROR] ./app/onboarding/page.tsx:204:14
Error: Unterminated regexp literal
  202 |                 </div>
  203 |               </div>
> 204 |             </PantallaFunnel>
      |              ^^^^^^^^^^^^^^^^
  205 |           )}
  206 |
  207 |           {paso === 'reconocimiento' && (

Parsing ecmascript source code failed

Import traces:
  Client Component Browser:
    ./app/onboarding/page.tsx [Client Component Browser]
    ./app/onboarding/page.tsx [Server Component]

  Client Component SSR:
    ./app/onboarding/page.tsx [Client Component SSR]
    ./app/onboarding/page.tsx [Server Component] @ http://localhost:3000/_next/static/chunks/node_modules_next_dist_1e8vcs8._.js:1052
[  344900ms] [ERROR] ./app/onboarding/page.tsx:204:13
Error: Expression expected
  202 |                 </div>
  203 |               </div>
> 204 |             </PantallaFunnel>
      |             ^
  205 |           )}
  206 |
  207 |           {paso === 'reconocimiento' && (

Parsing ecmascript source code failed

Import traces:
  Client Component Browser:
    ./app/onboarding/page.tsx [Client Component Browser]
    ./app/onboarding/page.tsx [Server Component]

  Client Component SSR:
    ./app/onboarding/page.tsx [Client Component SSR]
    ./app/onboarding/page.tsx [Server Component] @ http://localhost:3000/_next/static/chunks/node_modules_next_dist_1e8vcs8._.js:1052
[  344901ms] [ERROR] ./app/onboarding/page.tsx:204:14
Error: Unterminated regexp literal
  202 |                 </div>
  203 |               </div>
> 204 |             </PantallaFunnel>
      |              ^^^^^^^^^^^^^^^^
  205 |           )}
  206 |
  207 |           {paso === 'reconocimiento' && (

Parsing ecmascript source code failed

Import traces:
  Client Component Browser:
    ./app/onboarding/page.tsx [Client Component Browser]
    ./app/onboarding/page.tsx [Server Component]

  Client Component SSR:
    ./app/onboarding/page.tsx [Client Component SSR]
    ./app/onboarding/page.tsx [Server Component] @ http://localhost:3000/_next/static/chunks/node_modules_next_dist_1e8vcs8._.js:1052
[  344953ms] [ERROR] ./app/onboarding/page.tsx:204:13
Error: Expression expected
  202 |                 </div>
  203 |               </div>
> 204 |             </PantallaFunnel>
      |             ^
  205 |           )}
  206 |
  207 |           {paso === 'reconocimiento' && (

Parsing ecmascript source code failed

Import traces:
  Client Component Browser:
    ./app/onboarding/page.tsx [Client Component Browser]
    ./app/onboarding/page.tsx [Server Component]

  Client Component SSR:
    ./app/onboarding/page.tsx [Client Component SSR]
    ./app/onboarding/page.tsx [Server Component] @ http://localhost:3000/_next/static/chunks/node_modules_next_dist_1e8vcs8._.js:1052
[  344953ms] [ERROR] ./app/onboarding/page.tsx:204:14
Error: Unterminated regexp literal
  202 |                 </div>
  203 |               </div>
> 204 |             </PantallaFunnel>
      |              ^^^^^^^^^^^^^^^^
  205 |           )}
  206 |
  207 |           {paso === 'reconocimiento' && (

Parsing ecmascript source code failed

Import traces:
  Client Component Browser:
    ./app/onboarding/page.tsx [Client Component Browser]
    ./app/onboarding/page.tsx [Server Component]

  Client Component SSR:
    ./app/onboarding/page.tsx [Client Component SSR]
    ./app/onboarding/page.tsx [Server Component] @ http://localhost:3000/_next/static/chunks/node_modules_next_dist_1e8vcs8._.js:1052
[  345022ms] [ERROR] ./app/onboarding/page.tsx:204:13
Error: Expression expected
  202 |                 </div>
  203 |               </div>
> 204 |             </PantallaFunnel>
      |             ^
  205 |           )}
  206 |
  207 |           {paso === 'reconocimiento' && (

Parsing ecmascript source code failed

Import traces:
  Client Component Browser:
    ./app/onboarding/page.tsx [Client Component Browser]
    ./app/onboarding/page.tsx [Server Component]

  Client Component SSR:
    ./app/onboarding/page.tsx [Client Component SSR]
    ./app/onboarding/page.tsx [Server Component] @ http://localhost:3000/_next/static/chunks/node_modules_next_dist_1e8vcs8._.js:1052
[  345022ms] [ERROR] ./app/onboarding/page.tsx:204:14
Error: Unterminated regexp literal
  202 |                 </div>
  203 |               </div>
> 204 |             </PantallaFunnel>
      |              ^^^^^^^^^^^^^^^^
  205 |           )}
  206 |
  207 |           {paso === 'reconocimiento' && (

Parsing ecmascript source code failed

Import traces:
  Client Component Browser:
    ./app/onboarding/page.tsx [Client Component Browser]
    ./app/onboarding/page.tsx [Server Component]

  Client Component SSR:
    ./app/onboarding/page.tsx [Client Component SSR]
    ./app/onboarding/page.tsx [Server Component] @ http://localhost:3000/_next/static/chunks/node_modules_next_dist_1e8vcs8._.js:1052
[  345079ms] [ERROR] ./app/onboarding/page.tsx:204:13
Error: Expression expected
  202 |                 </div>
  203 |               </div>
> 204 |             </PantallaFunnel>
      |             ^
  205 |           )}
  206 |
  207 |           {paso === 'reconocimiento' && (

Parsing ecmascript source code failed

Import traces:
  Client Component Browser:
    ./app/onboarding/page.tsx [Client Component Browser]
    ./app/onboarding/page.tsx [Server Component]

  Client Component SSR:
    ./app/onboarding/page.tsx [Client Component SSR]
    ./app/onboarding/page.tsx [Server Component] @ http://localhost:3000/_next/static/chunks/node_modules_next_dist_1e8vcs8._.js:1052
[  345080ms] [ERROR] ./app/onboarding/page.tsx:204:14
Error: Unterminated regexp literal
  202 |                 </div>
  203 |               </div>
> 204 |             </PantallaFunnel>
      |              ^^^^^^^^^^^^^^^^
  205 |           )}
  206 |
  207 |           {paso === 'reconocimiento' && (

Parsing ecmascript source code failed

Import traces:
  Client Component Browser:
    ./app/onboarding/page.tsx [Client Component Browser]
    ./app/onboarding/page.tsx [Server Component]

  Client Component SSR:
    ./app/onboarding/page.tsx [Client Component SSR]
    ./app/onboarding/page.tsx [Server Component] @ http://localhost:3000/_next/static/chunks/node_modules_next_dist_1e8vcs8._.js:1052
[  345139ms] [ERROR] ./app/onboarding/page.tsx:204:13
Error: Expression expected
  202 |                 </div>
  203 |               </div>
> 204 |             </PantallaFunnel>
      |             ^
  205 |           )}
  206 |
  207 |           {paso === 'reconocimiento' && (

Parsing ecmascript source code failed

Import traces:
  Client Component Browser:
    ./app/onboarding/page.tsx [Client Component Browser]
    ./app/onboarding/page.tsx [Server Component]

  Client Component SSR:
    ./app/onboarding/page.tsx [Client Component SSR]
    ./app/onboarding/page.tsx [Server Component] @ http://localhost:3000/_next/static/chunks/node_modules_next_dist_1e8vcs8._.js:1052
[  345139ms] [ERROR] ./app/onboarding/page.tsx:204:14
Error: Unterminated regexp literal
  202 |                 </div>
  203 |               </div>
> 204 |             </PantallaFunnel>
      |              ^^^^^^^^^^^^^^^^
  205 |           )}
  206 |
  207 |           {paso === 'reconocimiento' && (

Parsing ecmascript source code failed

Import traces:
  Client Component Browser:
    ./app/onboarding/page.tsx [Client Component Browser]
    ./app/onboarding/page.tsx [Server Component]

  Client Component SSR:
    ./app/onboarding/page.tsx [Client Component SSR]
    ./app/onboarding/page.tsx [Server Component] @ http://localhost:3000/_next/static/chunks/node_modules_next_dist_1e8vcs8._.js:1052
[  345201ms] [ERROR] ./app/onboarding/page.tsx:204:13
Error: Expression expected
  202 |                 </div>
  203 |               </div>
> 204 |             </PantallaFunnel>
      |             ^
  205 |           )}
  206 |
  207 |           {paso === 'reconocimiento' && (

Parsing ecmascript source code failed

Import traces:
  Client Component Browser:
    ./app/onboarding/page.tsx [Client Component Browser]
    ./app/onboarding/page.tsx [Server Component]

  Client Component SSR:
    ./app/onboarding/page.tsx [Client Component SSR]
    ./app/onboarding/page.tsx [Server Component] @ http://localhost:3000/_next/static/chunks/node_modules_next_dist_1e8vcs8._.js:1052
[  345201ms] [ERROR] ./app/onboarding/page.tsx:204:14
Error: Unterminated regexp literal
  202 |                 </div>
  203 |               </div>
> 204 |             </PantallaFunnel>
      |              ^^^^^^^^^^^^^^^^
  205 |           )}
  206 |
  207 |           {paso === 'reconocimiento' && (

Parsing ecmascript source code failed

Import traces:
  Client Component Browser:
    ./app/onboarding/page.tsx [Client Component Browser]
    ./app/onboarding/page.tsx [Server Component]

  Client Component SSR:
    ./app/onboarding/page.tsx [Client Component SSR]
    ./app/onboarding/page.tsx [Server Component] @ http://localhost:3000/_next/static/chunks/node_modules_next_dist_1e8vcs8._.js:1052
[  345256ms] [ERROR] ./app/onboarding/page.tsx:204:13
Error: Expression expected
  202 |                 </div>
  203 |               </div>
> 204 |             </PantallaFunnel>
      |             ^
  205 |           )}
  206 |
  207 |           {paso === 'reconocimiento' && (

Parsing ecmascript source code failed

Import traces:
  Client Component Browser:
    ./app/onboarding/page.tsx [Client Component Browser]
    ./app/onboarding/page.tsx [Server Component]

  Client Component SSR:
    ./app/onboarding/page.tsx [Client Component SSR]
    ./app/onboarding/page.tsx [Server Component] @ http://localhost:3000/_next/static/chunks/node_modules_next_dist_1e8vcs8._.js:1052
[  345256ms] [ERROR] ./app/onboarding/page.tsx:204:14
Error: Unterminated regexp literal
  202 |                 </div>
  203 |               </div>
> 204 |             </PantallaFunnel>
      |              ^^^^^^^^^^^^^^^^
  205 |           )}
  206 |
  207 |           {paso === 'reconocimiento' && (

Parsing ecmascript source code failed

Import traces:
  Client Component Browser:
    ./app/onboarding/page.tsx [Client Component Browser]
    ./app/onboarding/page.tsx [Server Component]

  Client Component SSR:
    ./app/onboarding/page.tsx [Client Component SSR]
    ./app/onboarding/page.tsx [Server Component] @ http://localhost:3000/_next/static/chunks/node_modules_next_dist_1e8vcs8._.js:1052
[  345319ms] [ERROR] ./app/onboarding/page.tsx:204:13
Error: Expression expected
  202 |                 </div>
  203 |               </div>
> 204 |             </PantallaFunnel>
      |             ^
  205 |           )}
  206 |
  207 |           {paso === 'reconocimiento' && (

Parsing ecmascript source code failed

Import traces:
  Client Component Browser:
    ./app/onboarding/page.tsx [Client Component Browser]
    ./app/onboarding/page.tsx [Server Component]

  Client Component SSR:
    ./app/onboarding/page.tsx [Client Component SSR]
    ./app/onboarding/page.tsx [Server Component] @ http://localhost:3000/_next/static/chunks/node_modules_next_dist_1e8vcs8._.js:1052
[  345319ms] [ERROR] ./app/onboarding/page.tsx:204:14
Error: Unterminated regexp literal
  202 |                 </div>
  203 |               </div>
> 204 |             </PantallaFunnel>
      |              ^^^^^^^^^^^^^^^^
  205 |           )}
  206 |
  207 |           {paso === 'reconocimiento' && (

Parsing ecmascript source code failed

Import traces:
  Client Component Browser:
    ./app/onboarding/page.tsx [Client Component Browser]
    ./app/onboarding/page.tsx [Server Component]

  Client Component SSR:
    ./app/onboarding/page.tsx [Client Component SSR]
    ./app/onboarding/page.tsx [Server Component] @ http://localhost:3000/_next/static/chunks/node_modules_next_dist_1e8vcs8._.js:1052
[  345377ms] [ERROR] ./app/onboarding/page.tsx:204:13
Error: Expression expected
  202 |                 </div>
  203 |               </div>
> 204 |             </PantallaFunnel>
      |             ^
  205 |           )}
  206 |
  207 |           {paso === 'reconocimiento' && (

Parsing ecmascript source code failed

Import traces:
  Client Component Browser:
    ./app/onboarding/page.tsx [Client Component Browser]
    ./app/onboarding/page.tsx [Server Component]

  Client Component SSR:
    ./app/onboarding/page.tsx [Client Component SSR]
    ./app/onboarding/page.tsx [Server Component] @ http://localhost:3000/_next/static/chunks/node_modules_next_dist_1e8vcs8._.js:1052
[  345377ms] [ERROR] ./app/onboarding/page.tsx:204:14
Error: Unterminated regexp literal
  202 |                 </div>
  203 |               </div>
> 204 |             </PantallaFunnel>
      |              ^^^^^^^^^^^^^^^^
  205 |           )}
  206 |
  207 |           {paso === 'reconocimiento' && (

Parsing ecmascript source code failed

Import traces:
  Client Component Browser:
    ./app/onboarding/page.tsx [Client Component Browser]
    ./app/onboarding/page.tsx [Server Component]

  Client Component SSR:
    ./app/onboarding/page.tsx [Client Component SSR]
    ./app/onboarding/page.tsx [Server Component] @ http://localhost:3000/_next/static/chunks/node_modules_next_dist_1e8vcs8._.js:1052
[  345436ms] [ERROR] ./app/onboarding/page.tsx:204:13
Error: Expression expected
  202 |                 </div>
  203 |               </div>
> 204 |             </PantallaFunnel>
      |             ^
  205 |           )}
  206 |
  207 |           {paso === 'reconocimiento' && (

Parsing ecmascript source code failed

Import traces:
  Client Component Browser:
    ./app/onboarding/page.tsx [Client Component Browser]
    ./app/onboarding/page.tsx [Server Component]

  Client Component SSR:
    ./app/onboarding/page.tsx [Client Component SSR]
    ./app/onboarding/page.tsx [Server Component] @ http://localhost:3000/_next/static/chunks/node_modules_next_dist_1e8vcs8._.js:1052
[  345437ms] [ERROR] ./app/onboarding/page.tsx:204:14
Error: Unterminated regexp literal
  202 |                 </div>
  203 |               </div>
> 204 |             </PantallaFunnel>
      |              ^^^^^^^^^^^^^^^^
  205 |           )}
  206 |
  207 |           {paso === 'reconocimiento' && (

Parsing ecmascript source code failed

Import traces:
  Client Component Browser:
    ./app/onboarding/page.tsx [Client Component Browser]
    ./app/onboarding/page.tsx [Server Component]

  Client Component SSR:
    ./app/onboarding/page.tsx [Client Component SSR]
    ./app/onboarding/page.tsx [Server Component] @ http://localhost:3000/_next/static/chunks/node_modules_next_dist_1e8vcs8._.js:1052
[  345478ms] [ERROR] ./app/onboarding/page.tsx:204:13
Error: Expression expected
  202 |                 </div>
  203 |               </div>
> 204 |             </PantallaFunnel>
      |             ^
  205 |           )}
  206 |
  207 |           {paso === 'reconocimiento' && (

Parsing ecmascript source code failed

Import traces:
  Client Component Browser:
    ./app/onboarding/page.tsx [Client Component Browser]
    ./app/onboarding/page.tsx [Server Component]

  Client Component SSR:
    ./app/onboarding/page.tsx [Client Component SSR]
    ./app/onboarding/page.tsx [Server Component] @ http://localhost:3000/_next/static/chunks/node_modules_next_dist_1e8vcs8._.js:1052
[  345478ms] [ERROR] ./app/onboarding/page.tsx:204:14
Error: Unterminated regexp literal
  202 |                 </div>
  203 |               </div>
> 204 |             </PantallaFunnel>
      |              ^^^^^^^^^^^^^^^^
  205 |           )}
  206 |
  207 |           {paso === 'reconocimiento' && (

Parsing ecmascript source code failed

Import traces:
  Client Component Browser:
    ./app/onboarding/page.tsx [Client Component Browser]
    ./app/onboarding/page.tsx [Server Component]

  Client Component SSR:
    ./app/onboarding/page.tsx [Client Component SSR]
    ./app/onboarding/page.tsx [Server Component] @ http://localhost:3000/_next/static/chunks/node_modules_next_dist_1e8vcs8._.js:1052
[  345524ms] [ERROR] ./app/onboarding/page.tsx:204:13
Error: Expression expected
  202 |                 </div>
  203 |               </div>
> 204 |             </PantallaFunnel>
      |             ^
  205 |           )}
  206 |
  207 |           {paso === 'reconocimiento' && (

Parsing ecmascript source code failed

Import traces:
  Client Component Browser:
    ./app/onboarding/page.tsx [Client Component Browser]
    ./app/onboarding/page.tsx [Server Component]

  Client Component SSR:
    ./app/onboarding/page.tsx [Client Component SSR]
    ./app/onboarding/page.tsx [Server Component] @ http://localhost:3000/_next/static/chunks/node_modules_next_dist_1e8vcs8._.js:1052
[  345524ms] [ERROR] ./app/onboarding/page.tsx:204:14
Error: Unterminated regexp literal
  202 |                 </div>
  203 |               </div>
> 204 |             </PantallaFunnel>
      |              ^^^^^^^^^^^^^^^^
  205 |           )}
  206 |
  207 |           {paso === 'reconocimiento' && (

Parsing ecmascript source code failed

Import traces:
  Client Component Browser:
    ./app/onboarding/page.tsx [Client Component Browser]
    ./app/onboarding/page.tsx [Server Component]

  Client Component SSR:
    ./app/onboarding/page.tsx [Client Component SSR]
    ./app/onboarding/page.tsx [Server Component] @ http://localhost:3000/_next/static/chunks/node_modules_next_dist_1e8vcs8._.js:1052
[  345577ms] [ERROR] ./app/onboarding/page.tsx:204:13
Error: Expression expected
  202 |                 </div>
  203 |               </div>
> 204 |             </PantallaFunnel>
      |             ^
  205 |           )}
  206 |
  207 |           {paso === 'reconocimiento' && (

Parsing ecmascript source code failed

Import traces:
  Client Component Browser:
    ./app/onboarding/page.tsx [Client Component Browser]
    ./app/onboarding/page.tsx [Server Component]

  Client Component SSR:
    ./app/onboarding/page.tsx [Client Component SSR]
    ./app/onboarding/page.tsx [Server Component] @ http://localhost:3000/_next/static/chunks/node_modules_next_dist_1e8vcs8._.js:1052
[  345578ms] [ERROR] ./app/onboarding/page.tsx:204:14
Error: Unterminated regexp literal
  202 |                 </div>
  203 |               </div>
> 204 |             </PantallaFunnel>
      |              ^^^^^^^^^^^^^^^^
  205 |           )}
  206 |
  207 |           {paso === 'reconocimiento' && (

Parsing ecmascript source code failed

Import traces:
  Client Component Browser:
    ./app/onboarding/page.tsx [Client Component Browser]
    ./app/onboarding/page.tsx [Server Component]

  Client Component SSR:
    ./app/onboarding/page.tsx [Client Component SSR]
    ./app/onboarding/page.tsx [Server Component] @ http://localhost:3000/_next/static/chunks/node_modules_next_dist_1e8vcs8._.js:1052
[  345641ms] [ERROR] ./app/onboarding/page.tsx:204:13
Error: Expression expected
  202 |                 </div>
  203 |               </div>
> 204 |             </PantallaFunnel>
      |             ^
  205 |           )}
  206 |
  207 |           {paso === 'reconocimiento' && (

Parsing ecmascript source code failed

Import traces:
  Client Component Browser:
    ./app/onboarding/page.tsx [Client Component Browser]
    ./app/onboarding/page.tsx [Server Component]

  Client Component SSR:
    ./app/onboarding/page.tsx [Client Component SSR]
    ./app/onboarding/page.tsx [Server Component] @ http://localhost:3000/_next/static/chunks/node_modules_next_dist_1e8vcs8._.js:1052
[  345642ms] [ERROR] ./app/onboarding/page.tsx:204:14
Error: Unterminated regexp literal
  202 |                 </div>
  203 |               </div>
> 204 |             </PantallaFunnel>
      |              ^^^^^^^^^^^^^^^^
  205 |           )}
  206 |
  207 |           {paso === 'reconocimiento' && (

Parsing ecmascript source code failed

Import traces:
  Client Component Browser:
    ./app/onboarding/page.tsx [Client Component Browser]
    ./app/onboarding/page.tsx [Server Component]

  Client Component SSR:
    ./app/onboarding/page.tsx [Client Component SSR]
    ./app/onboarding/page.tsx [Server Component] @ http://localhost:3000/_next/static/chunks/node_modules_next_dist_1e8vcs8._.js:1052
[  345684ms] [ERROR] ./app/onboarding/page.tsx:204:13
Error: Expression expected
  202 |                 </div>
  203 |               </div>
> 204 |             </PantallaFunnel>
      |             ^
  205 |           )}
  206 |
  207 |           {paso === 'reconocimiento' && (

Parsing ecmascript source code failed

Import traces:
  Client Component Browser:
    ./app/onboarding/page.tsx [Client Component Browser]
    ./app/onboarding/page.tsx [Server Component]

  Client Component SSR:
    ./app/onboarding/page.tsx [Client Component SSR]
    ./app/onboarding/page.tsx [Server Component] @ http://localhost:3000/_next/static/chunks/node_modules_next_dist_1e8vcs8._.js:1052
[  345684ms] [ERROR] ./app/onboarding/page.tsx:204:14
Error: Unterminated regexp literal
  202 |                 </div>
  203 |               </div>
> 204 |             </PantallaFunnel>
      |              ^^^^^^^^^^^^^^^^
  205 |           )}
  206 |
  207 |           {paso === 'reconocimiento' && (

Parsing ecmascript source code failed

Import traces:
  Client Component Browser:
    ./app/onboarding/page.tsx [Client Component Browser]
    ./app/onboarding/page.tsx [Server Component]

  Client Component SSR:
    ./app/onboarding/page.tsx [Client Component SSR]
    ./app/onboarding/page.tsx [Server Component] @ http://localhost:3000/_next/static/chunks/node_modules_next_dist_1e8vcs8._.js:1052
[  345726ms] [ERROR] ./app/onboarding/page.tsx:204:13
Error: Expression expected
  202 |                 </div>
  203 |               </div>
> 204 |             </PantallaFunnel>
      |             ^
  205 |           )}
  206 |
  207 |           {paso === 'reconocimiento' && (

Parsing ecmascript source code failed

Import traces:
  Client Component Browser:
    ./app/onboarding/page.tsx [Client Component Browser]
    ./app/onboarding/page.tsx [Server Component]

  Client Component SSR:
    ./app/onboarding/page.tsx [Client Component SSR]
    ./app/onboarding/page.tsx [Server Component] @ http://localhost:3000/_next/static/chunks/node_modules_next_dist_1e8vcs8._.js:1052
[  345729ms] [ERROR] ./app/onboarding/page.tsx:204:14
Error: Unterminated regexp literal
  202 |                 </div>
  203 |               </div>
> 204 |             </PantallaFunnel>
      |              ^^^^^^^^^^^^^^^^
  205 |           )}
  206 |
  207 |           {paso === 'reconocimiento' && (

Parsing ecmascript source code failed

Import traces:
  Client Component Browser:
    ./app/onboarding/page.tsx [Client Component Browser]
    ./app/onboarding/page.tsx [Server Component]

  Client Component SSR:
    ./app/onboarding/page.tsx [Client Component SSR]
    ./app/onboarding/page.tsx [Server Component] @ http://localhost:3000/_next/static/chunks/node_modules_next_dist_1e8vcs8._.js:1052
[  345774ms] [ERROR] ./app/onboarding/page.tsx:204:13
Error: Expression expected
  202 |                 </div>
  203 |               </div>
> 204 |             </PantallaFunnel>
      |             ^
  205 |           )}
  206 |
  207 |           {paso === 'reconocimiento' && (

Parsing ecmascript source code failed

Import traces:
  Client Component Browser:
    ./app/onboarding/page.tsx [Client Component Browser]
    ./app/onboarding/page.tsx [Server Component]

  Client Component SSR:
    ./app/onboarding/page.tsx [Client Component SSR]
    ./app/onboarding/page.tsx [Server Component] @ http://localhost:3000/_next/static/chunks/node_modules_next_dist_1e8vcs8._.js:1052
[  345774ms] [ERROR] ./app/onboarding/page.tsx:204:14
Error: Unterminated regexp literal
  202 |                 </div>
  203 |               </div>
> 204 |             </PantallaFunnel>
      |              ^^^^^^^^^^^^^^^^
  205 |           )}
  206 |
  207 |           {paso === 'reconocimiento' && (

Parsing ecmascript source code failed

Import traces:
  Client Component Browser:
    ./app/onboarding/page.tsx [Client Component Browser]
    ./app/onboarding/page.tsx [Server Component]

  Client Component SSR:
    ./app/onboarding/page.tsx [Client Component SSR]
    ./app/onboarding/page.tsx [Server Component] @ http://localhost:3000/_next/static/chunks/node_modules_next_dist_1e8vcs8._.js:1052
[  345872ms] [ERROR] ./app/onboarding/page.tsx:204:13
Error: Expression expected
  202 |                 </div>
  203 |               </div>
> 204 |             </PantallaFunnel>
      |             ^
  205 |           )}
  206 |
  207 |           {paso === 'reconocimiento' && (

Parsing ecmascript source code failed

Import traces:
  Client Component Browser:
    ./app/onboarding/page.tsx [Client Component Browser]
    ./app/onboarding/page.tsx [Server Component]

  Client Component SSR:
    ./app/onboarding/page.tsx [Client Component SSR]
    ./app/onboarding/page.tsx [Server Component] @ http://localhost:3000/_next/static/chunks/node_modules_next_dist_1e8vcs8._.js:1052
[  345873ms] [ERROR] ./app/onboarding/page.tsx:204:14
Error: Unterminated regexp literal
  202 |                 </div>
  203 |               </div>
> 204 |             </PantallaFunnel>
      |              ^^^^^^^^^^^^^^^^
  205 |           )}
  206 |
  207 |           {paso === 'reconocimiento' && (

Parsing ecmascript source code failed

Import traces:
  Client Component Browser:
    ./app/onboarding/page.tsx [Client Component Browser]
    ./app/onboarding/page.tsx [Server Component]

  Client Component SSR:
    ./app/onboarding/page.tsx [Client Component SSR]
    ./app/onboarding/page.tsx [Server Component] @ http://localhost:3000/_next/static/chunks/node_modules_next_dist_1e8vcs8._.js:1052
[  345923ms] [ERROR] ./app/onboarding/page.tsx:204:13
Error: Expression expected
  202 |                 </div>
  203 |               </div>
> 204 |             </PantallaFunnel>
      |             ^
  205 |           )}
  206 |
  207 |           {paso === 'reconocimiento' && (

Parsing ecmascript source code failed

Import traces:
  Client Component Browser:
    ./app/onboarding/page.tsx [Client Component Browser]
    ./app/onboarding/page.tsx [Server Component]

  Client Component SSR:
    ./app/onboarding/page.tsx [Client Component SSR]
    ./app/onboarding/page.tsx [Server Component] @ http://localhost:3000/_next/static/chunks/node_modules_next_dist_1e8vcs8._.js:1052
[  345924ms] [ERROR] ./app/onboarding/page.tsx:204:14
Error: Unterminated regexp literal
  202 |                 </div>
  203 |               </div>
> 204 |             </PantallaFunnel>
      |              ^^^^^^^^^^^^^^^^
  205 |           )}
  206 |
  207 |           {paso === 'reconocimiento' && (

Parsing ecmascript source code failed

Import traces:
  Client Component Browser:
    ./app/onboarding/page.tsx [Client Component Browser]
    ./app/onboarding/page.tsx [Server Component]

  Client Component SSR:
    ./app/onboarding/page.tsx [Client Component SSR]
    ./app/onboarding/page.tsx [Server Component] @ http://localhost:3000/_next/static/chunks/node_modules_next_dist_1e8vcs8._.js:1052
[  345982ms] [ERROR] ./app/onboarding/page.tsx:204:13
Error: Expression expected
  202 |                 </div>
  203 |               </div>
> 204 |             </PantallaFunnel>
      |             ^
  205 |           )}
  206 |
  207 |           {paso === 'reconocimiento' && (

Parsing ecmascript source code failed

Import traces:
  Client Component Browser:
    ./app/onboarding/page.tsx [Client Component Browser]
    ./app/onboarding/page.tsx [Server Component]

  Client Component SSR:
    ./app/onboarding/page.tsx [Client Component SSR]
    ./app/onboarding/page.tsx [Server Component] @ http://localhost:3000/_next/static/chunks/node_modules_next_dist_1e8vcs8._.js:1052
[  345985ms] [ERROR] ./app/onboarding/page.tsx:204:14
Error: Unterminated regexp literal
  202 |                 </div>
  203 |               </div>
> 204 |             </PantallaFunnel>
      |              ^^^^^^^^^^^^^^^^
  205 |           )}
  206 |
  207 |           {paso === 'reconocimiento' && (

Parsing ecmascript source code failed

Import traces:
  Client Component Browser:
    ./app/onboarding/page.tsx [Client Component Browser]
    ./app/onboarding/page.tsx [Server Component]

  Client Component SSR:
    ./app/onboarding/page.tsx [Client Component SSR]
    ./app/onboarding/page.tsx [Server Component] @ http://localhost:3000/_next/static/chunks/node_modules_next_dist_1e8vcs8._.js:1052
[  346048ms] [ERROR] ./app/onboarding/page.tsx:204:13
Error: Expression expected
  202 |                 </div>
  203 |               </div>
> 204 |             </PantallaFunnel>
      |             ^
  205 |           )}
  206 |
  207 |           {paso === 'reconocimiento' && (

Parsing ecmascript source code failed

Import traces:
  Client Component Browser:
    ./app/onboarding/page.tsx [Client Component Browser]
    ./app/onboarding/page.tsx [Server Component]

  Client Component SSR:
    ./app/onboarding/page.tsx [Client Component SSR]
    ./app/onboarding/page.tsx [Server Component] @ http://localhost:3000/_next/static/chunks/node_modules_next_dist_1e8vcs8._.js:1052
[  346049ms] [ERROR] ./app/onboarding/page.tsx:204:14
Error: Unterminated regexp literal
  202 |                 </div>
  203 |               </div>
> 204 |             </PantallaFunnel>
      |              ^^^^^^^^^^^^^^^^
  205 |           )}
  206 |
  207 |           {paso === 'reconocimiento' && (

Parsing ecmascript source code failed

Import traces:
  Client Component Browser:
    ./app/onboarding/page.tsx [Client Component Browser]
    ./app/onboarding/page.tsx [Server Component]

  Client Component SSR:
    ./app/onboarding/page.tsx [Client Component SSR]
    ./app/onboarding/page.tsx [Server Component] @ http://localhost:3000/_next/static/chunks/node_modules_next_dist_1e8vcs8._.js:1052
[  346105ms] [ERROR] ./app/onboarding/page.tsx:204:13
Error: Expression expected
  202 |                 </div>
  203 |               </div>
> 204 |             </PantallaFunnel>
      |             ^
  205 |           )}
  206 |
  207 |           {paso === 'reconocimiento' && (

Parsing ecmascript source code failed

Import traces:
  Client Component Browser:
    ./app/onboarding/page.tsx [Client Component Browser]
    ./app/onboarding/page.tsx [Server Component]

  Client Component SSR:
    ./app/onboarding/page.tsx [Client Component SSR]
    ./app/onboarding/page.tsx [Server Component] @ http://localhost:3000/_next/static/chunks/node_modules_next_dist_1e8vcs8._.js:1052
[  346107ms] [ERROR] ./app/onboarding/page.tsx:204:14
Error: Unterminated regexp literal
  202 |                 </div>
  203 |               </div>
> 204 |             </PantallaFunnel>
      |              ^^^^^^^^^^^^^^^^
  205 |           )}
  206 |
  207 |           {paso === 'reconocimiento' && (

Parsing ecmascript source code failed

Import traces:
  Client Component Browser:
    ./app/onboarding/page.tsx [Client Component Browser]
    ./app/onboarding/page.tsx [Server Component]

  Client Component SSR:
    ./app/onboarding/page.tsx [Client Component SSR]
    ./app/onboarding/page.tsx [Server Component] @ http://localhost:3000/_next/static/chunks/node_modules_next_dist_1e8vcs8._.js:1052
[  346153ms] [ERROR] ./app/onboarding/page.tsx:204:13
Error: Expression expected
  202 |                 </div>
  203 |               </div>
> 204 |             </PantallaFunnel>
      |             ^
  205 |           )}
  206 |
  207 |           {paso === 'reconocimiento' && (

Parsing ecmascript source code failed

Import traces:
  Client Component Browser:
    ./app/onboarding/page.tsx [Client Component Browser]
    ./app/onboarding/page.tsx [Server Component]

  Client Component SSR:
    ./app/onboarding/page.tsx [Client Component SSR]
    ./app/onboarding/page.tsx [Server Component] @ http://localhost:3000/_next/static/chunks/node_modules_next_dist_1e8vcs8._.js:1052
[  346153ms] [ERROR] ./app/onboarding/page.tsx:204:14
Error: Unterminated regexp literal
  202 |                 </div>
  203 |               </div>
> 204 |             </PantallaFunnel>
      |              ^^^^^^^^^^^^^^^^
  205 |           )}
  206 |
  207 |           {paso === 'reconocimiento' && (

Parsing ecmascript source code failed

Import traces:
  Client Component Browser:
    ./app/onboarding/page.tsx [Client Component Browser]
    ./app/onboarding/page.tsx [Server Component]

  Client Component SSR:
    ./app/onboarding/page.tsx [Client Component SSR]
    ./app/onboarding/page.tsx [Server Component] @ http://localhost:3000/_next/static/chunks/node_modules_next_dist_1e8vcs8._.js:1052
[  346197ms] [ERROR] ./app/onboarding/page.tsx:204:13
Error: Expression expected
  202 |                 </div>
  203 |               </div>
> 204 |             </PantallaFunnel>
      |             ^
  205 |           )}
  206 |
  207 |           {paso === 'reconocimiento' && (

Parsing ecmascript source code failed

Import traces:
  Client Component Browser:
    ./app/onboarding/page.tsx [Client Component Browser]
    ./app/onboarding/page.tsx [Server Component]

  Client Component SSR:
    ./app/onboarding/page.tsx [Client Component SSR]
    ./app/onboarding/page.tsx [Server Component] @ http://localhost:3000/_next/static/chunks/node_modules_next_dist_1e8vcs8._.js:1052
[  346198ms] [ERROR] ./app/onboarding/page.tsx:204:14
Error: Unterminated regexp literal
  202 |                 </div>
  203 |               </div>
> 204 |             </PantallaFunnel>
      |              ^^^^^^^^^^^^^^^^
  205 |           )}
  206 |
  207 |           {paso === 'reconocimiento' && (

Parsing ecmascript source code failed

Import traces:
  Client Component Browser:
    ./app/onboarding/page.tsx [Client Component Browser]
    ./app/onboarding/page.tsx [Server Component]

  Client Component SSR:
    ./app/onboarding/page.tsx [Client Component SSR]
    ./app/onboarding/page.tsx [Server Component] @ http://localhost:3000/_next/static/chunks/node_modules_next_dist_1e8vcs8._.js:1052
[  346243ms] [ERROR] ./app/onboarding/page.tsx:204:13
Error: Expression expected
  202 |                 </div>
  203 |               </div>
> 204 |             </PantallaFunnel>
      |             ^
  205 |           )}
  206 |
  207 |           {paso === 'reconocimiento' && (

Parsing ecmascript source code failed

Import traces:
  Client Component Browser:
    ./app/onboarding/page.tsx [Client Component Browser]
    ./app/onboarding/page.tsx [Server Component]

  Client Component SSR:
    ./app/onboarding/page.tsx [Client Component SSR]
    ./app/onboarding/page.tsx [Server Component] @ http://localhost:3000/_next/static/chunks/node_modules_next_dist_1e8vcs8._.js:1052
[  346243ms] [ERROR] ./app/onboarding/page.tsx:204:14
Error: Unterminated regexp literal
  202 |                 </div>
  203 |               </div>
> 204 |             </PantallaFunnel>
      |              ^^^^^^^^^^^^^^^^
  205 |           )}
  206 |
  207 |           {paso === 'reconocimiento' && (

Parsing ecmascript source code failed

Import traces:
  Client Component Browser:
    ./app/onboarding/page.tsx [Client Component Browser]
    ./app/onboarding/page.tsx [Server Component]

  Client Component SSR:
    ./app/onboarding/page.tsx [Client Component SSR]
    ./app/onboarding/page.tsx [Server Component] @ http://localhost:3000/_next/static/chunks/node_modules_next_dist_1e8vcs8._.js:1052
[  346294ms] [ERROR] ./app/onboarding/page.tsx:204:13
Error: Expression expected
  202 |                 </div>
  203 |               </div>
> 204 |             </PantallaFunnel>
      |             ^
  205 |           )}
  206 |
  207 |           {paso === 'reconocimiento' && (

Parsing ecmascript source code failed

Import traces:
  Client Component Browser:
    ./app/onboarding/page.tsx [Client Component Browser]
    ./app/onboarding/page.tsx [Server Component]

  Client Component SSR:
    ./app/onboarding/page.tsx [Client Component SSR]
    ./app/onboarding/page.tsx [Server Component] @ http://localhost:3000/_next/static/chunks/node_modules_next_dist_1e8vcs8._.js:1052
[  346294ms] [ERROR] ./app/onboarding/page.tsx:204:14
Error: Unterminated regexp literal
  202 |                 </div>
  203 |               </div>
> 204 |             </PantallaFunnel>
      |              ^^^^^^^^^^^^^^^^
  205 |           )}
  206 |
  207 |           {paso === 'reconocimiento' && (

Parsing ecmascript source code failed

Import traces:
  Client Component Browser:
    ./app/onboarding/page.tsx [Client Component Browser]
    ./app/onboarding/page.tsx [Server Component]

  Client Component SSR:
    ./app/onboarding/page.tsx [Client Component SSR]
    ./app/onboarding/page.tsx [Server Component] @ http://localhost:3000/_next/static/chunks/node_modules_next_dist_1e8vcs8._.js:1052
[  346343ms] [ERROR] ./app/onboarding/page.tsx:204:13
Error: Expression expected
  202 |                 </div>
  203 |               </div>
> 204 |             </PantallaFunnel>
      |             ^
  205 |           )}
  206 |
  207 |           {paso === 'reconocimiento' && (

Parsing ecmascript source code failed

Import traces:
  Client Component Browser:
    ./app/onboarding/page.tsx [Client Component Browser]
    ./app/onboarding/page.tsx [Server Component]

  Client Component SSR:
    ./app/onboarding/page.tsx [Client Component SSR]
    ./app/onboarding/page.tsx [Server Component] @ http://localhost:3000/_next/static/chunks/node_modules_next_dist_1e8vcs8._.js:1052
[  346343ms] [ERROR] ./app/onboarding/page.tsx:204:14
Error: Unterminated regexp literal
  202 |                 </div>
  203 |               </div>
> 204 |             </PantallaFunnel>
      |              ^^^^^^^^^^^^^^^^
  205 |           )}
  206 |
  207 |           {paso === 'reconocimiento' && (

Parsing ecmascript source code failed

Import traces:
  Client Component Browser:
    ./app/onboarding/page.tsx [Client Component Browser]
    ./app/onboarding/page.tsx [Server Component]

  Client Component SSR:
    ./app/onboarding/page.tsx [Client Component SSR]
    ./app/onboarding/page.tsx [Server Component] @ http://localhost:3000/_next/static/chunks/node_modules_next_dist_1e8vcs8._.js:1052
[  346419ms] [ERROR] ./app/onboarding/page.tsx:204:13
Error: Expression expected
  202 |                 </div>
  203 |               </div>
> 204 |             </PantallaFunnel>
      |             ^
  205 |           )}
  206 |
  207 |           {paso === 'reconocimiento' && (

Parsing ecmascript source code failed

Import traces:
  Client Component Browser:
    ./app/onboarding/page.tsx [Client Component Browser]
    ./app/onboarding/page.tsx [Server Component]

  Client Component SSR:
    ./app/onboarding/page.tsx [Client Component SSR]
    ./app/onboarding/page.tsx [Server Component] @ http://localhost:3000/_next/static/chunks/node_modules_next_dist_1e8vcs8._.js:1052
[  346421ms] [ERROR] ./app/onboarding/page.tsx:204:14
Error: Unterminated regexp literal
  202 |                 </div>
  203 |               </div>
> 204 |             </PantallaFunnel>
      |              ^^^^^^^^^^^^^^^^
  205 |           )}
  206 |
  207 |           {paso === 'reconocimiento' && (

Parsing ecmascript source code failed

Import traces:
  Client Component Browser:
    ./app/onboarding/page.tsx [Client Component Browser]
    ./app/onboarding/page.tsx [Server Component]

  Client Component SSR:
    ./app/onboarding/page.tsx [Client Component SSR]
    ./app/onboarding/page.tsx [Server Component] @ http://localhost:3000/_next/static/chunks/node_modules_next_dist_1e8vcs8._.js:1052
[  346470ms] [ERROR] ./app/onboarding/page.tsx:204:13
Error: Expression expected
  202 |                 </div>
  203 |               </div>
> 204 |             </PantallaFunnel>
      |             ^
  205 |           )}
  206 |
  207 |           {paso === 'reconocimiento' && (

Parsing ecmascript source code failed

Import traces:
  Client Component Browser:
    ./app/onboarding/page.tsx [Client Component Browser]
    ./app/onboarding/page.tsx [Server Component]

  Client Component SSR:
    ./app/onboarding/page.tsx [Client Component SSR]
    ./app/onboarding/page.tsx [Server Component] @ http://localhost:3000/_next/static/chunks/node_modules_next_dist_1e8vcs8._.js:1052
[  346470ms] [ERROR] ./app/onboarding/page.tsx:204:14
Error: Unterminated regexp literal
  202 |                 </div>
  203 |               </div>
> 204 |             </PantallaFunnel>
      |              ^^^^^^^^^^^^^^^^
  205 |           )}
  206 |
  207 |           {paso === 'reconocimiento' && (

Parsing ecmascript source code failed

Import traces:
  Client Component Browser:
    ./app/onboarding/page.tsx [Client Component Browser]
    ./app/onboarding/page.tsx [Server Component]

  Client Component SSR:
    ./app/onboarding/page.tsx [Client Component SSR]
    ./app/onboarding/page.tsx [Server Component] @ http://localhost:3000/_next/static/chunks/node_modules_next_dist_1e8vcs8._.js:1052
[  346511ms] [ERROR] ./app/onboarding/page.tsx:204:13
Error: Expression expected
  202 |                 </div>
  203 |               </div>
> 204 |             </PantallaFunnel>
      |             ^
  205 |           )}
  206 |
  207 |           {paso === 'reconocimiento' && (

Parsing ecmascript source code failed

Import traces:
  Client Component Browser:
    ./app/onboarding/page.tsx [Client Component Browser]
    ./app/onboarding/page.tsx [Server Component]

  Client Component SSR:
    ./app/onboarding/page.tsx [Client Component SSR]
    ./app/onboarding/page.tsx [Server Component] @ http://localhost:3000/_next/static/chunks/node_modules_next_dist_1e8vcs8._.js:1052
[  346511ms] [ERROR] ./app/onboarding/page.tsx:204:14
Error: Unterminated regexp literal
  202 |                 </div>
  203 |               </div>
> 204 |             </PantallaFunnel>
      |              ^^^^^^^^^^^^^^^^
  205 |           )}
  206 |
  207 |           {paso === 'reconocimiento' && (

Parsing ecmascript source code failed

Import traces:
  Client Component Browser:
    ./app/onboarding/page.tsx [Client Component Browser]
    ./app/onboarding/page.tsx [Server Component]

  Client Component SSR:
    ./app/onboarding/page.tsx [Client Component SSR]
    ./app/onboarding/page.tsx [Server Component] @ http://localhost:3000/_next/static/chunks/node_modules_next_dist_1e8vcs8._.js:1052
[  346570ms] [ERROR] ./app/onboarding/page.tsx:204:13
Error: Expression expected
  202 |                 </div>
  203 |               </div>
> 204 |             </PantallaFunnel>
      |             ^
  205 |           )}
  206 |
  207 |           {paso === 'reconocimiento' && (

Parsing ecmascript source code failed

Import traces:
  Client Component Browser:
    ./app/onboarding/page.tsx [Client Component Browser]
    ./app/onboarding/page.tsx [Server Component]

  Client Component SSR:
    ./app/onboarding/page.tsx [Client Component SSR]
    ./app/onboarding/page.tsx [Server Component] @ http://localhost:3000/_next/static/chunks/node_modules_next_dist_1e8vcs8._.js:1052
[  346571ms] [ERROR] ./app/onboarding/page.tsx:204:14
Error: Unterminated regexp literal
  202 |                 </div>
  203 |               </div>
> 204 |             </PantallaFunnel>
      |              ^^^^^^^^^^^^^^^^
  205 |           )}
  206 |
  207 |           {paso === 'reconocimiento' && (

Parsing ecmascript source code failed

Import traces:
  Client Component Browser:
    ./app/onboarding/page.tsx [Client Component Browser]
    ./app/onboarding/page.tsx [Server Component]

  Client Component SSR:
    ./app/onboarding/page.tsx [Client Component SSR]
    ./app/onboarding/page.tsx [Server Component] @ http://localhost:3000/_next/static/chunks/node_modules_next_dist_1e8vcs8._.js:1052
[  346626ms] [ERROR] ./app/onboarding/page.tsx:204:13
Error: Expression expected
  202 |                 </div>
  203 |               </div>
> 204 |             </PantallaFunnel>
      |             ^
  205 |           )}
  206 |
  207 |           {paso === 'reconocimiento' && (

Parsing ecmascript source code failed

Import traces:
  Client Component Browser:
    ./app/onboarding/page.tsx [Client Component Browser]
    ./app/onboarding/page.tsx [Server Component]

  Client Component SSR:
    ./app/onboarding/page.tsx [Client Component SSR]
    ./app/onboarding/page.tsx [Server Component] @ http://localhost:3000/_next/static/chunks/node_modules_next_dist_1e8vcs8._.js:1052
[  346627ms] [ERROR] ./app/onboarding/page.tsx:204:14
Error: Unterminated regexp literal
  202 |                 </div>
  203 |               </div>
> 204 |             </PantallaFunnel>
      |              ^^^^^^^^^^^^^^^^
  205 |           )}
  206 |
  207 |           {paso === 'reconocimiento' && (

Parsing ecmascript source code failed

Import traces:
  Client Component Browser:
    ./app/onboarding/page.tsx [Client Component Browser]
    ./app/onboarding/page.tsx [Server Component]

  Client Component SSR:
    ./app/onboarding/page.tsx [Client Component SSR]
    ./app/onboarding/page.tsx [Server Component] @ http://localhost:3000/_next/static/chunks/node_modules_next_dist_1e8vcs8._.js:1052
[  346675ms] [ERROR] ./app/onboarding/page.tsx:204:13
Error: Expression expected
  202 |                 </div>
  203 |               </div>
> 204 |             </PantallaFunnel>
      |             ^
  205 |           )}
  206 |
  207 |           {paso === 'reconocimiento' && (

Parsing ecmascript source code failed

Import traces:
  Client Component Browser:
    ./app/onboarding/page.tsx [Client Component Browser]
    ./app/onboarding/page.tsx [Server Component]

  Client Component SSR:
    ./app/onboarding/page.tsx [Client Component SSR]
    ./app/onboarding/page.tsx [Server Component] @ http://localhost:3000/_next/static/chunks/node_modules_next_dist_1e8vcs8._.js:1052
[  346678ms] [ERROR] ./app/onboarding/page.tsx:204:14
Error: Unterminated regexp literal
  202 |                 </div>
  203 |               </div>
> 204 |             </PantallaFunnel>
      |              ^^^^^^^^^^^^^^^^
  205 |           )}
  206 |
  207 |           {paso === 'reconocimiento' && (

Parsing ecmascript source code failed

Import traces:
  Client Component Browser:
    ./app/onboarding/page.tsx [Client Component Browser]
    ./app/onboarding/page.tsx [Server Component]

  Client Component SSR:
    ./app/onboarding/page.tsx [Client Component SSR]
    ./app/onboarding/page.tsx [Server Component] @ http://localhost:3000/_next/static/chunks/node_modules_next_dist_1e8vcs8._.js:1052
[  346721ms] [ERROR] ./app/onboarding/page.tsx:204:13
Error: Expression expected
  202 |                 </div>
  203 |               </div>
> 204 |             </PantallaFunnel>
      |             ^
  205 |           )}
  206 |
  207 |           {paso === 'reconocimiento' && (

Parsing ecmascript source code failed

Import traces:
  Client Component Browser:
    ./app/onboarding/page.tsx [Client Component Browser]
    ./app/onboarding/page.tsx [Server Component]

  Client Component SSR:
    ./app/onboarding/page.tsx [Client Component SSR]
    ./app/onboarding/page.tsx [Server Component] @ http://localhost:3000/_next/static/chunks/node_modules_next_dist_1e8vcs8._.js:1052
[  346721ms] [ERROR] ./app/onboarding/page.tsx:204:14
Error: Unterminated regexp literal
  202 |                 </div>
  203 |               </div>
> 204 |             </PantallaFunnel>
      |              ^^^^^^^^^^^^^^^^
  205 |           )}
  206 |
  207 |           {paso === 'reconocimiento' && (

Parsing ecmascript source code failed

Import traces:
  Client Component Browser:
    ./app/onboarding/page.tsx [Client Component Browser]
    ./app/onboarding/page.tsx [Server Component]

  Client Component SSR:
    ./app/onboarding/page.tsx [Client Component SSR]
    ./app/onboarding/page.tsx [Server Component] @ http://localhost:3000/_next/static/chunks/node_modules_next_dist_1e8vcs8._.js:1052
[  346798ms] [ERROR] ./app/onboarding/page.tsx:204:13
Error: Expression expected
  202 |                 </div>
  203 |               </div>
> 204 |             </PantallaFunnel>
      |             ^
  205 |           )}
  206 |
  207 |           {paso === 'reconocimiento' && (

Parsing ecmascript source code failed

Import traces:
  Client Component Browser:
    ./app/onboarding/page.tsx [Client Component Browser]
    ./app/onboarding/page.tsx [Server Component]

  Client Component SSR:
    ./app/onboarding/page.tsx [Client Component SSR]
    ./app/onboarding/page.tsx [Server Component] @ http://localhost:3000/_next/static/chunks/node_modules_next_dist_1e8vcs8._.js:1052
[  346799ms] [ERROR] ./app/onboarding/page.tsx:204:14
Error: Unterminated regexp literal
  202 |                 </div>
  203 |               </div>
> 204 |             </PantallaFunnel>
      |              ^^^^^^^^^^^^^^^^
  205 |           )}
  206 |
  207 |           {paso === 'reconocimiento' && (

Parsing ecmascript source code failed

Import traces:
  Client Component Browser:
    ./app/onboarding/page.tsx [Client Component Browser]
    ./app/onboarding/page.tsx [Server Component]

  Client Component SSR:
    ./app/onboarding/page.tsx [Client Component SSR]
    ./app/onboarding/page.tsx [Server Component] @ http://localhost:3000/_next/static/chunks/node_modules_next_dist_1e8vcs8._.js:1052
[  346852ms] [ERROR] ./app/onboarding/page.tsx:204:13
Error: Expression expected
  202 |                 </div>
  203 |               </div>
> 204 |             </PantallaFunnel>
      |             ^
  205 |           )}
  206 |
  207 |           {paso === 'reconocimiento' && (

Parsing ecmascript source code failed

Import traces:
  Client Component Browser:
    ./app/onboarding/page.tsx [Client Component Browser]
    ./app/onboarding/page.tsx [Server Component]

  Client Component SSR:
    ./app/onboarding/page.tsx [Client Component SSR]
    ./app/onboarding/page.tsx [Server Component] @ http://localhost:3000/_next/static/chunks/node_modules_next_dist_1e8vcs8._.js:1052
[  346852ms] [ERROR] ./app/onboarding/page.tsx:204:14
Error: Unterminated regexp literal
  202 |                 </div>
  203 |               </div>
> 204 |             </PantallaFunnel>
      |              ^^^^^^^^^^^^^^^^
  205 |           )}
  206 |
  207 |           {paso === 'reconocimiento' && (

Parsing ecmascript source code failed

Import traces:
  Client Component Browser:
    ./app/onboarding/page.tsx [Client Component Browser]
    ./app/onboarding/page.tsx [Server Component]

  Client Component SSR:
    ./app/onboarding/page.tsx [Client Component SSR]
    ./app/onboarding/page.tsx [Server Component] @ http://localhost:3000/_next/static/chunks/node_modules_next_dist_1e8vcs8._.js:1052
[  346908ms] [ERROR] ./app/onboarding/page.tsx:204:13
Error: Expression expected
  202 |                 </div>
  203 |               </div>
> 204 |             </PantallaFunnel>
      |             ^
  205 |           )}
  206 |
  207 |           {paso === 'reconocimiento' && (

Parsing ecmascript source code failed

Import traces:
  Client Component Browser:
    ./app/onboarding/page.tsx [Client Component Browser]
    ./app/onboarding/page.tsx [Server Component]

  Client Component SSR:
    ./app/onboarding/page.tsx [Client Component SSR]
    ./app/onboarding/page.tsx [Server Component] @ http://localhost:3000/_next/static/chunks/node_modules_next_dist_1e8vcs8._.js:1052
[  346908ms] [ERROR] ./app/onboarding/page.tsx:204:14
Error: Unterminated regexp literal
  202 |                 </div>
  203 |               </div>
> 204 |             </PantallaFunnel>
      |              ^^^^^^^^^^^^^^^^
  205 |           )}
  206 |
  207 |           {paso === 'reconocimiento' && (

Parsing ecmascript source code failed

Import traces:
  Client Component Browser:
    ./app/onboarding/page.tsx [Client Component Browser]
    ./app/onboarding/page.tsx [Server Component]

  Client Component SSR:
    ./app/onboarding/page.tsx [Client Component SSR]
    ./app/onboarding/page.tsx [Server Component] @ http://localhost:3000/_next/static/chunks/node_modules_next_dist_1e8vcs8._.js:1052
[  346965ms] [ERROR] ./app/onboarding/page.tsx:204:13
Error: Expression expected
  202 |                 </div>
  203 |               </div>
> 204 |             </PantallaFunnel>
      |             ^
  205 |           )}
  206 |
  207 |           {paso === 'reconocimiento' && (

Parsing ecmascript source code failed

Import traces:
  Client Component Browser:
    ./app/onboarding/page.tsx [Client Component Browser]
    ./app/onboarding/page.tsx [Server Component]

  Client Component SSR:
    ./app/onboarding/page.tsx [Client Component SSR]
    ./app/onboarding/page.tsx [Server Component] @ http://localhost:3000/_next/static/chunks/node_modules_next_dist_1e8vcs8._.js:1052
[  346965ms] [ERROR] ./app/onboarding/page.tsx:204:14
Error: Unterminated regexp literal
  202 |                 </div>
  203 |               </div>
> 204 |             </PantallaFunnel>
      |              ^^^^^^^^^^^^^^^^
  205 |           )}
  206 |
  207 |           {paso === 'reconocimiento' && (

Parsing ecmascript source code failed

Import traces:
  Client Component Browser:
    ./app/onboarding/page.tsx [Client Component Browser]
    ./app/onboarding/page.tsx [Server Component]

  Client Component SSR:
    ./app/onboarding/page.tsx [Client Component SSR]
    ./app/onboarding/page.tsx [Server Component] @ http://localhost:3000/_next/static/chunks/node_modules_next_dist_1e8vcs8._.js:1052
[  347019ms] [ERROR] ./app/onboarding/page.tsx:204:13
Error: Expression expected
  202 |                 </div>
  203 |               </div>
> 204 |             </PantallaFunnel>
      |             ^
  205 |           )}
  206 |
  207 |           {paso === 'reconocimiento' && (

Parsing ecmascript source code failed

Import traces:
  Client Component Browser:
    ./app/onboarding/page.tsx [Client Component Browser]
    ./app/onboarding/page.tsx [Server Component]

  Client Component SSR:
    ./app/onboarding/page.tsx [Client Component SSR]
    ./app/onboarding/page.tsx [Server Component] @ http://localhost:3000/_next/static/chunks/node_modules_next_dist_1e8vcs8._.js:1052
[  347020ms] [ERROR] ./app/onboarding/page.tsx:204:14
Error: Unterminated regexp literal
  202 |                 </div>
  203 |               </div>
> 204 |             </PantallaFunnel>
      |              ^^^^^^^^^^^^^^^^
  205 |           )}
  206 |
  207 |           {paso === 'reconocimiento' && (

Parsing ecmascript source code failed

Import traces:
  Client Component Browser:
    ./app/onboarding/page.tsx [Client Component Browser]
    ./app/onboarding/page.tsx [Server Component]

  Client Component SSR:
    ./app/onboarding/page.tsx [Client Component SSR]
    ./app/onboarding/page.tsx [Server Component] @ http://localhost:3000/_next/static/chunks/node_modules_next_dist_1e8vcs8._.js:1052
[  347078ms] [ERROR] ./app/onboarding/page.tsx:204:13
Error: Expression expected
  202 |                 </div>
  203 |               </div>
> 204 |             </PantallaFunnel>
      |             ^
  205 |           )}
  206 |
  207 |           {paso === 'reconocimiento' && (

Parsing ecmascript source code failed

Import traces:
  Client Component Browser:
    ./app/onboarding/page.tsx [Client Component Browser]
    ./app/onboarding/page.tsx [Server Component]

  Client Component SSR:
    ./app/onboarding/page.tsx [Client Component SSR]
    ./app/onboarding/page.tsx [Server Component] @ http://localhost:3000/_next/static/chunks/node_modules_next_dist_1e8vcs8._.js:1052
[  347079ms] [ERROR] ./app/onboarding/page.tsx:204:14
Error: Unterminated regexp literal
  202 |                 </div>
  203 |               </div>
> 204 |             </PantallaFunnel>
      |              ^^^^^^^^^^^^^^^^
  205 |           )}
  206 |
  207 |           {paso === 'reconocimiento' && (

Parsing ecmascript source code failed

Import traces:
  Client Component Browser:
    ./app/onboarding/page.tsx [Client Component Browser]
    ./app/onboarding/page.tsx [Server Component]

  Client Component SSR:
    ./app/onboarding/page.tsx [Client Component SSR]
    ./app/onboarding/page.tsx [Server Component] @ http://localhost:3000/_next/static/chunks/node_modules_next_dist_1e8vcs8._.js:1052
[  347127ms] [ERROR] ./app/onboarding/page.tsx:204:13
Error: Expression expected
  202 |                 </div>
  203 |               </div>
> 204 |             </PantallaFunnel>
      |             ^
  205 |           )}
  206 |
  207 |           {paso === 'reconocimiento' && (

Parsing ecmascript source code failed

Import traces:
  Client Component Browser:
    ./app/onboarding/page.tsx [Client Component Browser]
    ./app/onboarding/page.tsx [Server Component]

  Client Component SSR:
    ./app/onboarding/page.tsx [Client Component SSR]
    ./app/onboarding/page.tsx [Server Component] @ http://localhost:3000/_next/static/chunks/node_modules_next_dist_1e8vcs8._.js:1052
[  347127ms] [ERROR] ./app/onboarding/page.tsx:204:14
Error: Unterminated regexp literal
  202 |                 </div>
  203 |               </div>
> 204 |             </PantallaFunnel>
      |              ^^^^^^^^^^^^^^^^
  205 |           )}
  206 |
  207 |           {paso === 'reconocimiento' && (

Parsing ecmascript source code failed

Import traces:
  Client Component Browser:
    ./app/onboarding/page.tsx [Client Component Browser]
    ./app/onboarding/page.tsx [Server Component]

  Client Component SSR:
    ./app/onboarding/page.tsx [Client Component SSR]
    ./app/onboarding/page.tsx [Server Component] @ http://localhost:3000/_next/static/chunks/node_modules_next_dist_1e8vcs8._.js:1052
[  347179ms] [ERROR] ./app/onboarding/page.tsx:204:13
Error: Expression expected
  202 |                 </div>
  203 |               </div>
> 204 |             </PantallaFunnel>
      |             ^
  205 |           )}
  206 |
  207 |           {paso === 'reconocimiento' && (

Parsing ecmascript source code failed

Import traces:
  Client Component Browser:
    ./app/onboarding/page.tsx [Client Component Browser]
    ./app/onboarding/page.tsx [Server Component]

  Client Component SSR:
    ./app/onboarding/page.tsx [Client Component SSR]
    ./app/onboarding/page.tsx [Server Component] @ http://localhost:3000/_next/static/chunks/node_modules_next_dist_1e8vcs8._.js:1052
[  347181ms] [ERROR] ./app/onboarding/page.tsx:204:14
Error: Unterminated regexp literal
  202 |                 </div>
  203 |               </div>
> 204 |             </PantallaFunnel>
      |              ^^^^^^^^^^^^^^^^
  205 |           )}
  206 |
  207 |           {paso === 'reconocimiento' && (

Parsing ecmascript source code failed

Import traces:
  Client Component Browser:
    ./app/onboarding/page.tsx [Client Component Browser]
    ./app/onboarding/page.tsx [Server Component]

  Client Component SSR:
    ./app/onboarding/page.tsx [Client Component SSR]
    ./app/onboarding/page.tsx [Server Component] @ http://localhost:3000/_next/static/chunks/node_modules_next_dist_1e8vcs8._.js:1052
[  347226ms] [ERROR] ./app/onboarding/page.tsx:204:13
Error: Expression expected
  202 |                 </div>
  203 |               </div>
> 204 |             </PantallaFunnel>
      |             ^
  205 |           )}
  206 |
  207 |           {paso === 'reconocimiento' && (

Parsing ecmascript source code failed

Import traces:
  Client Component Browser:
    ./app/onboarding/page.tsx [Client Component Browser]
    ./app/onboarding/page.tsx [Server Component]

  Client Component SSR:
    ./app/onboarding/page.tsx [Client Component SSR]
    ./app/onboarding/page.tsx [Server Component] @ http://localhost:3000/_next/static/chunks/node_modules_next_dist_1e8vcs8._.js:1052
[  347227ms] [ERROR] ./app/onboarding/page.tsx:204:14
Error: Unterminated regexp literal
  202 |                 </div>
  203 |               </div>
> 204 |             </PantallaFunnel>
      |              ^^^^^^^^^^^^^^^^
  205 |           )}
  206 |
  207 |           {paso === 'reconocimiento' && (

Parsing ecmascript source code failed

Import traces:
  Client Component Browser:
    ./app/onboarding/page.tsx [Client Component Browser]
    ./app/onboarding/page.tsx [Server Component]

  Client Component SSR:
    ./app/onboarding/page.tsx [Client Component SSR]
    ./app/onboarding/page.tsx [Server Component] @ http://localhost:3000/_next/static/chunks/node_modules_next_dist_1e8vcs8._.js:1052
[  347276ms] [ERROR] ./app/onboarding/page.tsx:204:13
Error: Expression expected
  202 |                 </div>
  203 |               </div>
> 204 |             </PantallaFunnel>
      |             ^
  205 |           )}
  206 |
  207 |           {paso === 'reconocimiento' && (

Parsing ecmascript source code failed

Import traces:
  Client Component Browser:
    ./app/onboarding/page.tsx [Client Component Browser]
    ./app/onboarding/page.tsx [Server Component]

  Client Component SSR:
    ./app/onboarding/page.tsx [Client Component SSR]
    ./app/onboarding/page.tsx [Server Component] @ http://localhost:3000/_next/static/chunks/node_modules_next_dist_1e8vcs8._.js:1052
[  347276ms] [ERROR] ./app/onboarding/page.tsx:204:14
Error: Unterminated regexp literal
  202 |                 </div>
  203 |               </div>
> 204 |             </PantallaFunnel>
      |              ^^^^^^^^^^^^^^^^
  205 |           )}
  206 |
  207 |           {paso === 'reconocimiento' && (

Parsing ecmascript source code failed

Import traces:
  Client Component Browser:
    ./app/onboarding/page.tsx [Client Component Browser]
    ./app/onboarding/page.tsx [Server Component]

  Client Component SSR:
    ./app/onboarding/page.tsx [Client Component SSR]
    ./app/onboarding/page.tsx [Server Component] @ http://localhost:3000/_next/static/chunks/node_modules_next_dist_1e8vcs8._.js:1052
[  347320ms] [ERROR] ./app/onboarding/page.tsx:204:13
Error: Expression expected
  202 |                 </div>
  203 |               </div>
> 204 |             </PantallaFunnel>
      |             ^
  205 |           )}
  206 |
  207 |           {paso === 'reconocimiento' && (

Parsing ecmascript source code failed

Import traces:
  Client Component Browser:
    ./app/onboarding/page.tsx [Client Component Browser]
    ./app/onboarding/page.tsx [Server Component]

  Client Component SSR:
    ./app/onboarding/page.tsx [Client Component SSR]
    ./app/onboarding/page.tsx [Server Component] @ http://localhost:3000/_next/static/chunks/node_modules_next_dist_1e8vcs8._.js:1052
[  347320ms] [ERROR] ./app/onboarding/page.tsx:204:14
Error: Unterminated regexp literal
  202 |                 </div>
  203 |               </div>
> 204 |             </PantallaFunnel>
      |              ^^^^^^^^^^^^^^^^
  205 |           )}
  206 |
  207 |           {paso === 'reconocimiento' && (

Parsing ecmascript source code failed

Import traces:
  Client Component Browser:
    ./app/onboarding/page.tsx [Client Component Browser]
    ./app/onboarding/page.tsx [Server Component]

  Client Component SSR:
    ./app/onboarding/page.tsx [Client Component SSR]
    ./app/onboarding/page.tsx [Server Component] @ http://localhost:3000/_next/static/chunks/node_modules_next_dist_1e8vcs8._.js:1052
[  347369ms] [ERROR] ./app/onboarding/page.tsx:204:13
Error: Expression expected
  202 |                 </div>
  203 |               </div>
> 204 |             </PantallaFunnel>
      |             ^
  205 |           )}
  206 |
  207 |           {paso === 'reconocimiento' && (

Parsing ecmascript source code failed

Import traces:
  Client Component Browser:
    ./app/onboarding/page.tsx [Client Component Browser]
    ./app/onboarding/page.tsx [Server Component]

  Client Component SSR:
    ./app/onboarding/page.tsx [Client Component SSR]
    ./app/onboarding/page.tsx [Server Component] @ http://localhost:3000/_next/static/chunks/node_modules_next_dist_1e8vcs8._.js:1052
[  347371ms] [ERROR] ./app/onboarding/page.tsx:204:14
Error: Unterminated regexp literal
  202 |                 </div>
  203 |               </div>
> 204 |             </PantallaFunnel>
      |              ^^^^^^^^^^^^^^^^
  205 |           )}
  206 |
  207 |           {paso === 'reconocimiento' && (

Parsing ecmascript source code failed

Import traces:
  Client Component Browser:
    ./app/onboarding/page.tsx [Client Component Browser]
    ./app/onboarding/page.tsx [Server Component]

  Client Component SSR:
    ./app/onboarding/page.tsx [Client Component SSR]
    ./app/onboarding/page.tsx [Server Component] @ http://localhost:3000/_next/static/chunks/node_modules_next_dist_1e8vcs8._.js:1052
[  347409ms] [ERROR] ./app/onboarding/page.tsx:204:13
Error: Expression expected
  202 |                 </div>
  203 |               </div>
> 204 |             </PantallaFunnel>
      |             ^
  205 |           )}
  206 |
  207 |           {paso === 'reconocimiento' && (

Parsing ecmascript source code failed

Import traces:
  Client Component Browser:
    ./app/onboarding/page.tsx [Client Component Browser]
    ./app/onboarding/page.tsx [Server Component]

  Client Component SSR:
    ./app/onboarding/page.tsx [Client Component SSR]
    ./app/onboarding/page.tsx [Server Component] @ http://localhost:3000/_next/static/chunks/node_modules_next_dist_1e8vcs8._.js:1052
[  347409ms] [ERROR] ./app/onboarding/page.tsx:204:14
Error: Unterminated regexp literal
  202 |                 </div>
  203 |               </div>
> 204 |             </PantallaFunnel>
      |              ^^^^^^^^^^^^^^^^
  205 |           )}
  206 |
  207 |           {paso === 'reconocimiento' && (

Parsing ecmascript source code failed

Import traces:
  Client Component Browser:
    ./app/onboarding/page.tsx [Client Component Browser]
    ./app/onboarding/page.tsx [Server Component]

  Client Component SSR:
    ./app/onboarding/page.tsx [Client Component SSR]
    ./app/onboarding/page.tsx [Server Component] @ http://localhost:3000/_next/static/chunks/node_modules_next_dist_1e8vcs8._.js:1052
[  347452ms] [ERROR] ./app/onboarding/page.tsx:204:13
Error: Expression expected
  202 |                 </div>
  203 |               </div>
> 204 |             </PantallaFunnel>
      |             ^
  205 |           )}
  206 |
  207 |           {paso === 'reconocimiento' && (

Parsing ecmascript source code failed

Import traces:
  Client Component Browser:
    ./app/onboarding/page.tsx [Client Component Browser]
    ./app/onboarding/page.tsx [Server Component]

  Client Component SSR:
    ./app/onboarding/page.tsx [Client Component SSR]
    ./app/onboarding/page.tsx [Server Component] @ http://localhost:3000/_next/static/chunks/node_modules_next_dist_1e8vcs8._.js:1052
[  347452ms] [ERROR] ./app/onboarding/page.tsx:204:14
Error: Unterminated regexp literal
  202 |                 </div>
  203 |               </div>
> 204 |             </PantallaFunnel>
      |              ^^^^^^^^^^^^^^^^
  205 |           )}
  206 |
  207 |           {paso === 'reconocimiento' && (

Parsing ecmascript source code failed

Import traces:
  Client Component Browser:
    ./app/onboarding/page.tsx [Client Component Browser]
    ./app/onboarding/page.tsx [Server Component]

  Client Component SSR:
    ./app/onboarding/page.tsx [Client Component SSR]
    ./app/onboarding/page.tsx [Server Component] @ http://localhost:3000/_next/static/chunks/node_modules_next_dist_1e8vcs8._.js:1052
[  347508ms] [ERROR] ./app/onboarding/page.tsx:204:13
Error: Expression expected
  202 |                 </div>
  203 |               </div>
> 204 |             </PantallaFunnel>
      |             ^
  205 |           )}
  206 |
  207 |           {paso === 'reconocimiento' && (

Parsing ecmascript source code failed

Import traces:
  Client Component Browser:
    ./app/onboarding/page.tsx [Client Component Browser]
    ./app/onboarding/page.tsx [Server Component]

  Client Component SSR:
    ./app/onboarding/page.tsx [Client Component SSR]
    ./app/onboarding/page.tsx [Server Component] @ http://localhost:3000/_next/static/chunks/node_modules_next_dist_1e8vcs8._.js:1052
[  347508ms] [ERROR] ./app/onboarding/page.tsx:204:14
Error: Unterminated regexp literal
  202 |                 </div>
  203 |               </div>
> 204 |             </PantallaFunnel>
      |              ^^^^^^^^^^^^^^^^
  205 |           )}
  206 |
  207 |           {paso === 'reconocimiento' && (

Parsing ecmascript source code failed

Import traces:
  Client Component Browser:
    ./app/onboarding/page.tsx [Client Component Browser]
    ./app/onboarding/page.tsx [Server Component]

  Client Component SSR:
    ./app/onboarding/page.tsx [Client Component SSR]
    ./app/onboarding/page.tsx [Server Component] @ http://localhost:3000/_next/static/chunks/node_modules_next_dist_1e8vcs8._.js:1052
[  347567ms] [ERROR] ./app/onboarding/page.tsx:204:13
Error: Expression expected
  202 |                 </div>
  203 |               </div>
> 204 |             </PantallaFunnel>
      |             ^
  205 |           )}
  206 |
  207 |           {paso === 'reconocimiento' && (

Parsing ecmascript source code failed

Import traces:
  Client Component Browser:
    ./app/onboarding/page.tsx [Client Component Browser]
    ./app/onboarding/page.tsx [Server Component]

  Client Component SSR:
    ./app/onboarding/page.tsx [Client Component SSR]
    ./app/onboarding/page.tsx [Server Component] @ http://localhost:3000/_next/static/chunks/node_modules_next_dist_1e8vcs8._.js:1052
[  347570ms] [ERROR] ./app/onboarding/page.tsx:204:14
Error: Unterminated regexp literal
  202 |                 </div>
  203 |               </div>
> 204 |             </PantallaFunnel>
      |              ^^^^^^^^^^^^^^^^
  205 |           )}
  206 |
  207 |           {paso === 'reconocimiento' && (

Parsing ecmascript source code failed

Import traces:
  Client Component Browser:
    ./app/onboarding/page.tsx [Client Component Browser]
    ./app/onboarding/page.tsx [Server Component]

  Client Component SSR:
    ./app/onboarding/page.tsx [Client Component SSR]
    ./app/onboarding/page.tsx [Server Component] @ http://localhost:3000/_next/static/chunks/node_modules_next_dist_1e8vcs8._.js:1052
[  347637ms] [ERROR] ./app/onboarding/page.tsx:204:13
Error: Expression expected
  202 |                 </div>
  203 |               </div>
> 204 |             </PantallaFunnel>
      |             ^
  205 |           )}
  206 |
  207 |           {paso === 'reconocimiento' && (

Parsing ecmascript source code failed

Import traces:
  Client Component Browser:
    ./app/onboarding/page.tsx [Client Component Browser]
    ./app/onboarding/page.tsx [Server Component]

  Client Component SSR:
    ./app/onboarding/page.tsx [Client Component SSR]
    ./app/onboarding/page.tsx [Server Component] @ http://localhost:3000/_next/static/chunks/node_modules_next_dist_1e8vcs8._.js:1052
[  347637ms] [ERROR] ./app/onboarding/page.tsx:204:14
Error: Unterminated regexp literal
  202 |                 </div>
  203 |               </div>
> 204 |             </PantallaFunnel>
      |              ^^^^^^^^^^^^^^^^
  205 |           )}
  206 |
  207 |           {paso === 'reconocimiento' && (

Parsing ecmascript source code failed

Import traces:
  Client Component Browser:
    ./app/onboarding/page.tsx [Client Component Browser]
    ./app/onboarding/page.tsx [Server Component]

  Client Component SSR:
    ./app/onboarding/page.tsx [Client Component SSR]
    ./app/onboarding/page.tsx [Server Component] @ http://localhost:3000/_next/static/chunks/node_modules_next_dist_1e8vcs8._.js:1052
[  347676ms] [ERROR] ./app/onboarding/page.tsx:204:13
Error: Expression expected
  202 |                 </div>
  203 |               </div>
> 204 |             </PantallaFunnel>
      |             ^
  205 |           )}
  206 |
  207 |           {paso === 'reconocimiento' && (

Parsing ecmascript source code failed

Import traces:
  Client Component Browser:
    ./app/onboarding/page.tsx [Client Component Browser]
    ./app/onboarding/page.tsx [Server Component]

  Client Component SSR:
    ./app/onboarding/page.tsx [Client Component SSR]
    ./app/onboarding/page.tsx [Server Component] @ http://localhost:3000/_next/static/chunks/node_modules_next_dist_1e8vcs8._.js:1052
[  347676ms] [ERROR] ./app/onboarding/page.tsx:204:14
Error: Unterminated regexp literal
  202 |                 </div>
  203 |               </div>
> 204 |             </PantallaFunnel>
      |              ^^^^^^^^^^^^^^^^
  205 |           )}
  206 |
  207 |           {paso === 'reconocimiento' && (

Parsing ecmascript source code failed

Import traces:
  Client Component Browser:
    ./app/onboarding/page.tsx [Client Component Browser]
    ./app/onboarding/page.tsx [Server Component]

  Client Component SSR:
    ./app/onboarding/page.tsx [Client Component SSR]
    ./app/onboarding/page.tsx [Server Component] @ http://localhost:3000/_next/static/chunks/node_modules_next_dist_1e8vcs8._.js:1052
[  347720ms] [ERROR] ./app/onboarding/page.tsx:204:13
Error: Expression expected
  202 |                 </div>
  203 |               </div>
> 204 |             </PantallaFunnel>
      |             ^
  205 |           )}
  206 |
  207 |           {paso === 'reconocimiento' && (

Parsing ecmascript source code failed

Import traces:
  Client Component Browser:
    ./app/onboarding/page.tsx [Client Component Browser]
    ./app/onboarding/page.tsx [Server Component]

  Client Component SSR:
    ./app/onboarding/page.tsx [Client Component SSR]
    ./app/onboarding/page.tsx [Server Component] @ http://localhost:3000/_next/static/chunks/node_modules_next_dist_1e8vcs8._.js:1052
[  347720ms] [ERROR] ./app/onboarding/page.tsx:204:14
Error: Unterminated regexp literal
  202 |                 </div>
  203 |               </div>
> 204 |             </PantallaFunnel>
      |              ^^^^^^^^^^^^^^^^
  205 |           )}
  206 |
  207 |           {paso === 'reconocimiento' && (

Parsing ecmascript source code failed

Import traces:
  Client Component Browser:
    ./app/onboarding/page.tsx [Client Component Browser]
    ./app/onboarding/page.tsx [Server Component]

  Client Component SSR:
    ./app/onboarding/page.tsx [Client Component SSR]
    ./app/onboarding/page.tsx [Server Component] @ http://localhost:3000/_next/static/chunks/node_modules_next_dist_1e8vcs8._.js:1052
[  347767ms] [ERROR] ./app/onboarding/page.tsx:204:13
Error: Expression expected
  202 |                 </div>
  203 |               </div>
> 204 |             </PantallaFunnel>
      |             ^
  205 |           )}
  206 |
  207 |           {paso === 'reconocimiento' && (

Parsing ecmascript source code failed

Import traces:
  Client Component Browser:
    ./app/onboarding/page.tsx [Client Component Browser]
    ./app/onboarding/page.tsx [Server Component]

  Client Component SSR:
    ./app/onboarding/page.tsx [Client Component SSR]
    ./app/onboarding/page.tsx [Server Component] @ http://localhost:3000/_next/static/chunks/node_modules_next_dist_1e8vcs8._.js:1052
[  347768ms] [ERROR] ./app/onboarding/page.tsx:204:14
Error: Unterminated regexp literal
  202 |                 </div>
  203 |               </div>
> 204 |             </PantallaFunnel>
      |              ^^^^^^^^^^^^^^^^
  205 |           )}
  206 |
  207 |           {paso === 'reconocimiento' && (

Parsing ecmascript source code failed

Import traces:
  Client Component Browser:
    ./app/onboarding/page.tsx [Client Component Browser]
    ./app/onboarding/page.tsx [Server Component]

  Client Component SSR:
    ./app/onboarding/page.tsx [Client Component SSR]
    ./app/onboarding/page.tsx [Server Component] @ http://localhost:3000/_next/static/chunks/node_modules_next_dist_1e8vcs8._.js:1052
[  347810ms] [ERROR] ./app/onboarding/page.tsx:204:13
Error: Expression expected
  202 |                 </div>
  203 |               </div>
> 204 |             </PantallaFunnel>
      |             ^
  205 |           )}
  206 |
  207 |           {paso === 'reconocimiento' && (

Parsing ecmascript source code failed

Import traces:
  Client Component Browser:
    ./app/onboarding/page.tsx [Client Component Browser]
    ./app/onboarding/page.tsx [Server Component]

  Client Component SSR:
    ./app/onboarding/page.tsx [Client Component SSR]
    ./app/onboarding/page.tsx [Server Component] @ http://localhost:3000/_next/static/chunks/node_modules_next_dist_1e8vcs8._.js:1052
[  347811ms] [ERROR] ./app/onboarding/page.tsx:204:14
Error: Unterminated regexp literal
  202 |                 </div>
  203 |               </div>
> 204 |             </PantallaFunnel>
      |              ^^^^^^^^^^^^^^^^
  205 |           )}
  206 |
  207 |           {paso === 'reconocimiento' && (

Parsing ecmascript source code failed

Import traces:
  Client Component Browser:
    ./app/onboarding/page.tsx [Client Component Browser]
    ./app/onboarding/page.tsx [Server Component]

  Client Component SSR:
    ./app/onboarding/page.tsx [Client Component SSR]
    ./app/onboarding/page.tsx [Server Component] @ http://localhost:3000/_next/static/chunks/node_modules_next_dist_1e8vcs8._.js:1052
[  347853ms] [ERROR] ./app/onboarding/page.tsx:204:13
Error: Expression expected
  202 |                 </div>
  203 |               </div>
> 204 |             </PantallaFunnel>
      |             ^
  205 |           )}
  206 |
  207 |           {paso === 'reconocimiento' && (

Parsing ecmascript source code failed

Import traces:
  Client Component Browser:
    ./app/onboarding/page.tsx [Client Component Browser]
    ./app/onboarding/page.tsx [Server Component]

  Client Component SSR:
    ./app/onboarding/page.tsx [Client Component SSR]
    ./app/onboarding/page.tsx [Server Component] @ http://localhost:3000/_next/static/chunks/node_modules_next_dist_1e8vcs8._.js:1052
[  347853ms] [ERROR] ./app/onboarding/page.tsx:204:14
Error: Unterminated regexp literal
  202 |                 </div>
  203 |               </div>
> 204 |             </PantallaFunnel>
      |              ^^^^^^^^^^^^^^^^
  205 |           )}
  206 |
  207 |           {paso === 'reconocimiento' && (

Parsing ecmascript source code failed

Import traces:
  Client Component Browser:
    ./app/onboarding/page.tsx [Client Component Browser]
    ./app/onboarding/page.tsx [Server Component]

  Client Component SSR:
    ./app/onboarding/page.tsx [Client Component SSR]
    ./app/onboarding/page.tsx [Server Component] @ http://localhost:3000/_next/static/chunks/node_modules_next_dist_1e8vcs8._.js:1052
[  347894ms] [ERROR] ./app/onboarding/page.tsx:204:13
Error: Expression expected
  202 |                 </div>
  203 |               </div>
> 204 |             </PantallaFunnel>
      |             ^
  205 |           )}
  206 |
  207 |           {paso === 'reconocimiento' && (

Parsing ecmascript source code failed

Import traces:
  Client Component Browser:
    ./app/onboarding/page.tsx [Client Component Browser]
    ./app/onboarding/page.tsx [Server Component]

  Client Component SSR:
    ./app/onboarding/page.tsx [Client Component SSR]
    ./app/onboarding/page.tsx [Server Component] @ http://localhost:3000/_next/static/chunks/node_modules_next_dist_1e8vcs8._.js:1052
[  347896ms] [ERROR] ./app/onboarding/page.tsx:204:14
Error: Unterminated regexp literal
  202 |                 </div>
  203 |               </div>
> 204 |             </PantallaFunnel>
      |              ^^^^^^^^^^^^^^^^
  205 |           )}
  206 |
  207 |           {paso === 'reconocimiento' && (

Parsing ecmascript source code failed

Import traces:
  Client Component Browser:
    ./app/onboarding/page.tsx [Client Component Browser]
    ./app/onboarding/page.tsx [Server Component]

  Client Component SSR:
    ./app/onboarding/page.tsx [Client Component SSR]
    ./app/onboarding/page.tsx [Server Component] @ http://localhost:3000/_next/static/chunks/node_modules_next_dist_1e8vcs8._.js:1052
[  347952ms] [ERROR] ./app/onboarding/page.tsx:204:13
Error: Expression expected
  202 |                 </div>
  203 |               </div>
> 204 |             </PantallaFunnel>
      |             ^
  205 |           )}
  206 |
  207 |           {paso === 'reconocimiento' && (

Parsing ecmascript source code failed

Import traces:
  Client Component Browser:
    ./app/onboarding/page.tsx [Client Component Browser]
    ./app/onboarding/page.tsx [Server Component]

  Client Component SSR:
    ./app/onboarding/page.tsx [Client Component SSR]
    ./app/onboarding/page.tsx [Server Component] @ http://localhost:3000/_next/static/chunks/node_modules_next_dist_1e8vcs8._.js:1052
[  347953ms] [ERROR] ./app/onboarding/page.tsx:204:14
Error: Unterminated regexp literal
  202 |                 </div>
  203 |               </div>
> 204 |             </PantallaFunnel>
      |              ^^^^^^^^^^^^^^^^
  205 |           )}
  206 |
  207 |           {paso === 'reconocimiento' && (

Parsing ecmascript source code failed

Import traces:
  Client Component Browser:
    ./app/onboarding/page.tsx [Client Component Browser]
    ./app/onboarding/page.tsx [Server Component]

  Client Component SSR:
    ./app/onboarding/page.tsx [Client Component SSR]
    ./app/onboarding/page.tsx [Server Component] @ http://localhost:3000/_next/static/chunks/node_modules_next_dist_1e8vcs8._.js:1052
[  348018ms] [ERROR] ./app/onboarding/page.tsx:204:13
Error: Expression expected
  202 |                 </div>
  203 |               </div>
> 204 |             </PantallaFunnel>
      |             ^
  205 |           )}
  206 |
  207 |           {paso === 'reconocimiento' && (

Parsing ecmascript source code failed

Import traces:
  Client Component Browser:
    ./app/onboarding/page.tsx [Client Component Browser]
    ./app/onboarding/page.tsx [Server Component]

  Client Component SSR:
    ./app/onboarding/page.tsx [Client Component SSR]
    ./app/onboarding/page.tsx [Server Component] @ http://localhost:3000/_next/static/chunks/node_modules_next_dist_1e8vcs8._.js:1052
[  348019ms] [ERROR] ./app/onboarding/page.tsx:204:14
Error: Unterminated regexp literal
  202 |                 </div>
  203 |               </div>
> 204 |             </PantallaFunnel>
      |              ^^^^^^^^^^^^^^^^
  205 |           )}
  206 |
  207 |           {paso === 'reconocimiento' && (

Parsing ecmascript source code failed

Import traces:
  Client Component Browser:
    ./app/onboarding/page.tsx [Client Component Browser]
    ./app/onboarding/page.tsx [Server Component]

  Client Component SSR:
    ./app/onboarding/page.tsx [Client Component SSR]
    ./app/onboarding/page.tsx [Server Component] @ http://localhost:3000/_next/static/chunks/node_modules_next_dist_1e8vcs8._.js:1052
[  348077ms] [ERROR] ./app/onboarding/page.tsx:204:13
Error: Expression expected
  202 |                 </div>
  203 |               </div>
> 204 |             </PantallaFunnel>
      |             ^
  205 |           )}
  206 |
  207 |           {paso === 'reconocimiento' && (

Parsing ecmascript source code failed

Import traces:
  Client Component Browser:
    ./app/onboarding/page.tsx [Client Component Browser]
    ./app/onboarding/page.tsx [Server Component]

  Client Component SSR:
    ./app/onboarding/page.tsx [Client Component SSR]
    ./app/onboarding/page.tsx [Server Component] @ http://localhost:3000/_next/static/chunks/node_modules_next_dist_1e8vcs8._.js:1052
[  348077ms] [ERROR] ./app/onboarding/page.tsx:204:14
Error: Unterminated regexp literal
  202 |                 </div>
  203 |               </div>
> 204 |             </PantallaFunnel>
      |              ^^^^^^^^^^^^^^^^
  205 |           )}
  206 |
  207 |           {paso === 'reconocimiento' && (

Parsing ecmascript source code failed

Import traces:
  Client Component Browser:
    ./app/onboarding/page.tsx [Client Component Browser]
    ./app/onboarding/page.tsx [Server Component]

  Client Component SSR:
    ./app/onboarding/page.tsx [Client Component SSR]
    ./app/onboarding/page.tsx [Server Component] @ http://localhost:3000/_next/static/chunks/node_modules_next_dist_1e8vcs8._.js:1052
[  348135ms] [ERROR] ./app/onboarding/page.tsx:204:13
Error: Expression expected
  202 |                 </div>
  203 |               </div>
> 204 |             </PantallaFunnel>
      |             ^
  205 |           )}
  206 |
  207 |           {paso === 'reconocimiento' && (

Parsing ecmascript source code failed

Import traces:
  Client Component Browser:
    ./app/onboarding/page.tsx [Client Component Browser]
    ./app/onboarding/page.tsx [Server Component]

  Client Component SSR:
    ./app/onboarding/page.tsx [Client Component SSR]
    ./app/onboarding/page.tsx [Server Component] @ http://localhost:3000/_next/static/chunks/node_modules_next_dist_1e8vcs8._.js:1052
[  348135ms] [ERROR] ./app/onboarding/page.tsx:204:14
Error: Unterminated regexp literal
  202 |                 </div>
  203 |               </div>
> 204 |             </PantallaFunnel>
      |              ^^^^^^^^^^^^^^^^
  205 |           )}
  206 |
  207 |           {paso === 'reconocimiento' && (

Parsing ecmascript source code failed

Import traces:
  Client Component Browser:
    ./app/onboarding/page.tsx [Client Component Browser]
    ./app/onboarding/page.tsx [Server Component]

  Client Component SSR:
    ./app/onboarding/page.tsx [Client Component SSR]
    ./app/onboarding/page.tsx [Server Component] @ http://localhost:3000/_next/static/chunks/node_modules_next_dist_1e8vcs8._.js:1052
[  348173ms] [ERROR] ./app/onboarding/page.tsx:204:13
Error: Expression expected
  202 |                 </div>
  203 |               </div>
> 204 |             </PantallaFunnel>
      |             ^
  205 |           )}
  206 |
  207 |           {paso === 'reconocimiento' && (

Parsing ecmascript source code failed

Import traces:
  Client Component Browser:
    ./app/onboarding/page.tsx [Client Component Browser]
    ./app/onboarding/page.tsx [Server Component]

  Client Component SSR:
    ./app/onboarding/page.tsx [Client Component SSR]
    ./app/onboarding/page.tsx [Server Component] @ http://localhost:3000/_next/static/chunks/node_modules_next_dist_1e8vcs8._.js:1052
[  348174ms] [ERROR] ./app/onboarding/page.tsx:204:14
Error: Unterminated regexp literal
  202 |                 </div>
  203 |               </div>
> 204 |             </PantallaFunnel>
      |              ^^^^^^^^^^^^^^^^
  205 |           )}
  206 |
  207 |           {paso === 'reconocimiento' && (

Parsing ecmascript source code failed

Import traces:
  Client Component Browser:
    ./app/onboarding/page.tsx [Client Component Browser]
    ./app/onboarding/page.tsx [Server Component]

  Client Component SSR:
    ./app/onboarding/page.tsx [Client Component SSR]
    ./app/onboarding/page.tsx [Server Component] @ http://localhost:3000/_next/static/chunks/node_modules_next_dist_1e8vcs8._.js:1052
[  348230ms] [ERROR] ./app/onboarding/page.tsx:204:13
Error: Expression expected
  202 |                 </div>
  203 |               </div>
> 204 |             </PantallaFunnel>
      |             ^
  205 |           )}
  206 |
  207 |           {paso === 'reconocimiento' && (

Parsing ecmascript source code failed

Import traces:
  Client Component Browser:
    ./app/onboarding/page.tsx [Client Component Browser]
    ./app/onboarding/page.tsx [Server Component]

  Client Component SSR:
    ./app/onboarding/page.tsx [Client Component SSR]
    ./app/onboarding/page.tsx [Server Component] @ http://localhost:3000/_next/static/chunks/node_modules_next_dist_1e8vcs8._.js:1052
[  348231ms] [ERROR] ./app/onboarding/page.tsx:204:14
Error: Unterminated regexp literal
  202 |                 </div>
  203 |               </div>
> 204 |             </PantallaFunnel>
      |              ^^^^^^^^^^^^^^^^
  205 |           )}
  206 |
  207 |           {paso === 'reconocimiento' && (

Parsing ecmascript source code failed

Import traces:
  Client Component Browser:
    ./app/onboarding/page.tsx [Client Component Browser]
    ./app/onboarding/page.tsx [Server Component]

  Client Component SSR:
    ./app/onboarding/page.tsx [Client Component SSR]
    ./app/onboarding/page.tsx [Server Component] @ http://localhost:3000/_next/static/chunks/node_modules_next_dist_1e8vcs8._.js:1052
[  348299ms] [ERROR] ./app/onboarding/page.tsx:204:13
Error: Expression expected
  202 |                 </div>
  203 |               </div>
> 204 |             </PantallaFunnel>
      |             ^
  205 |           )}
  206 |
  207 |           {paso === 'reconocimiento' && (

Parsing ecmascript source code failed

Import traces:
  Client Component Browser:
    ./app/onboarding/page.tsx [Client Component Browser]
    ./app/onboarding/page.tsx [Server Component]

  Client Component SSR:
    ./app/onboarding/page.tsx [Client Component SSR]
    ./app/onboarding/page.tsx [Server Component] @ http://localhost:3000/_next/static/chunks/node_modules_next_dist_1e8vcs8._.js:1052
[  348300ms] [ERROR] ./app/onboarding/page.tsx:204:14
Error: Unterminated regexp literal
  202 |                 </div>
  203 |               </div>
> 204 |             </PantallaFunnel>
      |              ^^^^^^^^^^^^^^^^
  205 |           )}
  206 |
  207 |           {paso === 'reconocimiento' && (

Parsing ecmascript source code failed

Import traces:
  Client Component Browser:
    ./app/onboarding/page.tsx [Client Component Browser]
    ./app/onboarding/page.tsx [Server Component]

  Client Component SSR:
    ./app/onboarding/page.tsx [Client Component SSR]
    ./app/onboarding/page.tsx [Server Component] @ http://localhost:3000/_next/static/chunks/node_modules_next_dist_1e8vcs8._.js:1052
[  348353ms] [ERROR] ./app/onboarding/page.tsx:204:13
Error: Expression expected
  202 |                 </div>
  203 |               </div>
> 204 |             </PantallaFunnel>
      |             ^
  205 |           )}
  206 |
  207 |           {paso === 'reconocimiento' && (

Parsing ecmascript source code failed

Import traces:
  Client Component Browser:
    ./app/onboarding/page.tsx [Client Component Browser]
    ./app/onboarding/page.tsx [Server Component]

  Client Component SSR:
    ./app/onboarding/page.tsx [Client Component SSR]
    ./app/onboarding/page.tsx [Server Component] @ http://localhost:3000/_next/static/chunks/node_modules_next_dist_1e8vcs8._.js:1052
[  348353ms] [ERROR] ./app/onboarding/page.tsx:204:14
Error: Unterminated regexp literal
  202 |                 </div>
  203 |               </div>
> 204 |             </PantallaFunnel>
      |              ^^^^^^^^^^^^^^^^
  205 |           )}
  206 |
  207 |           {paso === 'reconocimiento' && (

Parsing ecmascript source code failed

Import traces:
  Client Component Browser:
    ./app/onboarding/page.tsx [Client Component Browser]
    ./app/onboarding/page.tsx [Server Component]

  Client Component SSR:
    ./app/onboarding/page.tsx [Client Component SSR]
    ./app/onboarding/page.tsx [Server Component] @ http://localhost:3000/_next/static/chunks/node_modules_next_dist_1e8vcs8._.js:1052
[  348408ms] [ERROR] ./app/onboarding/page.tsx:204:13
Error: Expression expected
  202 |                 </div>
  203 |               </div>
> 204 |             </PantallaFunnel>
      |             ^
  205 |           )}
  206 |
  207 |           {paso === 'reconocimiento' && (

Parsing ecmascript source code failed

Import traces:
  Client Component Browser:
    ./app/onboarding/page.tsx [Client Component Browser]
    ./app/onboarding/page.tsx [Server Component]

  Client Component SSR:
    ./app/onboarding/page.tsx [Client Component SSR]
    ./app/onboarding/page.tsx [Server Component] @ http://localhost:3000/_next/static/chunks/node_modules_next_dist_1e8vcs8._.js:1052
[  348408ms] [ERROR] ./app/onboarding/page.tsx:204:14
Error: Unterminated regexp literal
  202 |                 </div>
  203 |               </div>
> 204 |             </PantallaFunnel>
      |              ^^^^^^^^^^^^^^^^
  205 |           )}
  206 |
  207 |           {paso === 'reconocimiento' && (

Parsing ecmascript source code failed

Import traces:
  Client Component Browser:
    ./app/onboarding/page.tsx [Client Component Browser]
    ./app/onboarding/page.tsx [Server Component]

  Client Component SSR:
    ./app/onboarding/page.tsx [Client Component SSR]
    ./app/onboarding/page.tsx [Server Component] @ http://localhost:3000/_next/static/chunks/node_modules_next_dist_1e8vcs8._.js:1052
[  348459ms] [ERROR] ./app/onboarding/page.tsx:204:13
Error: Expression expected
  202 |                 </div>
  203 |               </div>
> 204 |             </PantallaFunnel>
      |             ^
  205 |           )}
  206 |
  207 |           {paso === 'reconocimiento' && (

Parsing ecmascript source code failed

Import traces:
  Client Component Browser:
    ./app/onboarding/page.tsx [Client Component Browser]
    ./app/onboarding/page.tsx [Server Component]

  Client Component SSR:
    ./app/onboarding/page.tsx [Client Component SSR]
    ./app/onboarding/page.tsx [Server Component] @ http://localhost:3000/_next/static/chunks/node_modules_next_dist_1e8vcs8._.js:1052
[  348461ms] [ERROR] ./app/onboarding/page.tsx:204:14
Error: Unterminated regexp literal
  202 |                 </div>
  203 |               </div>
> 204 |             </PantallaFunnel>
      |              ^^^^^^^^^^^^^^^^
  205 |           )}
  206 |
  207 |           {paso === 'reconocimiento' && (

Parsing ecmascript source code failed

Import traces:
  Client Component Browser:
    ./app/onboarding/page.tsx [Client Component Browser]
    ./app/onboarding/page.tsx [Server Component]

  Client Component SSR:
    ./app/onboarding/page.tsx [Client Component SSR]
    ./app/onboarding/page.tsx [Server Component] @ http://localhost:3000/_next/static/chunks/node_modules_next_dist_1e8vcs8._.js:1052
[  348520ms] [ERROR] ./app/onboarding/page.tsx:204:13
Error: Expression expected
  202 |                 </div>
  203 |               </div>
> 204 |             </PantallaFunnel>
      |             ^
  205 |           )}
  206 |
  207 |           {paso === 'reconocimiento' && (

Parsing ecmascript source code failed

Import traces:
  Client Component Browser:
    ./app/onboarding/page.tsx [Client Component Browser]
    ./app/onboarding/page.tsx [Server Component]

  Client Component SSR:
    ./app/onboarding/page.tsx [Client Component SSR]
    ./app/onboarding/page.tsx [Server Component] @ http://localhost:3000/_next/static/chunks/node_modules_next_dist_1e8vcs8._.js:1052
[  348520ms] [ERROR] ./app/onboarding/page.tsx:204:14
Error: Unterminated regexp literal
  202 |                 </div>
  203 |               </div>
> 204 |             </PantallaFunnel>
      |              ^^^^^^^^^^^^^^^^
  205 |           )}
  206 |
  207 |           {paso === 'reconocimiento' && (

Parsing ecmascript source code failed

Import traces:
  Client Component Browser:
    ./app/onboarding/page.tsx [Client Component Browser]
    ./app/onboarding/page.tsx [Server Component]

  Client Component SSR:
    ./app/onboarding/page.tsx [Client Component SSR]
    ./app/onboarding/page.tsx [Server Component] @ http://localhost:3000/_next/static/chunks/node_modules_next_dist_1e8vcs8._.js:1052
[  348559ms] [ERROR] ./app/onboarding/page.tsx:204:13
Error: Expression expected
  202 |                 </div>
  203 |               </div>
> 204 |             </PantallaFunnel>
      |             ^
  205 |           )}
  206 |
  207 |           {paso === 'reconocimiento' && (

Parsing ecmascript source code failed

Import traces:
  Client Component Browser:
    ./app/onboarding/page.tsx [Client Component Browser]
    ./app/onboarding/page.tsx [Server Component]

  Client Component SSR:
    ./app/onboarding/page.tsx [Client Component SSR]
    ./app/onboarding/page.tsx [Server Component] @ http://localhost:3000/_next/static/chunks/node_modules_next_dist_1e8vcs8._.js:1052
[  348559ms] [ERROR] ./app/onboarding/page.tsx:204:14
Error: Unterminated regexp literal
  202 |                 </div>
  203 |               </div>
> 204 |             </PantallaFunnel>
      |              ^^^^^^^^^^^^^^^^
  205 |           )}
  206 |
  207 |           {paso === 'reconocimiento' && (

Parsing ecmascript source code failed

Import traces:
  Client Component Browser:
    ./app/onboarding/page.tsx [Client Component Browser]
    ./app/onboarding/page.tsx [Server Component]

  Client Component SSR:
    ./app/onboarding/page.tsx [Client Component SSR]
    ./app/onboarding/page.tsx [Server Component] @ http://localhost:3000/_next/static/chunks/node_modules_next_dist_1e8vcs8._.js:1052
[  348618ms] [ERROR] ./app/onboarding/page.tsx:204:13
Error: Expression expected
  202 |                 </div>
  203 |               </div>
> 204 |             </PantallaFunnel>
      |             ^
  205 |           )}
  206 |
  207 |           {paso === 'reconocimiento' && (

Parsing ecmascript source code failed

Import traces:
  Client Component Browser:
    ./app/onboarding/page.tsx [Client Component Browser]
    ./app/onboarding/page.tsx [Server Component]

  Client Component SSR:
    ./app/onboarding/page.tsx [Client Component SSR]
    ./app/onboarding/page.tsx [Server Component] @ http://localhost:3000/_next/static/chunks/node_modules_next_dist_1e8vcs8._.js:1052
[  348620ms] [ERROR] ./app/onboarding/page.tsx:204:14
Error: Unterminated regexp literal
  202 |                 </div>
  203 |               </div>
> 204 |             </PantallaFunnel>
      |              ^^^^^^^^^^^^^^^^
  205 |           )}
  206 |
  207 |           {paso === 'reconocimiento' && (

Parsing ecmascript source code failed

Import traces:
  Client Component Browser:
    ./app/onboarding/page.tsx [Client Component Browser]
    ./app/onboarding/page.tsx [Server Component]

  Client Component SSR:
    ./app/onboarding/page.tsx [Client Component SSR]
    ./app/onboarding/page.tsx [Server Component] @ http://localhost:3000/_next/static/chunks/node_modules_next_dist_1e8vcs8._.js:1052
[  348658ms] [ERROR] ./app/onboarding/page.tsx:204:13
Error: Expression expected
  202 |                 </div>
  203 |               </div>
> 204 |             </PantallaFunnel>
      |             ^
  205 |           )}
  206 |
  207 |           {paso === 'reconocimiento' && (

Parsing ecmascript source code failed

Import traces:
  Client Component Browser:
    ./app/onboarding/page.tsx [Client Component Browser]
    ./app/onboarding/page.tsx [Server Component]

  Client Component SSR:
    ./app/onboarding/page.tsx [Client Component SSR]
    ./app/onboarding/page.tsx [Server Component] @ http://localhost:3000/_next/static/chunks/node_modules_next_dist_1e8vcs8._.js:1052
[  348659ms] [ERROR] ./app/onboarding/page.tsx:204:14
Error: Unterminated regexp literal
  202 |                 </div>
  203 |               </div>
> 204 |             </PantallaFunnel>
      |              ^^^^^^^^^^^^^^^^
  205 |           )}
  206 |
  207 |           {paso === 'reconocimiento' && (

Parsing ecmascript source code failed

Import traces:
  Client Component Browser:
    ./app/onboarding/page.tsx [Client Component Browser]
    ./app/onboarding/page.tsx [Server Component]

  Client Component SSR:
    ./app/onboarding/page.tsx [Client Component SSR]
    ./app/onboarding/page.tsx [Server Component] @ http://localhost:3000/_next/static/chunks/node_modules_next_dist_1e8vcs8._.js:1052
[  348719ms] [ERROR] ./app/onboarding/page.tsx:204:13
Error: Expression expected
  202 |                 </div>
  203 |               </div>
> 204 |             </PantallaFunnel>
      |             ^
  205 |           )}
  206 |
  207 |           {paso === 'reconocimiento' && (

Parsing ecmascript source code failed

Import traces:
  Client Component Browser:
    ./app/onboarding/page.tsx [Client Component Browser]
    ./app/onboarding/page.tsx [Server Component]

  Client Component SSR:
    ./app/onboarding/page.tsx [Client Component SSR]
    ./app/onboarding/page.tsx [Server Component] @ http://localhost:3000/_next/static/chunks/node_modules_next_dist_1e8vcs8._.js:1052
[  348720ms] [ERROR] ./app/onboarding/page.tsx:204:14
Error: Unterminated regexp literal
  202 |                 </div>
  203 |               </div>
> 204 |             </PantallaFunnel>
      |              ^^^^^^^^^^^^^^^^
  205 |           )}
  206 |
  207 |           {paso === 'reconocimiento' && (

Parsing ecmascript source code failed

Import traces:
  Client Component Browser:
    ./app/onboarding/page.tsx [Client Component Browser]
    ./app/onboarding/page.tsx [Server Component]

  Client Component SSR:
    ./app/onboarding/page.tsx [Client Component SSR]
    ./app/onboarding/page.tsx [Server Component] @ http://localhost:3000/_next/static/chunks/node_modules_next_dist_1e8vcs8._.js:1052
[  348785ms] [ERROR] ./app/onboarding/page.tsx:204:13
Error: Expression expected
  202 |                 </div>
  203 |               </div>
> 204 |             </PantallaFunnel>
      |             ^
  205 |           )}
  206 |
  207 |           {paso === 'reconocimiento' && (

Parsing ecmascript source code failed

Import traces:
  Client Component Browser:
    ./app/onboarding/page.tsx [Client Component Browser]
    ./app/onboarding/page.tsx [Server Component]

  Client Component SSR:
    ./app/onboarding/page.tsx [Client Component SSR]
    ./app/onboarding/page.tsx [Server Component] @ http://localhost:3000/_next/static/chunks/node_modules_next_dist_1e8vcs8._.js:1052
[  348785ms] [ERROR] ./app/onboarding/page.tsx:204:14
Error: Unterminated regexp literal
  202 |                 </div>
  203 |               </div>
> 204 |             </PantallaFunnel>
      |              ^^^^^^^^^^^^^^^^
  205 |           )}
  206 |
  207 |           {paso === 'reconocimiento' && (

Parsing ecmascript source code failed

Import traces:
  Client Component Browser:
    ./app/onboarding/page.tsx [Client Component Browser]
    ./app/onboarding/page.tsx [Server Component]

  Client Component SSR:
    ./app/onboarding/page.tsx [Client Component SSR]
    ./app/onboarding/page.tsx [Server Component] @ http://localhost:3000/_next/static/chunks/node_modules_next_dist_1e8vcs8._.js:1052
[  348845ms] [ERROR] ./app/onboarding/page.tsx:204:13
Error: Expression expected
  202 |                 </div>
  203 |               </div>
> 204 |             </PantallaFunnel>
      |             ^
  205 |           )}
  206 |
  207 |           {paso === 'reconocimiento' && (

Parsing ecmascript source code failed

Import traces:
  Client Component Browser:
    ./app/onboarding/page.tsx [Client Component Browser]
    ./app/onboarding/page.tsx [Server Component]

  Client Component SSR:
    ./app/onboarding/page.tsx [Client Component SSR]
    ./app/onboarding/page.tsx [Server Component] @ http://localhost:3000/_next/static/chunks/node_modules_next_dist_1e8vcs8._.js:1052
[  348846ms] [ERROR] ./app/onboarding/page.tsx:204:14
Error: Unterminated regexp literal
  202 |                 </div>
  203 |               </div>
> 204 |             </PantallaFunnel>
      |              ^^^^^^^^^^^^^^^^
  205 |           )}
  206 |
  207 |           {paso === 'reconocimiento' && (

Parsing ecmascript source code failed

Import traces:
  Client Component Browser:
    ./app/onboarding/page.tsx [Client Component Browser]
    ./app/onboarding/page.tsx [Server Component]

  Client Component SSR:
    ./app/onboarding/page.tsx [Client Component SSR]
    ./app/onboarding/page.tsx [Server Component] @ http://localhost:3000/_next/static/chunks/node_modules_next_dist_1e8vcs8._.js:1052
[  348894ms] [ERROR] ./app/onboarding/page.tsx:204:13
Error: Expression expected
  202 |                 </div>
  203 |               </div>
> 204 |             </PantallaFunnel>
      |             ^
  205 |           )}
  206 |
  207 |           {paso === 'reconocimiento' && (

Parsing ecmascript source code failed

Import traces:
  Client Component Browser:
    ./app/onboarding/page.tsx [Client Component Browser]
    ./app/onboarding/page.tsx [Server Component]

  Client Component SSR:
    ./app/onboarding/page.tsx [Client Component SSR]
    ./app/onboarding/page.tsx [Server Component] @ http://localhost:3000/_next/static/chunks/node_modules_next_dist_1e8vcs8._.js:1052
[  348895ms] [ERROR] ./app/onboarding/page.tsx:204:14
Error: Unterminated regexp literal
  202 |                 </div>
  203 |               </div>
> 204 |             </PantallaFunnel>
      |              ^^^^^^^^^^^^^^^^
  205 |           )}
  206 |
  207 |           {paso === 'reconocimiento' && (

Parsing ecmascript source code failed

Import traces:
  Client Component Browser:
    ./app/onboarding/page.tsx [Client Component Browser]
    ./app/onboarding/page.tsx [Server Component]

  Client Component SSR:
    ./app/onboarding/page.tsx [Client Component SSR]
    ./app/onboarding/page.tsx [Server Component] @ http://localhost:3000/_next/static/chunks/node_modules_next_dist_1e8vcs8._.js:1052
[  348949ms] [ERROR] ./app/onboarding/page.tsx:204:13
Error: Expression expected
  202 |                 </div>
  203 |               </div>
> 204 |             </PantallaFunnel>
      |             ^
  205 |           )}
  206 |
  207 |           {paso === 'reconocimiento' && (

Parsing ecmascript source code failed

Import traces:
  Client Component Browser:
    ./app/onboarding/page.tsx [Client Component Browser]
    ./app/onboarding/page.tsx [Server Component]

  Client Component SSR:
    ./app/onboarding/page.tsx [Client Component SSR]
    ./app/onboarding/page.tsx [Server Component] @ http://localhost:3000/_next/static/chunks/node_modules_next_dist_1e8vcs8._.js:1052
[  348950ms] [ERROR] ./app/onboarding/page.tsx:204:14
Error: Unterminated regexp literal
  202 |                 </div>
  203 |               </div>
> 204 |             </PantallaFunnel>
      |              ^^^^^^^^^^^^^^^^
  205 |           )}
  206 |
  207 |           {paso === 'reconocimiento' && (

Parsing ecmascript source code failed

Import traces:
  Client Component Browser:
    ./app/onboarding/page.tsx [Client Component Browser]
    ./app/onboarding/page.tsx [Server Component]

  Client Component SSR:
    ./app/onboarding/page.tsx [Client Component SSR]
    ./app/onboarding/page.tsx [Server Component] @ http://localhost:3000/_next/static/chunks/node_modules_next_dist_1e8vcs8._.js:1052
[  349003ms] [ERROR] ./app/onboarding/page.tsx:204:13
Error: Expression expected
  202 |                 </div>
  203 |               </div>
> 204 |             </PantallaFunnel>
      |             ^
  205 |           )}
  206 |
  207 |           {paso === 'reconocimiento' && (

Parsing ecmascript source code failed

Import traces:
  Client Component Browser:
    ./app/onboarding/page.tsx [Client Component Browser]
    ./app/onboarding/page.tsx [Server Component]

  Client Component SSR:
    ./app/onboarding/page.tsx [Client Component SSR]
    ./app/onboarding/page.tsx [Server Component] @ http://localhost:3000/_next/static/chunks/node_modules_next_dist_1e8vcs8._.js:1052
[  349003ms] [ERROR] ./app/onboarding/page.tsx:204:14
Error: Unterminated regexp literal
  202 |                 </div>
  203 |               </div>
> 204 |             </PantallaFunnel>
      |              ^^^^^^^^^^^^^^^^
  205 |           )}
  206 |
  207 |           {paso === 'reconocimiento' && (

Parsing ecmascript source code failed

Import traces:
  Client Component Browser:
    ./app/onboarding/page.tsx [Client Component Browser]
    ./app/onboarding/page.tsx [Server Component]

  Client Component SSR:
    ./app/onboarding/page.tsx [Client Component SSR]
    ./app/onboarding/page.tsx [Server Component] @ http://localhost:3000/_next/static/chunks/node_modules_next_dist_1e8vcs8._.js:1052
[  349052ms] [ERROR] ./app/onboarding/page.tsx:204:13
Error: Expression expected
  202 |                 </div>
  203 |               </div>
> 204 |             </PantallaFunnel>
      |             ^
  205 |           )}
  206 |
  207 |           {paso === 'reconocimiento' && (

Parsing ecmascript source code failed

Import traces:
  Client Component Browser:
    ./app/onboarding/page.tsx [Client Component Browser]
    ./app/onboarding/page.tsx [Server Component]

  Client Component SSR:
    ./app/onboarding/page.tsx [Client Component SSR]
    ./app/onboarding/page.tsx [Server Component] @ http://localhost:3000/_next/static/chunks/node_modules_next_dist_1e8vcs8._.js:1052
[  349052ms] [ERROR] ./app/onboarding/page.tsx:204:14
Error: Unterminated regexp literal
  202 |                 </div>
  203 |               </div>
> 204 |             </PantallaFunnel>
      |              ^^^^^^^^^^^^^^^^
  205 |           )}
  206 |
  207 |           {paso === 'reconocimiento' && (

Parsing ecmascript source code failed

Import traces:
  Client Component Browser:
    ./app/onboarding/page.tsx [Client Component Browser]
    ./app/onboarding/page.tsx [Server Component]

  Client Component SSR:
    ./app/onboarding/page.tsx [Client Component SSR]
    ./app/onboarding/page.tsx [Server Component] @ http://localhost:3000/_next/static/chunks/node_modules_next_dist_1e8vcs8._.js:1052
[  349094ms] [ERROR] ./app/onboarding/page.tsx:204:13
Error: Expression expected
  202 |                 </div>
  203 |               </div>
> 204 |             </PantallaFunnel>
      |             ^
  205 |           )}
  206 |
  207 |           {paso === 'reconocimiento' && (

Parsing ecmascript source code failed

Import traces:
  Client Component Browser:
    ./app/onboarding/page.tsx [Client Component Browser]
    ./app/onboarding/page.tsx [Server Component]

  Client Component SSR:
    ./app/onboarding/page.tsx [Client Component SSR]
    ./app/onboarding/page.tsx [Server Component] @ http://localhost:3000/_next/static/chunks/node_modules_next_dist_1e8vcs8._.js:1052
[  349095ms] [ERROR] ./app/onboarding/page.tsx:204:14
Error: Unterminated regexp literal
  202 |                 </div>
  203 |               </div>
> 204 |             </PantallaFunnel>
      |              ^^^^^^^^^^^^^^^^
  205 |           )}
  206 |
  207 |           {paso === 'reconocimiento' && (

Parsing ecmascript source code failed

Import traces:
  Client Component Browser:
    ./app/onboarding/page.tsx [Client Component Browser]
    ./app/onboarding/page.tsx [Server Component]

  Client Component SSR:
    ./app/onboarding/page.tsx [Client Component SSR]
    ./app/onboarding/page.tsx [Server Component] @ http://localhost:3000/_next/static/chunks/node_modules_next_dist_1e8vcs8._.js:1052
[  349141ms] [ERROR] ./app/onboarding/page.tsx:204:13
Error: Expression expected
  202 |                 </div>
  203 |               </div>
> 204 |             </PantallaFunnel>
      |             ^
  205 |           )}
  206 |
  207 |           {paso === 'reconocimiento' && (

Parsing ecmascript source code failed

Import traces:
  Client Component Browser:
    ./app/onboarding/page.tsx [Client Component Browser]
    ./app/onboarding/page.tsx [Server Component]

  Client Component SSR:
    ./app/onboarding/page.tsx [Client Component SSR]
    ./app/onboarding/page.tsx [Server Component] @ http://localhost:3000/_next/static/chunks/node_modules_next_dist_1e8vcs8._.js:1052
[  349141ms] [ERROR] ./app/onboarding/page.tsx:204:14
Error: Unterminated regexp literal
  202 |                 </div>
  203 |               </div>
> 204 |             </PantallaFunnel>
      |              ^^^^^^^^^^^^^^^^
  205 |           )}
  206 |
  207 |           {paso === 'reconocimiento' && (

Parsing ecmascript source code failed

Import traces:
  Client Component Browser:
    ./app/onboarding/page.tsx [Client Component Browser]
    ./app/onboarding/page.tsx [Server Component]

  Client Component SSR:
    ./app/onboarding/page.tsx [Client Component SSR]
    ./app/onboarding/page.tsx [Server Component] @ http://localhost:3000/_next/static/chunks/node_modules_next_dist_1e8vcs8._.js:1052
[  349190ms] [ERROR] ./app/onboarding/page.tsx:204:13
Error: Expression expected
  202 |                 </div>
  203 |               </div>
> 204 |             </PantallaFunnel>
      |             ^
  205 |           )}
  206 |
  207 |           {paso === 'reconocimiento' && (

Parsing ecmascript source code failed

Import traces:
  Client Component Browser:
    ./app/onboarding/page.tsx [Client Component Browser]
    ./app/onboarding/page.tsx [Server Component]

  Client Component SSR:
    ./app/onboarding/page.tsx [Client Component SSR]
    ./app/onboarding/page.tsx [Server Component] @ http://localhost:3000/_next/static/chunks/node_modules_next_dist_1e8vcs8._.js:1052
[  349192ms] [ERROR] ./app/onboarding/page.tsx:204:14
Error: Unterminated regexp literal
  202 |                 </div>
  203 |               </div>
> 204 |             </PantallaFunnel>
      |              ^^^^^^^^^^^^^^^^
  205 |           )}
  206 |
  207 |           {paso === 'reconocimiento' && (

Parsing ecmascript source code failed

Import traces:
  Client Component Browser:
    ./app/onboarding/page.tsx [Client Component Browser]
    ./app/onboarding/page.tsx [Server Component]

  Client Component SSR:
    ./app/onboarding/page.tsx [Client Component SSR]
    ./app/onboarding/page.tsx [Server Component] @ http://localhost:3000/_next/static/chunks/node_modules_next_dist_1e8vcs8._.js:1052
[  349251ms] [ERROR] ./app/onboarding/page.tsx:204:13
Error: Expression expected
  202 |                 </div>
  203 |               </div>
> 204 |             </PantallaFunnel>
      |             ^
  205 |           )}
  206 |
  207 |           {paso === 'reconocimiento' && (

Parsing ecmascript source code failed

Import traces:
  Client Component Browser:
    ./app/onboarding/page.tsx [Client Component Browser]
    ./app/onboarding/page.tsx [Server Component]

  Client Component SSR:
    ./app/onboarding/page.tsx [Client Component SSR]
    ./app/onboarding/page.tsx [Server Component] @ http://localhost:3000/_next/static/chunks/node_modules_next_dist_1e8vcs8._.js:1052
[  349253ms] [ERROR] ./app/onboarding/page.tsx:204:14
Error: Unterminated regexp literal
  202 |                 </div>
  203 |               </div>
> 204 |             </PantallaFunnel>
      |              ^^^^^^^^^^^^^^^^
  205 |           )}
  206 |
  207 |           {paso === 'reconocimiento' && (

Parsing ecmascript source code failed

Import traces:
  Client Component Browser:
    ./app/onboarding/page.tsx [Client Component Browser]
    ./app/onboarding/page.tsx [Server Component]

  Client Component SSR:
    ./app/onboarding/page.tsx [Client Component SSR]
    ./app/onboarding/page.tsx [Server Component] @ http://localhost:3000/_next/static/chunks/node_modules_next_dist_1e8vcs8._.js:1052
[  349316ms] [ERROR] ./app/onboarding/page.tsx:204:13
Error: Expression expected
  202 |                 </div>
  203 |               </div>
> 204 |             </PantallaFunnel>
      |             ^
  205 |           )}
  206 |
  207 |           {paso === 'reconocimiento' && (

Parsing ecmascript source code failed

Import traces:
  Client Component Browser:
    ./app/onboarding/page.tsx [Client Component Browser]
    ./app/onboarding/page.tsx [Server Component]

  Client Component SSR:
    ./app/onboarding/page.tsx [Client Component SSR]
    ./app/onboarding/page.tsx [Server Component] @ http://localhost:3000/_next/static/chunks/node_modules_next_dist_1e8vcs8._.js:1052
[  349319ms] [ERROR] ./app/onboarding/page.tsx:204:14
Error: Unterminated regexp literal
  202 |                 </div>
  203 |               </div>
> 204 |             </PantallaFunnel>
      |              ^^^^^^^^^^^^^^^^
  205 |           )}
  206 |
  207 |           {paso === 'reconocimiento' && (

Parsing ecmascript source code failed

Import traces:
  Client Component Browser:
    ./app/onboarding/page.tsx [Client Component Browser]
    ./app/onboarding/page.tsx [Server Component]

  Client Component SSR:
    ./app/onboarding/page.tsx [Client Component SSR]
    ./app/onboarding/page.tsx [Server Component] @ http://localhost:3000/_next/static/chunks/node_modules_next_dist_1e8vcs8._.js:1052
[  349375ms] [ERROR] ./app/onboarding/page.tsx:204:13
Error: Expression expected
  202 |                 </div>
  203 |               </div>
> 204 |             </PantallaFunnel>
      |             ^
  205 |           )}
  206 |
  207 |           {paso === 'reconocimiento' && (

Parsing ecmascript source code failed

Import traces:
  Client Component Browser:
    ./app/onboarding/page.tsx [Client Component Browser]
    ./app/onboarding/page.tsx [Server Component]

  Client Component SSR:
    ./app/onboarding/page.tsx [Client Component SSR]
    ./app/onboarding/page.tsx [Server Component] @ http://localhost:3000/_next/static/chunks/node_modules_next_dist_1e8vcs8._.js:1052
[  349375ms] [ERROR] ./app/onboarding/page.tsx:204:14
Error: Unterminated regexp literal
  202 |                 </div>
  203 |               </div>
> 204 |             </PantallaFunnel>
      |              ^^^^^^^^^^^^^^^^
  205 |           )}
  206 |
  207 |           {paso === 'reconocimiento' && (

Parsing ecmascript source code failed

Import traces:
  Client Component Browser:
    ./app/onboarding/page.tsx [Client Component Browser]
    ./app/onboarding/page.tsx [Server Component]

  Client Component SSR:
    ./app/onboarding/page.tsx [Client Component SSR]
    ./app/onboarding/page.tsx [Server Component] @ http://localhost:3000/_next/static/chunks/node_modules_next_dist_1e8vcs8._.js:1052
[  349417ms] [ERROR] ./app/onboarding/page.tsx:204:13
Error: Expression expected
  202 |                 </div>
  203 |               </div>
> 204 |             </PantallaFunnel>
      |             ^
  205 |           )}
  206 |
  207 |           {paso === 'reconocimiento' && (

Parsing ecmascript source code failed

Import traces:
  Client Component Browser:
    ./app/onboarding/page.tsx [Client Component Browser]
    ./app/onboarding/page.tsx [Server Component]

  Client Component SSR:
    ./app/onboarding/page.tsx [Client Component SSR]
    ./app/onboarding/page.tsx [Server Component] @ http://localhost:3000/_next/static/chunks/node_modules_next_dist_1e8vcs8._.js:1052
[  349418ms] [ERROR] ./app/onboarding/page.tsx:204:14
Error: Unterminated regexp literal
  202 |                 </div>
  203 |               </div>
> 204 |             </PantallaFunnel>
      |              ^^^^^^^^^^^^^^^^
  205 |           )}
  206 |
  207 |           {paso === 'reconocimiento' && (

Parsing ecmascript source code failed

Import traces:
  Client Component Browser:
    ./app/onboarding/page.tsx [Client Component Browser]
    ./app/onboarding/page.tsx [Server Component]

  Client Component SSR:
    ./app/onboarding/page.tsx [Client Component SSR]
    ./app/onboarding/page.tsx [Server Component] @ http://localhost:3000/_next/static/chunks/node_modules_next_dist_1e8vcs8._.js:1052
[  349457ms] [ERROR] ./app/onboarding/page.tsx:204:13
Error: Expression expected
  202 |                 </div>
  203 |               </div>
> 204 |             </PantallaFunnel>
      |             ^
  205 |           )}
  206 |
  207 |           {paso === 'reconocimiento' && (

Parsing ecmascript source code failed

Import traces:
  Client Component Browser:
    ./app/onboarding/page.tsx [Client Component Browser]
    ./app/onboarding/page.tsx [Server Component]

  Client Component SSR:
    ./app/onboarding/page.tsx [Client Component SSR]
    ./app/onboarding/page.tsx [Server Component] @ http://localhost:3000/_next/static/chunks/node_modules_next_dist_1e8vcs8._.js:1052
[  349457ms] [ERROR] ./app/onboarding/page.tsx:204:14
Error: Unterminated regexp literal
  202 |                 </div>
  203 |               </div>
> 204 |             </PantallaFunnel>
      |              ^^^^^^^^^^^^^^^^
  205 |           )}
  206 |
  207 |           {paso === 'reconocimiento' && (

Parsing ecmascript source code failed

Import traces:
  Client Component Browser:
    ./app/onboarding/page.tsx [Client Component Browser]
    ./app/onboarding/page.tsx [Server Component]

  Client Component SSR:
    ./app/onboarding/page.tsx [Client Component SSR]
    ./app/onboarding/page.tsx [Server Component] @ http://localhost:3000/_next/static/chunks/node_modules_next_dist_1e8vcs8._.js:1052
[  349527ms] [ERROR] ./app/onboarding/page.tsx:204:13
Error: Expression expected
  202 |                 </div>
  203 |               </div>
> 204 |             </PantallaFunnel>
      |             ^
  205 |           )}
  206 |
  207 |           {paso === 'reconocimiento' && (

Parsing ecmascript source code failed

Import traces:
  Client Component Browser:
    ./app/onboarding/page.tsx [Client Component Browser]
    ./app/onboarding/page.tsx [Server Component]

  Client Component SSR:
    ./app/onboarding/page.tsx [Client Component SSR]
    ./app/onboarding/page.tsx [Server Component] @ http://localhost:3000/_next/static/chunks/node_modules_next_dist_1e8vcs8._.js:1052
[  349528ms] [ERROR] ./app/onboarding/page.tsx:204:14
Error: Unterminated regexp literal
  202 |                 </div>
  203 |               </div>
> 204 |             </PantallaFunnel>
      |              ^^^^^^^^^^^^^^^^
  205 |           )}
  206 |
  207 |           {paso === 'reconocimiento' && (

Parsing ecmascript source code failed

Import traces:
  Client Component Browser:
    ./app/onboarding/page.tsx [Client Component Browser]
    ./app/onboarding/page.tsx [Server Component]

  Client Component SSR:
    ./app/onboarding/page.tsx [Client Component SSR]
    ./app/onboarding/page.tsx [Server Component] @ http://localhost:3000/_next/static/chunks/node_modules_next_dist_1e8vcs8._.js:1052
[  349578ms] [ERROR] ./app/onboarding/page.tsx:204:13
Error: Expression expected
  202 |                 </div>
  203 |               </div>
> 204 |             </PantallaFunnel>
      |             ^
  205 |           )}
  206 |
  207 |           {paso === 'reconocimiento' && (

Parsing ecmascript source code failed

Import traces:
  Client Component Browser:
    ./app/onboarding/page.tsx [Client Component Browser]
    ./app/onboarding/page.tsx [Server Component]

  Client Component SSR:
    ./app/onboarding/page.tsx [Client Component SSR]
    ./app/onboarding/page.tsx [Server Component] @ http://localhost:3000/_next/static/chunks/node_modules_next_dist_1e8vcs8._.js:1052
[  349578ms] [ERROR] ./app/onboarding/page.tsx:204:14
Error: Unterminated regexp literal
  202 |                 </div>
  203 |               </div>
> 204 |             </PantallaFunnel>
      |              ^^^^^^^^^^^^^^^^
  205 |           )}
  206 |
  207 |           {paso === 'reconocimiento' && (

Parsing ecmascript source code failed

Import traces:
  Client Component Browser:
    ./app/onboarding/page.tsx [Client Component Browser]
    ./app/onboarding/page.tsx [Server Component]

  Client Component SSR:
    ./app/onboarding/page.tsx [Client Component SSR]
    ./app/onboarding/page.tsx [Server Component] @ http://localhost:3000/_next/static/chunks/node_modules_next_dist_1e8vcs8._.js:1052
[  349637ms] [ERROR] ./app/onboarding/page.tsx:204:13
Error: Expression expected
  202 |                 </div>
  203 |               </div>
> 204 |             </PantallaFunnel>
      |             ^
  205 |           )}
  206 |
  207 |           {paso === 'reconocimiento' && (

Parsing ecmascript source code failed

Import traces:
  Client Component Browser:
    ./app/onboarding/page.tsx [Client Component Browser]
    ./app/onboarding/page.tsx [Server Component]

  Client Component SSR:
    ./app/onboarding/page.tsx [Client Component SSR]
    ./app/onboarding/page.tsx [Server Component] @ http://localhost:3000/_next/static/chunks/node_modules_next_dist_1e8vcs8._.js:1052
[  349637ms] [ERROR] ./app/onboarding/page.tsx:204:14
Error: Unterminated regexp literal
  202 |                 </div>
  203 |               </div>
> 204 |             </PantallaFunnel>
      |              ^^^^^^^^^^^^^^^^
  205 |           )}
  206 |
  207 |           {paso === 'reconocimiento' && (

Parsing ecmascript source code failed

Import traces:
  Client Component Browser:
    ./app/onboarding/page.tsx [Client Component Browser]
    ./app/onboarding/page.tsx [Server Component]

  Client Component SSR:
    ./app/onboarding/page.tsx [Client Component SSR]
    ./app/onboarding/page.tsx [Server Component] @ http://localhost:3000/_next/static/chunks/node_modules_next_dist_1e8vcs8._.js:1052
[  349687ms] [ERROR] ./app/onboarding/page.tsx:204:13
Error: Expression expected
  202 |                 </div>
  203 |               </div>
> 204 |             </PantallaFunnel>
      |             ^
  205 |           )}
  206 |
  207 |           {paso === 'reconocimiento' && (

Parsing ecmascript source code failed

Import traces:
  Client Component Browser:
    ./app/onboarding/page.tsx [Client Component Browser]
    ./app/onboarding/page.tsx [Server Component]

  Client Component SSR:
    ./app/onboarding/page.tsx [Client Component SSR]
    ./app/onboarding/page.tsx [Server Component] @ http://localhost:3000/_next/static/chunks/node_modules_next_dist_1e8vcs8._.js:1052
[  349689ms] [ERROR] ./app/onboarding/page.tsx:204:14
Error: Unterminated regexp literal
  202 |                 </div>
  203 |               </div>
> 204 |             </PantallaFunnel>
      |              ^^^^^^^^^^^^^^^^
  205 |           )}
  206 |
  207 |           {paso === 'reconocimiento' && (

Parsing ecmascript source code failed

Import traces:
  Client Component Browser:
    ./app/onboarding/page.tsx [Client Component Browser]
    ./app/onboarding/page.tsx [Server Component]

  Client Component SSR:
    ./app/onboarding/page.tsx [Client Component SSR]
    ./app/onboarding/page.tsx [Server Component] @ http://localhost:3000/_next/static/chunks/node_modules_next_dist_1e8vcs8._.js:1052
[  349737ms] [ERROR] ./app/onboarding/page.tsx:204:13
Error: Expression expected
  202 |                 </div>
  203 |               </div>
> 204 |             </PantallaFunnel>
      |             ^
  205 |           )}
  206 |
  207 |           {paso === 'reconocimiento' && (

Parsing ecmascript source code failed

Import traces:
  Client Component Browser:
    ./app/onboarding/page.tsx [Client Component Browser]
    ./app/onboarding/page.tsx [Server Component]

  Client Component SSR:
    ./app/onboarding/page.tsx [Client Component SSR]
    ./app/onboarding/page.tsx [Server Component] @ http://localhost:3000/_next/static/chunks/node_modules_next_dist_1e8vcs8._.js:1052
[  349738ms] [ERROR] ./app/onboarding/page.tsx:204:14
Error: Unterminated regexp literal
  202 |                 </div>
  203 |               </div>
> 204 |             </PantallaFunnel>
      |              ^^^^^^^^^^^^^^^^
  205 |           )}
  206 |
  207 |           {paso === 'reconocimiento' && (

Parsing ecmascript source code failed

Import traces:
  Client Component Browser:
    ./app/onboarding/page.tsx [Client Component Browser]
    ./app/onboarding/page.tsx [Server Component]

  Client Component SSR:
    ./app/onboarding/page.tsx [Client Component SSR]
    ./app/onboarding/page.tsx [Server Component] @ http://localhost:3000/_next/static/chunks/node_modules_next_dist_1e8vcs8._.js:1052
[  349782ms] [ERROR] ./app/onboarding/page.tsx:204:13
Error: Expression expected
  202 |                 </div>
  203 |               </div>
> 204 |             </PantallaFunnel>
      |             ^
  205 |           )}
  206 |
  207 |           {paso === 'reconocimiento' && (

Parsing ecmascript source code failed

Import traces:
  Client Component Browser:
    ./app/onboarding/page.tsx [Client Component Browser]
    ./app/onboarding/page.tsx [Server Component]

  Client Component SSR:
    ./app/onboarding/page.tsx [Client Component SSR]
    ./app/onboarding/page.tsx [Server Component] @ http://localhost:3000/_next/static/chunks/node_modules_next_dist_1e8vcs8._.js:1052
[  349784ms] [ERROR] ./app/onboarding/page.tsx:204:14
Error: Unterminated regexp literal
  202 |                 </div>
  203 |               </div>
> 204 |             </PantallaFunnel>
      |              ^^^^^^^^^^^^^^^^
  205 |           )}
  206 |
  207 |           {paso === 'reconocimiento' && (

Parsing ecmascript source code failed

Import traces:
  Client Component Browser:
    ./app/onboarding/page.tsx [Client Component Browser]
    ./app/onboarding/page.tsx [Server Component]

  Client Component SSR:
    ./app/onboarding/page.tsx [Client Component SSR]
    ./app/onboarding/page.tsx [Server Component] @ http://localhost:3000/_next/static/chunks/node_modules_next_dist_1e8vcs8._.js:1052
[  349837ms] [ERROR] ./app/onboarding/page.tsx:204:13
Error: Expression expected
  202 |                 </div>
  203 |               </div>
> 204 |             </PantallaFunnel>
      |             ^
  205 |           )}
  206 |
  207 |           {paso === 'reconocimiento' && (

Parsing ecmascript source code failed

Import traces:
  Client Component Browser:
    ./app/onboarding/page.tsx [Client Component Browser]
    ./app/onboarding/page.tsx [Server Component]

  Client Component SSR:
    ./app/onboarding/page.tsx [Client Component SSR]
    ./app/onboarding/page.tsx [Server Component] @ http://localhost:3000/_next/static/chunks/node_modules_next_dist_1e8vcs8._.js:1052
[  349838ms] [ERROR] ./app/onboarding/page.tsx:204:14
Error: Unterminated regexp literal
  202 |                 </div>
  203 |               </div>
> 204 |             </PantallaFunnel>
      |              ^^^^^^^^^^^^^^^^
  205 |           )}
  206 |
  207 |           {paso === 'reconocimiento' && (

Parsing ecmascript source code failed

Import traces:
  Client Component Browser:
    ./app/onboarding/page.tsx [Client Component Browser]
    ./app/onboarding/page.tsx [Server Component]

  Client Component SSR:
    ./app/onboarding/page.tsx [Client Component SSR]
    ./app/onboarding/page.tsx [Server Component] @ http://localhost:3000/_next/static/chunks/node_modules_next_dist_1e8vcs8._.js:1052
[  349889ms] [ERROR] ./app/onboarding/page.tsx:204:13
Error: Expression expected
  202 |                 </div>
  203 |               </div>
> 204 |             </PantallaFunnel>
      |             ^
  205 |           )}
  206 |
  207 |           {paso === 'reconocimiento' && (

Parsing ecmascript source code failed

Import traces:
  Client Component Browser:
    ./app/onboarding/page.tsx [Client Component Browser]
    ./app/onboarding/page.tsx [Server Component]

  Client Component SSR:
    ./app/onboarding/page.tsx [Client Component SSR]
    ./app/onboarding/page.tsx [Server Component] @ http://localhost:3000/_next/static/chunks/node_modules_next_dist_1e8vcs8._.js:1052
[  349890ms] [ERROR] ./app/onboarding/page.tsx:204:14
Error: Unterminated regexp literal
  202 |                 </div>
  203 |               </div>
> 204 |             </PantallaFunnel>
      |              ^^^^^^^^^^^^^^^^
  205 |           )}
  206 |
  207 |           {paso === 'reconocimiento' && (

Parsing ecmascript source code failed

Import traces:
  Client Component Browser:
    ./app/onboarding/page.tsx [Client Component Browser]
    ./app/onboarding/page.tsx [Server Component]

  Client Component SSR:
    ./app/onboarding/page.tsx [Client Component SSR]
    ./app/onboarding/page.tsx [Server Component] @ http://localhost:3000/_next/static/chunks/node_modules_next_dist_1e8vcs8._.js:1052
[  349935ms] [ERROR] ./app/onboarding/page.tsx:204:13
Error: Expression expected
  202 |                 </div>
  203 |               </div>
> 204 |             </PantallaFunnel>
      |             ^
  205 |           )}
  206 |
  207 |           {paso === 'reconocimiento' && (

Parsing ecmascript source code failed

Import traces:
  Client Component Browser:
    ./app/onboarding/page.tsx [Client Component Browser]
    ./app/onboarding/page.tsx [Server Component]

  Client Component SSR:
    ./app/onboarding/page.tsx [Client Component SSR]
    ./app/onboarding/page.tsx [Server Component] @ http://localhost:3000/_next/static/chunks/node_modules_next_dist_1e8vcs8._.js:1052
[  349936ms] [ERROR] ./app/onboarding/page.tsx:204:14
Error: Unterminated regexp literal
  202 |                 </div>
  203 |               </div>
> 204 |             </PantallaFunnel>
      |              ^^^^^^^^^^^^^^^^
  205 |           )}
  206 |
  207 |           {paso === 'reconocimiento' && (

Parsing ecmascript source code failed

Import traces:
  Client Component Browser:
    ./app/onboarding/page.tsx [Client Component Browser]
    ./app/onboarding/page.tsx [Server Component]

  Client Component SSR:
    ./app/onboarding/page.tsx [Client Component SSR]
    ./app/onboarding/page.tsx [Server Component] @ http://localhost:3000/_next/static/chunks/node_modules_next_dist_1e8vcs8._.js:1052
[  349982ms] [ERROR] ./app/onboarding/page.tsx:204:13
Error: Expression expected
  202 |                 </div>
  203 |               </div>
> 204 |             </PantallaFunnel>
      |             ^
  205 |           )}
  206 |
  207 |           {paso === 'reconocimiento' && (

Parsing ecmascript source code failed

Import traces:
  Client Component Browser:
    ./app/onboarding/page.tsx [Client Component Browser]
    ./app/onboarding/page.tsx [Server Component]

  Client Component SSR:
    ./app/onboarding/page.tsx [Client Component SSR]
    ./app/onboarding/page.tsx [Server Component] @ http://localhost:3000/_next/static/chunks/node_modules_next_dist_1e8vcs8._.js:1052
[  349984ms] [ERROR] ./app/onboarding/page.tsx:204:14
Error: Unterminated regexp literal
  202 |                 </div>
  203 |               </div>
> 204 |             </PantallaFunnel>
      |              ^^^^^^^^^^^^^^^^
  205 |           )}
  206 |
  207 |           {paso === 'reconocimiento' && (

Parsing ecmascript source code failed

Import traces:
  Client Component Browser:
    ./app/onboarding/page.tsx [Client Component Browser]
    ./app/onboarding/page.tsx [Server Component]

  Client Component SSR:
    ./app/onboarding/page.tsx [Client Component SSR]
    ./app/onboarding/page.tsx [Server Component] @ http://localhost:3000/_next/static/chunks/node_modules_next_dist_1e8vcs8._.js:1052
[  350040ms] [ERROR] ./app/onboarding/page.tsx:204:13
Error: Expression expected
  202 |                 </div>
  203 |               </div>
> 204 |             </PantallaFunnel>
      |             ^
  205 |           )}
  206 |
  207 |           {paso === 'reconocimiento' && (

Parsing ecmascript source code failed

Import traces:
  Client Component Browser:
    ./app/onboarding/page.tsx [Client Component Browser]
    ./app/onboarding/page.tsx [Server Component]

  Client Component SSR:
    ./app/onboarding/page.tsx [Client Component SSR]
    ./app/onboarding/page.tsx [Server Component] @ http://localhost:3000/_next/static/chunks/node_modules_next_dist_1e8vcs8._.js:1052
[  350041ms] [ERROR] ./app/onboarding/page.tsx:204:14
Error: Unterminated regexp literal
  202 |                 </div>
  203 |               </div>
> 204 |             </PantallaFunnel>
      |              ^^^^^^^^^^^^^^^^
  205 |           )}
  206 |
  207 |           {paso === 'reconocimiento' && (

Parsing ecmascript source code failed

Import traces:
  Client Component Browser:
    ./app/onboarding/page.tsx [Client Component Browser]
    ./app/onboarding/page.tsx [Server Component]

  Client Component SSR:
    ./app/onboarding/page.tsx [Client Component SSR]
    ./app/onboarding/page.tsx [Server Component] @ http://localhost:3000/_next/static/chunks/node_modules_next_dist_1e8vcs8._.js:1052
[  350085ms] [ERROR] ./app/onboarding/page.tsx:204:13
Error: Expression expected
  202 |                 </div>
  203 |               </div>
> 204 |             </PantallaFunnel>
      |             ^
  205 |           )}
  206 |
  207 |           {paso === 'reconocimiento' && (

Parsing ecmascript source code failed

Import traces:
  Client Component Browser:
    ./app/onboarding/page.tsx [Client Component Browser]
    ./app/onboarding/page.tsx [Server Component]

  Client Component SSR:
    ./app/onboarding/page.tsx [Client Component SSR]
    ./app/onboarding/page.tsx [Server Component] @ http://localhost:3000/_next/static/chunks/node_modules_next_dist_1e8vcs8._.js:1052
[  350085ms] [ERROR] ./app/onboarding/page.tsx:204:14
Error: Unterminated regexp literal
  202 |                 </div>
  203 |               </div>
> 204 |             </PantallaFunnel>
      |              ^^^^^^^^^^^^^^^^
  205 |           )}
  206 |
  207 |           {paso === 'reconocimiento' && (

Parsing ecmascript source code failed

Import traces:
  Client Component Browser:
    ./app/onboarding/page.tsx [Client Component Browser]
    ./app/onboarding/page.tsx [Server Component]

  Client Component SSR:
    ./app/onboarding/page.tsx [Client Component SSR]
    ./app/onboarding/page.tsx [Server Component] @ http://localhost:3000/_next/static/chunks/node_modules_next_dist_1e8vcs8._.js:1052
[  350139ms] [ERROR] ./app/onboarding/page.tsx:204:13
Error: Expression expected
  202 |                 </div>
  203 |               </div>
> 204 |             </PantallaFunnel>
      |             ^
  205 |           )}
  206 |
  207 |           {paso === 'reconocimiento' && (

Parsing ecmascript source code failed

Import traces:
  Client Component Browser:
    ./app/onboarding/page.tsx [Client Component Browser]
    ./app/onboarding/page.tsx [Server Component]

  Client Component SSR:
    ./app/onboarding/page.tsx [Client Component SSR]
    ./app/onboarding/page.tsx [Server Component] @ http://localhost:3000/_next/static/chunks/node_modules_next_dist_1e8vcs8._.js:1052
[  350140ms] [ERROR] ./app/onboarding/page.tsx:204:14
Error: Unterminated regexp literal
  202 |                 </div>
  203 |               </div>
> 204 |             </PantallaFunnel>
      |              ^^^^^^^^^^^^^^^^
  205 |           )}
  206 |
  207 |           {paso === 'reconocimiento' && (

Parsing ecmascript source code failed

Import traces:
  Client Component Browser:
    ./app/onboarding/page.tsx [Client Component Browser]
    ./app/onboarding/page.tsx [Server Component]

  Client Component SSR:
    ./app/onboarding/page.tsx [Client Component SSR]
    ./app/onboarding/page.tsx [Server Component] @ http://localhost:3000/_next/static/chunks/node_modules_next_dist_1e8vcs8._.js:1052
[  350188ms] [ERROR] ./app/onboarding/page.tsx:204:13
Error: Expression expected
  202 |                 </div>
  203 |               </div>
> 204 |             </PantallaFunnel>
      |             ^
  205 |           )}
  206 |
  207 |           {paso === 'reconocimiento' && (

Parsing ecmascript source code failed

Import traces:
  Client Component Browser:
    ./app/onboarding/page.tsx [Client Component Browser]
    ./app/onboarding/page.tsx [Server Component]

  Client Component SSR:
    ./app/onboarding/page.tsx [Client Component SSR]
    ./app/onboarding/page.tsx [Server Component] @ http://localhost:3000/_next/static/chunks/node_modules_next_dist_1e8vcs8._.js:1052
[  350188ms] [ERROR] ./app/onboarding/page.tsx:204:14
Error: Unterminated regexp literal
  202 |                 </div>
  203 |               </div>
> 204 |             </PantallaFunnel>
      |              ^^^^^^^^^^^^^^^^
  205 |           )}
  206 |
  207 |           {paso === 'reconocimiento' && (

Parsing ecmascript source code failed

Import traces:
  Client Component Browser:
    ./app/onboarding/page.tsx [Client Component Browser]
    ./app/onboarding/page.tsx [Server Component]

  Client Component SSR:
    ./app/onboarding/page.tsx [Client Component SSR]
    ./app/onboarding/page.tsx [Server Component] @ http://localhost:3000/_next/static/chunks/node_modules_next_dist_1e8vcs8._.js:1052
[  350243ms] [ERROR] ./app/onboarding/page.tsx:204:13
Error: Expression expected
  202 |                 </div>
  203 |               </div>
> 204 |             </PantallaFunnel>
      |             ^
  205 |           )}
  206 |
  207 |           {paso === 'reconocimiento' && (

Parsing ecmascript source code failed

Import traces:
  Client Component Browser:
    ./app/onboarding/page.tsx [Client Component Browser]
    ./app/onboarding/page.tsx [Server Component]

  Client Component SSR:
    ./app/onboarding/page.tsx [Client Component SSR]
    ./app/onboarding/page.tsx [Server Component] @ http://localhost:3000/_next/static/chunks/node_modules_next_dist_1e8vcs8._.js:1052
[  350243ms] [ERROR] ./app/onboarding/page.tsx:204:14
Error: Unterminated regexp literal
  202 |                 </div>
  203 |               </div>
> 204 |             </PantallaFunnel>
      |              ^^^^^^^^^^^^^^^^
  205 |           )}
  206 |
  207 |           {paso === 'reconocimiento' && (

Parsing ecmascript source code failed

Import traces:
  Client Component Browser:
    ./app/onboarding/page.tsx [Client Component Browser]
    ./app/onboarding/page.tsx [Server Component]

  Client Component SSR:
    ./app/onboarding/page.tsx [Client Component SSR]
    ./app/onboarding/page.tsx [Server Component] @ http://localhost:3000/_next/static/chunks/node_modules_next_dist_1e8vcs8._.js:1052
[  350297ms] [ERROR] ./app/onboarding/page.tsx:204:13
Error: Expression expected
  202 |                 </div>
  203 |               </div>
> 204 |             </PantallaFunnel>
      |             ^
  205 |           )}
  206 |
  207 |           {paso === 'reconocimiento' && (

Parsing ecmascript source code failed

Import traces:
  Client Component Browser:
    ./app/onboarding/page.tsx [Client Component Browser]
    ./app/onboarding/page.tsx [Server Component]

  Client Component SSR:
    ./app/onboarding/page.tsx [Client Component SSR]
    ./app/onboarding/page.tsx [Server Component] @ http://localhost:3000/_next/static/chunks/node_modules_next_dist_1e8vcs8._.js:1052
[  350298ms] [ERROR] ./app/onboarding/page.tsx:204:14
Error: Unterminated regexp literal
  202 |                 </div>
  203 |               </div>
> 204 |             </PantallaFunnel>
      |              ^^^^^^^^^^^^^^^^
  205 |           )}
  206 |
  207 |           {paso === 'reconocimiento' && (

Parsing ecmascript source code failed

Import traces:
  Client Component Browser:
    ./app/onboarding/page.tsx [Client Component Browser]
    ./app/onboarding/page.tsx [Server Component]

  Client Component SSR:
    ./app/onboarding/page.tsx [Client Component SSR]
    ./app/onboarding/page.tsx [Server Component] @ http://localhost:3000/_next/static/chunks/node_modules_next_dist_1e8vcs8._.js:1052
[  350357ms] [ERROR] ./app/onboarding/page.tsx:204:13
Error: Expression expected
  202 |                 </div>
  203 |               </div>
> 204 |             </PantallaFunnel>
      |             ^
  205 |           )}
  206 |
  207 |           {paso === 'reconocimiento' && (

Parsing ecmascript source code failed

Import traces:
  Client Component Browser:
    ./app/onboarding/page.tsx [Client Component Browser]
    ./app/onboarding/page.tsx [Server Component]

  Client Component SSR:
    ./app/onboarding/page.tsx [Client Component SSR]
    ./app/onboarding/page.tsx [Server Component] @ http://localhost:3000/_next/static/chunks/node_modules_next_dist_1e8vcs8._.js:1052
[  350359ms] [ERROR] ./app/onboarding/page.tsx:204:14
Error: Unterminated regexp literal
  202 |                 </div>
  203 |               </div>
> 204 |             </PantallaFunnel>
      |              ^^^^^^^^^^^^^^^^
  205 |           )}
  206 |
  207 |           {paso === 'reconocimiento' && (

Parsing ecmascript source code failed

Import traces:
  Client Component Browser:
    ./app/onboarding/page.tsx [Client Component Browser]
    ./app/onboarding/page.tsx [Server Component]

  Client Component SSR:
    ./app/onboarding/page.tsx [Client Component SSR]
    ./app/onboarding/page.tsx [Server Component] @ http://localhost:3000/_next/static/chunks/node_modules_next_dist_1e8vcs8._.js:1052
[  350407ms] [ERROR] ./app/onboarding/page.tsx:204:13
Error: Expression expected
  202 |                 </div>
  203 |               </div>
> 204 |             </PantallaFunnel>
      |             ^
  205 |           )}
  206 |
  207 |           {paso === 'reconocimiento' && (

Parsing ecmascript source code failed

Import traces:
  Client Component Browser:
    ./app/onboarding/page.tsx [Client Component Browser]
    ./app/onboarding/page.tsx [Server Component]

  Client Component SSR:
    ./app/onboarding/page.tsx [Client Component SSR]
    ./app/onboarding/page.tsx [Server Component] @ http://localhost:3000/_next/static/chunks/node_modules_next_dist_1e8vcs8._.js:1052
[  350407ms] [ERROR] ./app/onboarding/page.tsx:204:14
Error: Unterminated regexp literal
  202 |                 </div>
  203 |               </div>
> 204 |             </PantallaFunnel>
      |              ^^^^^^^^^^^^^^^^
  205 |           )}
  206 |
  207 |           {paso === 'reconocimiento' && (

Parsing ecmascript source code failed

Import traces:
  Client Component Browser:
    ./app/onboarding/page.tsx [Client Component Browser]
    ./app/onboarding/page.tsx [Server Component]

  Client Component SSR:
    ./app/onboarding/page.tsx [Client Component SSR]
    ./app/onboarding/page.tsx [Server Component] @ http://localhost:3000/_next/static/chunks/node_modules_next_dist_1e8vcs8._.js:1052
[  350455ms] [ERROR] ./app/onboarding/page.tsx:204:13
Error: Expression expected
  202 |                 </div>
  203 |               </div>
> 204 |             </PantallaFunnel>
      |             ^
  205 |           )}
  206 |
  207 |           {paso === 'reconocimiento' && (

Parsing ecmascript source code failed

Import traces:
  Client Component Browser:
    ./app/onboarding/page.tsx [Client Component Browser]
    ./app/onboarding/page.tsx [Server Component]

  Client Component SSR:
    ./app/onboarding/page.tsx [Client Component SSR]
    ./app/onboarding/page.tsx [Server Component] @ http://localhost:3000/_next/static/chunks/node_modules_next_dist_1e8vcs8._.js:1052
[  350455ms] [ERROR] ./app/onboarding/page.tsx:204:14
Error: Unterminated regexp literal
  202 |                 </div>
  203 |               </div>
> 204 |             </PantallaFunnel>
      |              ^^^^^^^^^^^^^^^^
  205 |           )}
  206 |
  207 |           {paso === 'reconocimiento' && (

Parsing ecmascript source code failed

Import traces:
  Client Component Browser:
    ./app/onboarding/page.tsx [Client Component Browser]
    ./app/onboarding/page.tsx [Server Component]

  Client Component SSR:
    ./app/onboarding/page.tsx [Client Component SSR]
    ./app/onboarding/page.tsx [Server Component] @ http://localhost:3000/_next/static/chunks/node_modules_next_dist_1e8vcs8._.js:1052
[  350522ms] [ERROR] ./app/onboarding/page.tsx:204:13
Error: Expression expected
  202 |                 </div>
  203 |               </div>
> 204 |             </PantallaFunnel>
      |             ^
  205 |           )}
  206 |
  207 |           {paso === 'reconocimiento' && (

Parsing ecmascript source code failed

Import traces:
  Client Component Browser:
    ./app/onboarding/page.tsx [Client Component Browser]
    ./app/onboarding/page.tsx [Server Component]

  Client Component SSR:
    ./app/onboarding/page.tsx [Client Component SSR]
    ./app/onboarding/page.tsx [Server Component] @ http://localhost:3000/_next/static/chunks/node_modules_next_dist_1e8vcs8._.js:1052
[  350523ms] [ERROR] ./app/onboarding/page.tsx:204:14
Error: Unterminated regexp literal
  202 |                 </div>
  203 |               </div>
> 204 |             </PantallaFunnel>
      |              ^^^^^^^^^^^^^^^^
  205 |           )}
  206 |
  207 |           {paso === 'reconocimiento' && (

Parsing ecmascript source code failed

Import traces:
  Client Component Browser:
    ./app/onboarding/page.tsx [Client Component Browser]
    ./app/onboarding/page.tsx [Server Component]

  Client Component SSR:
    ./app/onboarding/page.tsx [Client Component SSR]
    ./app/onboarding/page.tsx [Server Component] @ http://localhost:3000/_next/static/chunks/node_modules_next_dist_1e8vcs8._.js:1052
[  350571ms] [ERROR] ./app/onboarding/page.tsx:204:13
Error: Expression expected
  202 |                 </div>
  203 |               </div>
> 204 |             </PantallaFunnel>
      |             ^
  205 |           )}
  206 |
  207 |           {paso === 'reconocimiento' && (

Parsing ecmascript source code failed

Import traces:
  Client Component Browser:
    ./app/onboarding/page.tsx [Client Component Browser]
    ./app/onboarding/page.tsx [Server Component]

  Client Component SSR:
    ./app/onboarding/page.tsx [Client Component SSR]
    ./app/onboarding/page.tsx [Server Component] @ http://localhost:3000/_next/static/chunks/node_modules_next_dist_1e8vcs8._.js:1052
[  350572ms] [ERROR] ./app/onboarding/page.tsx:204:14
Error: Unterminated regexp literal
  202 |                 </div>
  203 |               </div>
> 204 |             </PantallaFunnel>
      |              ^^^^^^^^^^^^^^^^
  205 |           )}
  206 |
  207 |           {paso === 'reconocimiento' && (

Parsing ecmascript source code failed

Import traces:
  Client Component Browser:
    ./app/onboarding/page.tsx [Client Component Browser]
    ./app/onboarding/page.tsx [Server Component]

  Client Component SSR:
    ./app/onboarding/page.tsx [Client Component SSR]
    ./app/onboarding/page.tsx [Server Component] @ http://localhost:3000/_next/static/chunks/node_modules_next_dist_1e8vcs8._.js:1052
[  350621ms] [ERROR] ./app/onboarding/page.tsx:204:13
Error: Expression expected
  202 |                 </div>
  203 |               </div>
> 204 |             </PantallaFunnel>
      |             ^
  205 |           )}
  206 |
  207 |           {paso === 'reconocimiento' && (

Parsing ecmascript source code failed

Import traces:
  Client Component Browser:
    ./app/onboarding/page.tsx [Client Component Browser]
    ./app/onboarding/page.tsx [Server Component]

  Client Component SSR:
    ./app/onboarding/page.tsx [Client Component SSR]
    ./app/onboarding/page.tsx [Server Component] @ http://localhost:3000/_next/static/chunks/node_modules_next_dist_1e8vcs8._.js:1052
[  350621ms] [ERROR] ./app/onboarding/page.tsx:204:14
Error: Unterminated regexp literal
  202 |                 </div>
  203 |               </div>
> 204 |             </PantallaFunnel>
      |              ^^^^^^^^^^^^^^^^
  205 |           )}
  206 |
  207 |           {paso === 'reconocimiento' && (

Parsing ecmascript source code failed

Import traces:
  Client Component Browser:
    ./app/onboarding/page.tsx [Client Component Browser]
    ./app/onboarding/page.tsx [Server Component]

  Client Component SSR:
    ./app/onboarding/page.tsx [Client Component SSR]
    ./app/onboarding/page.tsx [Server Component] @ http://localhost:3000/_next/static/chunks/node_modules_next_dist_1e8vcs8._.js:1052
[  350671ms] [ERROR] ./app/onboarding/page.tsx:204:13
Error: Expression expected
  202 |                 </div>
  203 |               </div>
> 204 |             </PantallaFunnel>
      |             ^
  205 |           )}
  206 |
  207 |           {paso === 'reconocimiento' && (

Parsing ecmascript source code failed

Import traces:
  Client Component Browser:
    ./app/onboarding/page.tsx [Client Component Browser]
    ./app/onboarding/page.tsx [Server Component]

  Client Component SSR:
    ./app/onboarding/page.tsx [Client Component SSR]
    ./app/onboarding/page.tsx [Server Component] @ http://localhost:3000/_next/static/chunks/node_modules_next_dist_1e8vcs8._.js:1052
[  350671ms] [ERROR] ./app/onboarding/page.tsx:204:14
Error: Unterminated regexp literal
  202 |                 </div>
  203 |               </div>
> 204 |             </PantallaFunnel>
      |              ^^^^^^^^^^^^^^^^
  205 |           )}
  206 |
  207 |           {paso === 'reconocimiento' && (

Parsing ecmascript source code failed

Import traces:
  Client Component Browser:
    ./app/onboarding/page.tsx [Client Component Browser]
    ./app/onboarding/page.tsx [Server Component]

  Client Component SSR:
    ./app/onboarding/page.tsx [Client Component SSR]
    ./app/onboarding/page.tsx [Server Component] @ http://localhost:3000/_next/static/chunks/node_modules_next_dist_1e8vcs8._.js:1052
[  350719ms] [ERROR] ./app/onboarding/page.tsx:204:13
Error: Expression expected
  202 |                 </div>
  203 |               </div>
> 204 |             </PantallaFunnel>
      |             ^
  205 |           )}
  206 |
  207 |           {paso === 'reconocimiento' && (

Parsing ecmascript source code failed

Import traces:
  Client Component Browser:
    ./app/onboarding/page.tsx [Client Component Browser]
    ./app/onboarding/page.tsx [Server Component]

  Client Component SSR:
    ./app/onboarding/page.tsx [Client Component SSR]
    ./app/onboarding/page.tsx [Server Component] @ http://localhost:3000/_next/static/chunks/node_modules_next_dist_1e8vcs8._.js:1052
[  350719ms] [ERROR] ./app/onboarding/page.tsx:204:14
Error: Unterminated regexp literal
  202 |                 </div>
  203 |               </div>
> 204 |             </PantallaFunnel>
      |              ^^^^^^^^^^^^^^^^
  205 |           )}
  206 |
  207 |           {paso === 'reconocimiento' && (

Parsing ecmascript source code failed

Import traces:
  Client Component Browser:
    ./app/onboarding/page.tsx [Client Component Browser]
    ./app/onboarding/page.tsx [Server Component]

  Client Component SSR:
    ./app/onboarding/page.tsx [Client Component SSR]
    ./app/onboarding/page.tsx [Server Component] @ http://localhost:3000/_next/static/chunks/node_modules_next_dist_1e8vcs8._.js:1052
[  350774ms] [ERROR] ./app/onboarding/page.tsx:204:13
Error: Expression expected
  202 |                 </div>
  203 |               </div>
> 204 |             </PantallaFunnel>
      |             ^
  205 |           )}
  206 |
  207 |           {paso === 'reconocimiento' && (

Parsing ecmascript source code failed

Import traces:
  Client Component Browser:
    ./app/onboarding/page.tsx [Client Component Browser]
    ./app/onboarding/page.tsx [Server Component]

  Client Component SSR:
    ./app/onboarding/page.tsx [Client Component SSR]
    ./app/onboarding/page.tsx [Server Component] @ http://localhost:3000/_next/static/chunks/node_modules_next_dist_1e8vcs8._.js:1052
[  350774ms] [ERROR] ./app/onboarding/page.tsx:204:14
Error: Unterminated regexp literal
  202 |                 </div>
  203 |               </div>
> 204 |             </PantallaFunnel>
      |              ^^^^^^^^^^^^^^^^
  205 |           )}
  206 |
  207 |           {paso === 'reconocimiento' && (

Parsing ecmascript source code failed

Import traces:
  Client Component Browser:
    ./app/onboarding/page.tsx [Client Component Browser]
    ./app/onboarding/page.tsx [Server Component]

  Client Component SSR:
    ./app/onboarding/page.tsx [Client Component SSR]
    ./app/onboarding/page.tsx [Server Component] @ http://localhost:3000/_next/static/chunks/node_modules_next_dist_1e8vcs8._.js:1052
[  350823ms] [ERROR] ./app/onboarding/page.tsx:204:13
Error: Expression expected
  202 |                 </div>
  203 |               </div>
> 204 |             </PantallaFunnel>
      |             ^
  205 |           )}
  206 |
  207 |           {paso === 'reconocimiento' && (

Parsing ecmascript source code failed

Import traces:
  Client Component Browser:
    ./app/onboarding/page.tsx [Client Component Browser]
    ./app/onboarding/page.tsx [Server Component]

  Client Component SSR:
    ./app/onboarding/page.tsx [Client Component SSR]
    ./app/onboarding/page.tsx [Server Component] @ http://localhost:3000/_next/static/chunks/node_modules_next_dist_1e8vcs8._.js:1052
[  350823ms] [ERROR] ./app/onboarding/page.tsx:204:14
Error: Unterminated regexp literal
  202 |                 </div>
  203 |               </div>
> 204 |             </PantallaFunnel>
      |              ^^^^^^^^^^^^^^^^
  205 |           )}
  206 |
  207 |           {paso === 'reconocimiento' && (

Parsing ecmascript source code failed

Import traces:
  Client Component Browser:
    ./app/onboarding/page.tsx [Client Component Browser]
    ./app/onboarding/page.tsx [Server Component]

  Client Component SSR:
    ./app/onboarding/page.tsx [Client Component SSR]
    ./app/onboarding/page.tsx [Server Component] @ http://localhost:3000/_next/static/chunks/node_modules_next_dist_1e8vcs8._.js:1052
[  350881ms] [ERROR] ./app/onboarding/page.tsx:204:13
Error: Expression expected
  202 |                 </div>
  203 |               </div>
> 204 |             </PantallaFunnel>
      |             ^
  205 |           )}
  206 |
  207 |           {paso === 'reconocimiento' && (

Parsing ecmascript source code failed

Import traces:
  Client Component Browser:
    ./app/onboarding/page.tsx [Client Component Browser]
    ./app/onboarding/page.tsx [Server Component]

  Client Component SSR:
    ./app/onboarding/page.tsx [Client Component SSR]
    ./app/onboarding/page.tsx [Server Component] @ http://localhost:3000/_next/static/chunks/node_modules_next_dist_1e8vcs8._.js:1052
[  350882ms] [ERROR] ./app/onboarding/page.tsx:204:14
Error: Unterminated regexp literal
  202 |                 </div>
  203 |               </div>
> 204 |             </PantallaFunnel>
      |              ^^^^^^^^^^^^^^^^
  205 |           )}
  206 |
  207 |           {paso === 'reconocimiento' && (

Parsing ecmascript source code failed

Import traces:
  Client Component Browser:
    ./app/onboarding/page.tsx [Client Component Browser]
    ./app/onboarding/page.tsx [Server Component]

  Client Component SSR:
    ./app/onboarding/page.tsx [Client Component SSR]
    ./app/onboarding/page.tsx [Server Component] @ http://localhost:3000/_next/static/chunks/node_modules_next_dist_1e8vcs8._.js:1052
[  350927ms] [ERROR] ./app/onboarding/page.tsx:204:13
Error: Expression expected
  202 |                 </div>
  203 |               </div>
> 204 |             </PantallaFunnel>
      |             ^
  205 |           )}
  206 |
  207 |           {paso === 'reconocimiento' && (

Parsing ecmascript source code failed

Import traces:
  Client Component Browser:
    ./app/onboarding/page.tsx [Client Component Browser]
    ./app/onboarding/page.tsx [Server Component]

  Client Component SSR:
    ./app/onboarding/page.tsx [Client Component SSR]
    ./app/onboarding/page.tsx [Server Component] @ http://localhost:3000/_next/static/chunks/node_modules_next_dist_1e8vcs8._.js:1052
[  350928ms] [ERROR] ./app/onboarding/page.tsx:204:14
Error: Unterminated regexp literal
  202 |                 </div>
  203 |               </div>
> 204 |             </PantallaFunnel>
      |              ^^^^^^^^^^^^^^^^
  205 |           )}
  206 |
  207 |           {paso === 'reconocimiento' && (

Parsing ecmascript source code failed

Import traces:
  Client Component Browser:
    ./app/onboarding/page.tsx [Client Component Browser]
    ./app/onboarding/page.tsx [Server Component]

  Client Component SSR:
    ./app/onboarding/page.tsx [Client Component SSR]
    ./app/onboarding/page.tsx [Server Component] @ http://localhost:3000/_next/static/chunks/node_modules_next_dist_1e8vcs8._.js:1052
[  350975ms] [ERROR] ./app/onboarding/page.tsx:204:13
Error: Expression expected
  202 |                 </div>
  203 |               </div>
> 204 |             </PantallaFunnel>
      |             ^
  205 |           )}
  206 |
  207 |           {paso === 'reconocimiento' && (

Parsing ecmascript source code failed

Import traces:
  Client Component Browser:
    ./app/onboarding/page.tsx [Client Component Browser]
    ./app/onboarding/page.tsx [Server Component]

  Client Component SSR:
    ./app/onboarding/page.tsx [Client Component SSR]
    ./app/onboarding/page.tsx [Server Component] @ http://localhost:3000/_next/static/chunks/node_modules_next_dist_1e8vcs8._.js:1052
[  350975ms] [ERROR] ./app/onboarding/page.tsx:204:14
Error: Unterminated regexp literal
  202 |                 </div>
  203 |               </div>
> 204 |             </PantallaFunnel>
      |              ^^^^^^^^^^^^^^^^
  205 |           )}
  206 |
  207 |           {paso === 'reconocimiento' && (

Parsing ecmascript source code failed

Import traces:
  Client Component Browser:
    ./app/onboarding/page.tsx [Client Component Browser]
    ./app/onboarding/page.tsx [Server Component]

  Client Component SSR:
    ./app/onboarding/page.tsx [Client Component SSR]
    ./app/onboarding/page.tsx [Server Component] @ http://localhost:3000/_next/static/chunks/node_modules_next_dist_1e8vcs8._.js:1052
[  351023ms] [ERROR] ./app/onboarding/page.tsx:204:13
Error: Expression expected
  202 |                 </div>
  203 |               </div>
> 204 |             </PantallaFunnel>
      |             ^
  205 |           )}
  206 |
  207 |           {paso === 'reconocimiento' && (

Parsing ecmascript source code failed

Import traces:
  Client Component Browser:
    ./app/onboarding/page.tsx [Client Component Browser]
    ./app/onboarding/page.tsx [Server Component]

  Client Component SSR:
    ./app/onboarding/page.tsx [Client Component SSR]
    ./app/onboarding/page.tsx [Server Component] @ http://localhost:3000/_next/static/chunks/node_modules_next_dist_1e8vcs8._.js:1052
[  351023ms] [ERROR] ./app/onboarding/page.tsx:204:14
Error: Unterminated regexp literal
  202 |                 </div>
  203 |               </div>
> 204 |             </PantallaFunnel>
      |              ^^^^^^^^^^^^^^^^
  205 |           )}
  206 |
  207 |           {paso === 'reconocimiento' && (

Parsing ecmascript source code failed

Import traces:
  Client Component Browser:
    ./app/onboarding/page.tsx [Client Component Browser]
    ./app/onboarding/page.tsx [Server Component]

  Client Component SSR:
    ./app/onboarding/page.tsx [Client Component SSR]
    ./app/onboarding/page.tsx [Server Component] @ http://localhost:3000/_next/static/chunks/node_modules_next_dist_1e8vcs8._.js:1052
[  351075ms] [ERROR] ./app/onboarding/page.tsx:204:13
Error: Expression expected
  202 |                 </div>
  203 |               </div>
> 204 |             </PantallaFunnel>
      |             ^
  205 |           )}
  206 |
  207 |           {paso === 'reconocimiento' && (

Parsing ecmascript source code failed

Import traces:
  Client Component Browser:
    ./app/onboarding/page.tsx [Client Component Browser]
    ./app/onboarding/page.tsx [Server Component]

  Client Component SSR:
    ./app/onboarding/page.tsx [Client Component SSR]
    ./app/onboarding/page.tsx [Server Component] @ http://localhost:3000/_next/static/chunks/node_modules_next_dist_1e8vcs8._.js:1052
[  351075ms] [ERROR] ./app/onboarding/page.tsx:204:14
Error: Unterminated regexp literal
  202 |                 </div>
  203 |               </div>
> 204 |             </PantallaFunnel>
      |              ^^^^^^^^^^^^^^^^
  205 |           )}
  206 |
  207 |           {paso === 'reconocimiento' && (

Parsing ecmascript source code failed

Import traces:
  Client Component Browser:
    ./app/onboarding/page.tsx [Client Component Browser]
    ./app/onboarding/page.tsx [Server Component]

  Client Component SSR:
    ./app/onboarding/page.tsx [Client Component SSR]
    ./app/onboarding/page.tsx [Server Component] @ http://localhost:3000/_next/static/chunks/node_modules_next_dist_1e8vcs8._.js:1052
[  351137ms] [ERROR] ./app/onboarding/page.tsx:204:13
Error: Expression expected
  202 |                 </div>
  203 |               </div>
> 204 |             </PantallaFunnel>
      |             ^
  205 |           )}
  206 |
  207 |           {paso === 'reconocimiento' && (

Parsing ecmascript source code failed

Import traces:
  Client Component Browser:
    ./app/onboarding/page.tsx [Client Component Browser]
    ./app/onboarding/page.tsx [Server Component]

  Client Component SSR:
    ./app/onboarding/page.tsx [Client Component SSR]
    ./app/onboarding/page.tsx [Server Component] @ http://localhost:3000/_next/static/chunks/node_modules_next_dist_1e8vcs8._.js:1052
[  351137ms] [ERROR] ./app/onboarding/page.tsx:204:14
Error: Unterminated regexp literal
  202 |                 </div>
  203 |               </div>
> 204 |             </PantallaFunnel>
      |              ^^^^^^^^^^^^^^^^
  205 |           )}
  206 |
  207 |           {paso === 'reconocimiento' && (

Parsing ecmascript source code failed

Import traces:
  Client Component Browser:
    ./app/onboarding/page.tsx [Client Component Browser]
    ./app/onboarding/page.tsx [Server Component]

  Client Component SSR:
    ./app/onboarding/page.tsx [Client Component SSR]
    ./app/onboarding/page.tsx [Server Component] @ http://localhost:3000/_next/static/chunks/node_modules_next_dist_1e8vcs8._.js:1052
[  351183ms] [ERROR] ./app/onboarding/page.tsx:204:13
Error: Expression expected
  202 |                 </div>
  203 |               </div>
> 204 |             </PantallaFunnel>
      |             ^
  205 |           )}
  206 |
  207 |           {paso === 'reconocimiento' && (

Parsing ecmascript source code failed

Import traces:
  Client Component Browser:
    ./app/onboarding/page.tsx [Client Component Browser]
    ./app/onboarding/page.tsx [Server Component]

  Client Component SSR:
    ./app/onboarding/page.tsx [Client Component SSR]
    ./app/onboarding/page.tsx [Server Component] @ http://localhost:3000/_next/static/chunks/node_modules_next_dist_1e8vcs8._.js:1052
[  351183ms] [ERROR] ./app/onboarding/page.tsx:204:14
Error: Unterminated regexp literal
  202 |                 </div>
  203 |               </div>
> 204 |             </PantallaFunnel>
      |              ^^^^^^^^^^^^^^^^
  205 |           )}
  206 |
  207 |           {paso === 'reconocimiento' && (

Parsing ecmascript source code failed

Import traces:
  Client Component Browser:
    ./app/onboarding/page.tsx [Client Component Browser]
    ./app/onboarding/page.tsx [Server Component]

  Client Component SSR:
    ./app/onboarding/page.tsx [Client Component SSR]
    ./app/onboarding/page.tsx [Server Component] @ http://localhost:3000/_next/static/chunks/node_modules_next_dist_1e8vcs8._.js:1052
[  351229ms] [ERROR] ./app/onboarding/page.tsx:204:13
Error: Expression expected
  202 |                 </div>
  203 |               </div>
> 204 |             </PantallaFunnel>
      |             ^
  205 |           )}
  206 |
  207 |           {paso === 'reconocimiento' && (

Parsing ecmascript source code failed

Import traces:
  Client Component Browser:
    ./app/onboarding/page.tsx [Client Component Browser]
    ./app/onboarding/page.tsx [Server Component]

  Client Component SSR:
    ./app/onboarding/page.tsx [Client Component SSR]
    ./app/onboarding/page.tsx [Server Component] @ http://localhost:3000/_next/static/chunks/node_modules_next_dist_1e8vcs8._.js:1052
[  351230ms] [ERROR] ./app/onboarding/page.tsx:204:14
Error: Unterminated regexp literal
  202 |                 </div>
  203 |               </div>
> 204 |             </PantallaFunnel>
      |              ^^^^^^^^^^^^^^^^
  205 |           )}
  206 |
  207 |           {paso === 'reconocimiento' && (

Parsing ecmascript source code failed

Import traces:
  Client Component Browser:
    ./app/onboarding/page.tsx [Client Component Browser]
    ./app/onboarding/page.tsx [Server Component]

  Client Component SSR:
    ./app/onboarding/page.tsx [Client Component SSR]
    ./app/onboarding/page.tsx [Server Component] @ http://localhost:3000/_next/static/chunks/node_modules_next_dist_1e8vcs8._.js:1052
[  351286ms] [ERROR] ./app/onboarding/page.tsx:204:13
Error: Expression expected
  202 |                 </div>
  203 |               </div>
> 204 |             </PantallaFunnel>
      |             ^
  205 |           )}
  206 |
  207 |           {paso === 'reconocimiento' && (

Parsing ecmascript source code failed

Import traces:
  Client Component Browser:
    ./app/onboarding/page.tsx [Client Component Browser]
    ./app/onboarding/page.tsx [Server Component]

  Client Component SSR:
    ./app/onboarding/page.tsx [Client Component SSR]
    ./app/onboarding/page.tsx [Server Component] @ http://localhost:3000/_next/static/chunks/node_modules_next_dist_1e8vcs8._.js:1052
[  351286ms] [ERROR] ./app/onboarding/page.tsx:204:14
Error: Unterminated regexp literal
  202 |                 </div>
  203 |               </div>
> 204 |             </PantallaFunnel>
      |              ^^^^^^^^^^^^^^^^
  205 |           )}
  206 |
  207 |           {paso === 'reconocimiento' && (

Parsing ecmascript source code failed

Import traces:
  Client Component Browser:
    ./app/onboarding/page.tsx [Client Component Browser]
    ./app/onboarding/page.tsx [Server Component]

  Client Component SSR:
    ./app/onboarding/page.tsx [Client Component SSR]
    ./app/onboarding/page.tsx [Server Component] @ http://localhost:3000/_next/static/chunks/node_modules_next_dist_1e8vcs8._.js:1052
[  351351ms] [ERROR] ./app/onboarding/page.tsx:204:13
Error: Expression expected
  202 |                 </div>
  203 |               </div>
> 204 |             </PantallaFunnel>
      |             ^
  205 |           )}
  206 |
  207 |           {paso === 'reconocimiento' && (

Parsing ecmascript source code failed

Import traces:
  Client Component Browser:
    ./app/onboarding/page.tsx [Client Component Browser]
    ./app/onboarding/page.tsx [Server Component]

  Client Component SSR:
    ./app/onboarding/page.tsx [Client Component SSR]
    ./app/onboarding/page.tsx [Server Component] @ http://localhost:3000/_next/static/chunks/node_modules_next_dist_1e8vcs8._.js:1052
[  351352ms] [ERROR] ./app/onboarding/page.tsx:204:14
Error: Unterminated regexp literal
  202 |                 </div>
  203 |               </div>
> 204 |             </PantallaFunnel>
      |              ^^^^^^^^^^^^^^^^
  205 |           )}
  206 |
  207 |           {paso === 'reconocimiento' && (

Parsing ecmascript source code failed

Import traces:
  Client Component Browser:
    ./app/onboarding/page.tsx [Client Component Browser]
    ./app/onboarding/page.tsx [Server Component]

  Client Component SSR:
    ./app/onboarding/page.tsx [Client Component SSR]
    ./app/onboarding/page.tsx [Server Component] @ http://localhost:3000/_next/static/chunks/node_modules_next_dist_1e8vcs8._.js:1052
[  351395ms] [ERROR] ./app/onboarding/page.tsx:204:13
Error: Expression expected
  202 |                 </div>
  203 |               </div>
> 204 |             </PantallaFunnel>
      |             ^
  205 |           )}
  206 |
  207 |           {paso === 'reconocimiento' && (

Parsing ecmascript source code failed

Import traces:
  Client Component Browser:
    ./app/onboarding/page.tsx [Client Component Browser]
    ./app/onboarding/page.tsx [Server Component]

  Client Component SSR:
    ./app/onboarding/page.tsx [Client Component SSR]
    ./app/onboarding/page.tsx [Server Component] @ http://localhost:3000/_next/static/chunks/node_modules_next_dist_1e8vcs8._.js:1052
[  351396ms] [ERROR] ./app/onboarding/page.tsx:204:14
Error: Unterminated regexp literal
  202 |                 </div>
  203 |               </div>
> 204 |             </PantallaFunnel>
      |              ^^^^^^^^^^^^^^^^
  205 |           )}
  206 |
  207 |           {paso === 'reconocimiento' && (

Parsing ecmascript source code failed

Import traces:
  Client Component Browser:
    ./app/onboarding/page.tsx [Client Component Browser]
    ./app/onboarding/page.tsx [Server Component]

  Client Component SSR:
    ./app/onboarding/page.tsx [Client Component SSR]
    ./app/onboarding/page.tsx [Server Component] @ http://localhost:3000/_next/static/chunks/node_modules_next_dist_1e8vcs8._.js:1052
[  351445ms] [ERROR] ./app/onboarding/page.tsx:204:13
Error: Expression expected
  202 |                 </div>
  203 |               </div>
> 204 |             </PantallaFunnel>
      |             ^
  205 |           )}
  206 |
  207 |           {paso === 'reconocimiento' && (

Parsing ecmascript source code failed

Import traces:
  Client Component Browser:
    ./app/onboarding/page.tsx [Client Component Browser]
    ./app/onboarding/page.tsx [Server Component]

  Client Component SSR:
    ./app/onboarding/page.tsx [Client Component SSR]
    ./app/onboarding/page.tsx [Server Component] @ http://localhost:3000/_next/static/chunks/node_modules_next_dist_1e8vcs8._.js:1052
[  351446ms] [ERROR] ./app/onboarding/page.tsx:204:14
Error: Unterminated regexp literal
  202 |                 </div>
  203 |               </div>
> 204 |             </PantallaFunnel>
      |              ^^^^^^^^^^^^^^^^
  205 |           )}
  206 |
  207 |           {paso === 'reconocimiento' && (

Parsing ecmascript source code failed

Import traces:
  Client Component Browser:
    ./app/onboarding/page.tsx [Client Component Browser]
    ./app/onboarding/page.tsx [Server Component]

  Client Component SSR:
    ./app/onboarding/page.tsx [Client Component SSR]
    ./app/onboarding/page.tsx [Server Component] @ http://localhost:3000/_next/static/chunks/node_modules_next_dist_1e8vcs8._.js:1052
[  351503ms] [ERROR] ./app/onboarding/page.tsx:204:13
Error: Expression expected
  202 |                 </div>
  203 |               </div>
> 204 |             </PantallaFunnel>
      |             ^
  205 |           )}
  206 |
  207 |           {paso === 'reconocimiento' && (

Parsing ecmascript source code failed

Import traces:
  Client Component Browser:
    ./app/onboarding/page.tsx [Client Component Browser]
    ./app/onboarding/page.tsx [Server Component]

  Client Component SSR:
    ./app/onboarding/page.tsx [Client Component SSR]
    ./app/onboarding/page.tsx [Server Component] @ http://localhost:3000/_next/static/chunks/node_modules_next_dist_1e8vcs8._.js:1052
[  351503ms] [ERROR] ./app/onboarding/page.tsx:204:14
Error: Unterminated regexp literal
  202 |                 </div>
  203 |               </div>
> 204 |             </PantallaFunnel>
      |              ^^^^^^^^^^^^^^^^
  205 |           )}
  206 |
  207 |           {paso === 'reconocimiento' && (

Parsing ecmascript source code failed

Import traces:
  Client Component Browser:
    ./app/onboarding/page.tsx [Client Component Browser]
    ./app/onboarding/page.tsx [Server Component]

  Client Component SSR:
    ./app/onboarding/page.tsx [Client Component SSR]
    ./app/onboarding/page.tsx [Server Component] @ http://localhost:3000/_next/static/chunks/node_modules_next_dist_1e8vcs8._.js:1052
[  351552ms] [ERROR] ./app/onboarding/page.tsx:204:13
Error: Expression expected
  202 |                 </div>
  203 |               </div>
> 204 |             </PantallaFunnel>
      |             ^
  205 |           )}
  206 |
  207 |           {paso === 'reconocimiento' && (

Parsing ecmascript source code failed

Import traces:
  Client Component Browser:
    ./app/onboarding/page.tsx [Client Component Browser]
    ./app/onboarding/page.tsx [Server Component]

  Client Component SSR:
    ./app/onboarding/page.tsx [Client Component SSR]
    ./app/onboarding/page.tsx [Server Component] @ http://localhost:3000/_next/static/chunks/node_modules_next_dist_1e8vcs8._.js:1052
[  351552ms] [ERROR] ./app/onboarding/page.tsx:204:14
Error: Unterminated regexp literal
  202 |                 </div>
  203 |               </div>
> 204 |             </PantallaFunnel>
      |              ^^^^^^^^^^^^^^^^
  205 |           )}
  206 |
  207 |           {paso === 'reconocimiento' && (

Parsing ecmascript source code failed

Import traces:
  Client Component Browser:
    ./app/onboarding/page.tsx [Client Component Browser]
    ./app/onboarding/page.tsx [Server Component]

  Client Component SSR:
    ./app/onboarding/page.tsx [Client Component SSR]
    ./app/onboarding/page.tsx [Server Component] @ http://localhost:3000/_next/static/chunks/node_modules_next_dist_1e8vcs8._.js:1052
[  351592ms] [ERROR] ./app/onboarding/page.tsx:204:13
Error: Expression expected
  202 |                 </div>
  203 |               </div>
> 204 |             </PantallaFunnel>
      |             ^
  205 |           )}
  206 |
  207 |           {paso === 'reconocimiento' && (

Parsing ecmascript source code failed

Import traces:
  Client Component Browser:
    ./app/onboarding/page.tsx [Client Component Browser]
    ./app/onboarding/page.tsx [Server Component]

  Client Component SSR:
    ./app/onboarding/page.tsx [Client Component SSR]
    ./app/onboarding/page.tsx [Server Component] @ http://localhost:3000/_next/static/chunks/node_modules_next_dist_1e8vcs8._.js:1052
[  351594ms] [ERROR] ./app/onboarding/page.tsx:204:14
Error: Unterminated regexp literal
  202 |                 </div>
  203 |               </div>
> 204 |             </PantallaFunnel>
      |              ^^^^^^^^^^^^^^^^
  205 |           )}
  206 |
  207 |           {paso === 'reconocimiento' && (

Parsing ecmascript source code failed

Import traces:
  Client Component Browser:
    ./app/onboarding/page.tsx [Client Component Browser]
    ./app/onboarding/page.tsx [Server Component]

  Client Component SSR:
    ./app/onboarding/page.tsx [Client Component SSR]
    ./app/onboarding/page.tsx [Server Component] @ http://localhost:3000/_next/static/chunks/node_modules_next_dist_1e8vcs8._.js:1052
[  351639ms] [ERROR] ./app/onboarding/page.tsx:204:13
Error: Expression expected
  202 |                 </div>
  203 |               </div>
> 204 |             </PantallaFunnel>
      |             ^
  205 |           )}
  206 |
  207 |           {paso === 'reconocimiento' && (

Parsing ecmascript source code failed

Import traces:
  Client Component Browser:
    ./app/onboarding/page.tsx [Client Component Browser]
    ./app/onboarding/page.tsx [Server Component]

  Client Component SSR:
    ./app/onboarding/page.tsx [Client Component SSR]
    ./app/onboarding/page.tsx [Server Component] @ http://localhost:3000/_next/static/chunks/node_modules_next_dist_1e8vcs8._.js:1052
[  351640ms] [ERROR] ./app/onboarding/page.tsx:204:14
Error: Unterminated regexp literal
  202 |                 </div>
  203 |               </div>
> 204 |             </PantallaFunnel>
      |              ^^^^^^^^^^^^^^^^
  205 |           )}
  206 |
  207 |           {paso === 'reconocimiento' && (

Parsing ecmascript source code failed

Import traces:
  Client Component Browser:
    ./app/onboarding/page.tsx [Client Component Browser]
    ./app/onboarding/page.tsx [Server Component]

  Client Component SSR:
    ./app/onboarding/page.tsx [Client Component SSR]
    ./app/onboarding/page.tsx [Server Component] @ http://localhost:3000/_next/static/chunks/node_modules_next_dist_1e8vcs8._.js:1052
[  351691ms] [ERROR] ./app/onboarding/page.tsx:204:13
Error: Expression expected
  202 |                 </div>
  203 |               </div>
> 204 |             </PantallaFunnel>
      |             ^
  205 |           )}
  206 |
  207 |           {paso === 'reconocimiento' && (

Parsing ecmascript source code failed

Import traces:
  Client Component Browser:
    ./app/onboarding/page.tsx [Client Component Browser]
    ./app/onboarding/page.tsx [Server Component]

  Client Component SSR:
    ./app/onboarding/page.tsx [Client Component SSR]
    ./app/onboarding/page.tsx [Server Component] @ http://localhost:3000/_next/static/chunks/node_modules_next_dist_1e8vcs8._.js:1052
[  351692ms] [ERROR] ./app/onboarding/page.tsx:204:14
Error: Unterminated regexp literal
  202 |                 </div>
  203 |               </div>
> 204 |             </PantallaFunnel>
      |              ^^^^^^^^^^^^^^^^
  205 |           )}
  206 |
  207 |           {paso === 'reconocimiento' && (

Parsing ecmascript source code failed

Import traces:
  Client Component Browser:
    ./app/onboarding/page.tsx [Client Component Browser]
    ./app/onboarding/page.tsx [Server Component]

  Client Component SSR:
    ./app/onboarding/page.tsx [Client Component SSR]
    ./app/onboarding/page.tsx [Server Component] @ http://localhost:3000/_next/static/chunks/node_modules_next_dist_1e8vcs8._.js:1052
[  351737ms] [ERROR] ./app/onboarding/page.tsx:204:13
Error: Expression expected
  202 |                 </div>
  203 |               </div>
> 204 |             </PantallaFunnel>
      |             ^
  205 |           )}
  206 |
  207 |           {paso === 'reconocimiento' && (

Parsing ecmascript source code failed

Import traces:
  Client Component Browser:
    ./app/onboarding/page.tsx [Client Component Browser]
    ./app/onboarding/page.tsx [Server Component]

  Client Component SSR:
    ./app/onboarding/page.tsx [Client Component SSR]
    ./app/onboarding/page.tsx [Server Component] @ http://localhost:3000/_next/static/chunks/node_modules_next_dist_1e8vcs8._.js:1052
[  351738ms] [ERROR] ./app/onboarding/page.tsx:204:14
Error: Unterminated regexp literal
  202 |                 </div>
  203 |               </div>
> 204 |             </PantallaFunnel>
      |              ^^^^^^^^^^^^^^^^
  205 |           )}
  206 |
  207 |           {paso === 'reconocimiento' && (

Parsing ecmascript source code failed

Import traces:
  Client Component Browser:
    ./app/onboarding/page.tsx [Client Component Browser]
    ./app/onboarding/page.tsx [Server Component]

  Client Component SSR:
    ./app/onboarding/page.tsx [Client Component SSR]
    ./app/onboarding/page.tsx [Server Component] @ http://localhost:3000/_next/static/chunks/node_modules_next_dist_1e8vcs8._.js:1052
[  351799ms] [ERROR] ./app/onboarding/page.tsx:204:13
Error: Expression expected
  202 |                 </div>
  203 |               </div>
> 204 |             </PantallaFunnel>
      |             ^
  205 |           )}
  206 |
  207 |           {paso === 'reconocimiento' && (

Parsing ecmascript source code failed

Import traces:
  Client Component Browser:
    ./app/onboarding/page.tsx [Client Component Browser]
    ./app/onboarding/page.tsx [Server Component]

  Client Component SSR:
    ./app/onboarding/page.tsx [Client Component SSR]
    ./app/onboarding/page.tsx [Server Component] @ http://localhost:3000/_next/static/chunks/node_modules_next_dist_1e8vcs8._.js:1052
[  351800ms] [ERROR] ./app/onboarding/page.tsx:204:14
Error: Unterminated regexp literal
  202 |                 </div>
  203 |               </div>
> 204 |             </PantallaFunnel>
      |              ^^^^^^^^^^^^^^^^
  205 |           )}
  206 |
  207 |           {paso === 'reconocimiento' && (

Parsing ecmascript source code failed

Import traces:
  Client Component Browser:
    ./app/onboarding/page.tsx [Client Component Browser]
    ./app/onboarding/page.tsx [Server Component]

  Client Component SSR:
    ./app/onboarding/page.tsx [Client Component SSR]
    ./app/onboarding/page.tsx [Server Component] @ http://localhost:3000/_next/static/chunks/node_modules_next_dist_1e8vcs8._.js:1052
[  351852ms] [ERROR] ./app/onboarding/page.tsx:204:13
Error: Expression expected
  202 |                 </div>
  203 |               </div>
> 204 |             </PantallaFunnel>
      |             ^
  205 |           )}
  206 |
  207 |           {paso === 'reconocimiento' && (

Parsing ecmascript source code failed

Import traces:
  Client Component Browser:
    ./app/onboarding/page.tsx [Client Component Browser]
    ./app/onboarding/page.tsx [Server Component]

  Client Component SSR:
    ./app/onboarding/page.tsx [Client Component SSR]
    ./app/onboarding/page.tsx [Server Component] @ http://localhost:3000/_next/static/chunks/node_modules_next_dist_1e8vcs8._.js:1052
[  351852ms] [ERROR] ./app/onboarding/page.tsx:204:14
Error: Unterminated regexp literal
  202 |                 </div>
  203 |               </div>
> 204 |             </PantallaFunnel>
      |              ^^^^^^^^^^^^^^^^
  205 |           )}
  206 |
  207 |           {paso === 'reconocimiento' && (

Parsing ecmascript source code failed

Import traces:
  Client Component Browser:
    ./app/onboarding/page.tsx [Client Component Browser]
    ./app/onboarding/page.tsx [Server Component]

  Client Component SSR:
    ./app/onboarding/page.tsx [Client Component SSR]
    ./app/onboarding/page.tsx [Server Component] @ http://localhost:3000/_next/static/chunks/node_modules_next_dist_1e8vcs8._.js:1052
[  351910ms] [ERROR] ./app/onboarding/page.tsx:204:13
Error: Expression expected
  202 |                 </div>
  203 |               </div>
> 204 |             </PantallaFunnel>
      |             ^
  205 |           )}
  206 |
  207 |           {paso === 'reconocimiento' && (

Parsing ecmascript source code failed

Import traces:
  Client Component Browser:
    ./app/onboarding/page.tsx [Client Component Browser]
    ./app/onboarding/page.tsx [Server Component]

  Client Component SSR:
    ./app/onboarding/page.tsx [Client Component SSR]
    ./app/onboarding/page.tsx [Server Component] @ http://localhost:3000/_next/static/chunks/node_modules_next_dist_1e8vcs8._.js:1052
[  351910ms] [ERROR] ./app/onboarding/page.tsx:204:14
Error: Unterminated regexp literal
  202 |                 </div>
  203 |               </div>
> 204 |             </PantallaFunnel>
      |              ^^^^^^^^^^^^^^^^
  205 |           )}
  206 |
  207 |           {paso === 'reconocimiento' && (

Parsing ecmascript source code failed

Import traces:
  Client Component Browser:
    ./app/onboarding/page.tsx [Client Component Browser]
    ./app/onboarding/page.tsx [Server Component]

  Client Component SSR:
    ./app/onboarding/page.tsx [Client Component SSR]
    ./app/onboarding/page.tsx [Server Component] @ http://localhost:3000/_next/static/chunks/node_modules_next_dist_1e8vcs8._.js:1052
[  351970ms] [ERROR] ./app/onboarding/page.tsx:204:13
Error: Expression expected
  202 |                 </div>
  203 |               </div>
> 204 |             </PantallaFunnel>
      |             ^
  205 |           )}
  206 |
  207 |           {paso === 'reconocimiento' && (

Parsing ecmascript source code failed

Import traces:
  Client Component Browser:
    ./app/onboarding/page.tsx [Client Component Browser]
    ./app/onboarding/page.tsx [Server Component]

  Client Component SSR:
    ./app/onboarding/page.tsx [Client Component SSR]
    ./app/onboarding/page.tsx [Server Component] @ http://localhost:3000/_next/static/chunks/node_modules_next_dist_1e8vcs8._.js:1052
[  351972ms] [ERROR] ./app/onboarding/page.tsx:204:14
Error: Unterminated regexp literal
  202 |                 </div>
  203 |               </div>
> 204 |             </PantallaFunnel>
      |              ^^^^^^^^^^^^^^^^
  205 |           )}
  206 |
  207 |           {paso === 'reconocimiento' && (

Parsing ecmascript source code failed

Import traces:
  Client Component Browser:
    ./app/onboarding/page.tsx [Client Component Browser]
    ./app/onboarding/page.tsx [Server Component]

  Client Component SSR:
    ./app/onboarding/page.tsx [Client Component SSR]
    ./app/onboarding/page.tsx [Server Component] @ http://localhost:3000/_next/static/chunks/node_modules_next_dist_1e8vcs8._.js:1052
[  352022ms] [ERROR] ./app/onboarding/page.tsx:204:13
Error: Expression expected
  202 |                 </div>
  203 |               </div>
> 204 |             </PantallaFunnel>
      |             ^
  205 |           )}
  206 |
  207 |           {paso === 'reconocimiento' && (

Parsing ecmascript source code failed

Import traces:
  Client Component Browser:
    ./app/onboarding/page.tsx [Client Component Browser]
    ./app/onboarding/page.tsx [Server Component]

  Client Component SSR:
    ./app/onboarding/page.tsx [Client Component SSR]
    ./app/onboarding/page.tsx [Server Component] @ http://localhost:3000/_next/static/chunks/node_modules_next_dist_1e8vcs8._.js:1052
[  352022ms] [ERROR] ./app/onboarding/page.tsx:204:14
Error: Unterminated regexp literal
  202 |                 </div>
  203 |               </div>
> 204 |             </PantallaFunnel>
      |              ^^^^^^^^^^^^^^^^
  205 |           )}
  206 |
  207 |           {paso === 'reconocimiento' && (

Parsing ecmascript source code failed

Import traces:
  Client Component Browser:
    ./app/onboarding/page.tsx [Client Component Browser]
    ./app/onboarding/page.tsx [Server Component]

  Client Component SSR:
    ./app/onboarding/page.tsx [Client Component SSR]
    ./app/onboarding/page.tsx [Server Component] @ http://localhost:3000/_next/static/chunks/node_modules_next_dist_1e8vcs8._.js:1052
[  352068ms] [ERROR] ./app/onboarding/page.tsx:204:13
Error: Expression expected
  202 |                 </div>
  203 |               </div>
> 204 |             </PantallaFunnel>
      |             ^
  205 |           )}
  206 |
  207 |           {paso === 'reconocimiento' && (

Parsing ecmascript source code failed

Import traces:
  Client Component Browser:
    ./app/onboarding/page.tsx [Client Component Browser]
    ./app/onboarding/page.tsx [Server Component]

  Client Component SSR:
    ./app/onboarding/page.tsx [Client Component SSR]
    ./app/onboarding/page.tsx [Server Component] @ http://localhost:3000/_next/static/chunks/node_modules_next_dist_1e8vcs8._.js:1052
[  352069ms] [ERROR] ./app/onboarding/page.tsx:204:14
Error: Unterminated regexp literal
  202 |                 </div>
  203 |               </div>
> 204 |             </PantallaFunnel>
      |              ^^^^^^^^^^^^^^^^
  205 |           )}
  206 |
  207 |           {paso === 'reconocimiento' && (

Parsing ecmascript source code failed

Import traces:
  Client Component Browser:
    ./app/onboarding/page.tsx [Client Component Browser]
    ./app/onboarding/page.tsx [Server Component]

  Client Component SSR:
    ./app/onboarding/page.tsx [Client Component SSR]
    ./app/onboarding/page.tsx [Server Component] @ http://localhost:3000/_next/static/chunks/node_modules_next_dist_1e8vcs8._.js:1052
[  352133ms] [ERROR] ./app/onboarding/page.tsx:204:13
Error: Expression expected
  202 |                 </div>
  203 |               </div>
> 204 |             </PantallaFunnel>
      |             ^
  205 |           )}
  206 |
  207 |           {paso === 'reconocimiento' && (

Parsing ecmascript source code failed

Import traces:
  Client Component Browser:
    ./app/onboarding/page.tsx [Client Component Browser]
    ./app/onboarding/page.tsx [Server Component]

  Client Component SSR:
    ./app/onboarding/page.tsx [Client Component SSR]
    ./app/onboarding/page.tsx [Server Component] @ http://localhost:3000/_next/static/chunks/node_modules_next_dist_1e8vcs8._.js:1052
[  352134ms] [ERROR] ./app/onboarding/page.tsx:204:14
Error: Unterminated regexp literal
  202 |                 </div>
  203 |               </div>
> 204 |             </PantallaFunnel>
      |              ^^^^^^^^^^^^^^^^
  205 |           )}
  206 |
  207 |           {paso === 'reconocimiento' && (

Parsing ecmascript source code failed

Import traces:
  Client Component Browser:
    ./app/onboarding/page.tsx [Client Component Browser]
    ./app/onboarding/page.tsx [Server Component]

  Client Component SSR:
    ./app/onboarding/page.tsx [Client Component SSR]
    ./app/onboarding/page.tsx [Server Component] @ http://localhost:3000/_next/static/chunks/node_modules_next_dist_1e8vcs8._.js:1052
[  352172ms] [ERROR] ./app/onboarding/page.tsx:204:13
Error: Expression expected
  202 |                 </div>
  203 |               </div>
> 204 |             </PantallaFunnel>
      |             ^
  205 |           )}
  206 |
  207 |           {paso === 'reconocimiento' && (

Parsing ecmascript source code failed

Import traces:
  Client Component Browser:
    ./app/onboarding/page.tsx [Client Component Browser]
    ./app/onboarding/page.tsx [Server Component]

  Client Component SSR:
    ./app/onboarding/page.tsx [Client Component SSR]
    ./app/onboarding/page.tsx [Server Component] @ http://localhost:3000/_next/static/chunks/node_modules_next_dist_1e8vcs8._.js:1052
[  352172ms] [ERROR] ./app/onboarding/page.tsx:204:14
Error: Unterminated regexp literal
  202 |                 </div>
  203 |               </div>
> 204 |             </PantallaFunnel>
      |              ^^^^^^^^^^^^^^^^
  205 |           )}
  206 |
  207 |           {paso === 'reconocimiento' && (

Parsing ecmascript source code failed

Import traces:
  Client Component Browser:
    ./app/onboarding/page.tsx [Client Component Browser]
    ./app/onboarding/page.tsx [Server Component]

  Client Component SSR:
    ./app/onboarding/page.tsx [Client Component SSR]
    ./app/onboarding/page.tsx [Server Component] @ http://localhost:3000/_next/static/chunks/node_modules_next_dist_1e8vcs8._.js:1052
[  352227ms] [ERROR] ./app/onboarding/page.tsx:204:13
Error: Expression expected
  202 |                 </div>
  203 |               </div>
> 204 |             </PantallaFunnel>
      |             ^
  205 |           )}
  206 |
  207 |           {paso === 'reconocimiento' && (

Parsing ecmascript source code failed

Import traces:
  Client Component Browser:
    ./app/onboarding/page.tsx [Client Component Browser]
    ./app/onboarding/page.tsx [Server Component]

  Client Component SSR:
    ./app/onboarding/page.tsx [Client Component SSR]
    ./app/onboarding/page.tsx [Server Component] @ http://localhost:3000/_next/static/chunks/node_modules_next_dist_1e8vcs8._.js:1052
[  352228ms] [ERROR] ./app/onboarding/page.tsx:204:14
Error: Unterminated regexp literal
  202 |                 </div>
  203 |               </div>
> 204 |             </PantallaFunnel>
      |              ^^^^^^^^^^^^^^^^
  205 |           )}
  206 |
  207 |           {paso === 'reconocimiento' && (

Parsing ecmascript source code failed

Import traces:
  Client Component Browser:
    ./app/onboarding/page.tsx [Client Component Browser]
    ./app/onboarding/page.tsx [Server Component]

  Client Component SSR:
    ./app/onboarding/page.tsx [Client Component SSR]
    ./app/onboarding/page.tsx [Server Component] @ http://localhost:3000/_next/static/chunks/node_modules_next_dist_1e8vcs8._.js:1052
[  352277ms] [ERROR] ./app/onboarding/page.tsx:204:13
Error: Expression expected
  202 |                 </div>
  203 |               </div>
> 204 |             </PantallaFunnel>
      |             ^
  205 |           )}
  206 |
  207 |           {paso === 'reconocimiento' && (

Parsing ecmascript source code failed

Import traces:
  Client Component Browser:
    ./app/onboarding/page.tsx [Client Component Browser]
    ./app/onboarding/page.tsx [Server Component]

  Client Component SSR:
    ./app/onboarding/page.tsx [Client Component SSR]
    ./app/onboarding/page.tsx [Server Component] @ http://localhost:3000/_next/static/chunks/node_modules_next_dist_1e8vcs8._.js:1052
[  352278ms] [ERROR] ./app/onboarding/page.tsx:204:14
Error: Unterminated regexp literal
  202 |                 </div>
  203 |               </div>
> 204 |             </PantallaFunnel>
      |              ^^^^^^^^^^^^^^^^
  205 |           )}
  206 |
  207 |           {paso === 'reconocimiento' && (

Parsing ecmascript source code failed

Import traces:
  Client Component Browser:
    ./app/onboarding/page.tsx [Client Component Browser]
    ./app/onboarding/page.tsx [Server Component]

  Client Component SSR:
    ./app/onboarding/page.tsx [Client Component SSR]
    ./app/onboarding/page.tsx [Server Component] @ http://localhost:3000/_next/static/chunks/node_modules_next_dist_1e8vcs8._.js:1052
[  352319ms] [ERROR] ./app/onboarding/page.tsx:204:13
Error: Expression expected
  202 |                 </div>
  203 |               </div>
> 204 |             </PantallaFunnel>
      |             ^
  205 |           )}
  206 |
  207 |           {paso === 'reconocimiento' && (

Parsing ecmascript source code failed

Import traces:
  Client Component Browser:
    ./app/onboarding/page.tsx [Client Component Browser]
    ./app/onboarding/page.tsx [Server Component]

  Client Component SSR:
    ./app/onboarding/page.tsx [Client Component SSR]
    ./app/onboarding/page.tsx [Server Component] @ http://localhost:3000/_next/static/chunks/node_modules_next_dist_1e8vcs8._.js:1052
[  352319ms] [ERROR] ./app/onboarding/page.tsx:204:14
Error: Unterminated regexp literal
  202 |                 </div>
  203 |               </div>
> 204 |             </PantallaFunnel>
      |              ^^^^^^^^^^^^^^^^
  205 |           )}
  206 |
  207 |           {paso === 'reconocimiento' && (

Parsing ecmascript source code failed

Import traces:
  Client Component Browser:
    ./app/onboarding/page.tsx [Client Component Browser]
    ./app/onboarding/page.tsx [Server Component]

  Client Component SSR:
    ./app/onboarding/page.tsx [Client Component SSR]
    ./app/onboarding/page.tsx [Server Component] @ http://localhost:3000/_next/static/chunks/node_modules_next_dist_1e8vcs8._.js:1052
[  352359ms] [ERROR] ./app/onboarding/page.tsx:204:13
Error: Expression expected
  202 |                 </div>
  203 |               </div>
> 204 |             </PantallaFunnel>
      |             ^
  205 |           )}
  206 |
  207 |           {paso === 'reconocimiento' && (

Parsing ecmascript source code failed

Import traces:
  Client Component Browser:
    ./app/onboarding/page.tsx [Client Component Browser]
    ./app/onboarding/page.tsx [Server Component]

  Client Component SSR:
    ./app/onboarding/page.tsx [Client Component SSR]
    ./app/onboarding/page.tsx [Server Component] @ http://localhost:3000/_next/static/chunks/node_modules_next_dist_1e8vcs8._.js:1052
[  352359ms] [ERROR] ./app/onboarding/page.tsx:204:14
Error: Unterminated regexp literal
  202 |                 </div>
  203 |               </div>
> 204 |             </PantallaFunnel>
      |              ^^^^^^^^^^^^^^^^
  205 |           )}
  206 |
  207 |           {paso === 'reconocimiento' && (

Parsing ecmascript source code failed

Import traces:
  Client Component Browser:
    ./app/onboarding/page.tsx [Client Component Browser]
    ./app/onboarding/page.tsx [Server Component]

  Client Component SSR:
    ./app/onboarding/page.tsx [Client Component SSR]
    ./app/onboarding/page.tsx [Server Component] @ http://localhost:3000/_next/static/chunks/node_modules_next_dist_1e8vcs8._.js:1052
[  352402ms] [ERROR] ./app/onboarding/page.tsx:204:13
Error: Expression expected
  202 |                 </div>
  203 |               </div>
> 204 |             </PantallaFunnel>
      |             ^
  205 |           )}
  206 |
  207 |           {paso === 'reconocimiento' && (

Parsing ecmascript source code failed

Import traces:
  Client Component Browser:
    ./app/onboarding/page.tsx [Client Component Browser]
    ./app/onboarding/page.tsx [Server Component]

  Client Component SSR:
    ./app/onboarding/page.tsx [Client Component SSR]
    ./app/onboarding/page.tsx [Server Component] @ http://localhost:3000/_next/static/chunks/node_modules_next_dist_1e8vcs8._.js:1052
[  352402ms] [ERROR] ./app/onboarding/page.tsx:204:14
Error: Unterminated regexp literal
  202 |                 </div>
  203 |               </div>
> 204 |             </PantallaFunnel>
      |              ^^^^^^^^^^^^^^^^
  205 |           )}
  206 |
  207 |           {paso === 'reconocimiento' && (

Parsing ecmascript source code failed

Import traces:
  Client Component Browser:
    ./app/onboarding/page.tsx [Client Component Browser]
    ./app/onboarding/page.tsx [Server Component]

  Client Component SSR:
    ./app/onboarding/page.tsx [Client Component SSR]
    ./app/onboarding/page.tsx [Server Component] @ http://localhost:3000/_next/static/chunks/node_modules_next_dist_1e8vcs8._.js:1052
[  352452ms] [ERROR] ./app/onboarding/page.tsx:204:13
Error: Expression expected
  202 |                 </div>
  203 |               </div>
> 204 |             </PantallaFunnel>
      |             ^
  205 |           )}
  206 |
  207 |           {paso === 'reconocimiento' && (

Parsing ecmascript source code failed

Import traces:
  Client Component Browser:
    ./app/onboarding/page.tsx [Client Component Browser]
    ./app/onboarding/page.tsx [Server Component]

  Client Component SSR:
    ./app/onboarding/page.tsx [Client Component SSR]
    ./app/onboarding/page.tsx [Server Component] @ http://localhost:3000/_next/static/chunks/node_modules_next_dist_1e8vcs8._.js:1052
[  352452ms] [ERROR] ./app/onboarding/page.tsx:204:14
Error: Unterminated regexp literal
  202 |                 </div>
  203 |               </div>
> 204 |             </PantallaFunnel>
      |              ^^^^^^^^^^^^^^^^
  205 |           )}
  206 |
  207 |           {paso === 'reconocimiento' && (

Parsing ecmascript source code failed

Import traces:
  Client Component Browser:
    ./app/onboarding/page.tsx [Client Component Browser]
    ./app/onboarding/page.tsx [Server Component]

  Client Component SSR:
    ./app/onboarding/page.tsx [Client Component SSR]
    ./app/onboarding/page.tsx [Server Component] @ http://localhost:3000/_next/static/chunks/node_modules_next_dist_1e8vcs8._.js:1052
[  352493ms] [ERROR] ./app/onboarding/page.tsx:204:13
Error: Expression expected
  202 |                 </div>
  203 |               </div>
> 204 |             </PantallaFunnel>
      |             ^
  205 |           )}
  206 |
  207 |           {paso === 'reconocimiento' && (

Parsing ecmascript source code failed

Import traces:
  Client Component Browser:
    ./app/onboarding/page.tsx [Client Component Browser]
    ./app/onboarding/page.tsx [Server Component]

  Client Component SSR:
    ./app/onboarding/page.tsx [Client Component SSR]
    ./app/onboarding/page.tsx [Server Component] @ http://localhost:3000/_next/static/chunks/node_modules_next_dist_1e8vcs8._.js:1052
[  352497ms] [ERROR] ./app/onboarding/page.tsx:204:14
Error: Unterminated regexp literal
  202 |                 </div>
  203 |               </div>
> 204 |             </PantallaFunnel>
      |              ^^^^^^^^^^^^^^^^
  205 |           )}
  206 |
  207 |           {paso === 'reconocimiento' && (

Parsing ecmascript source code failed

Import traces:
  Client Component Browser:
    ./app/onboarding/page.tsx [Client Component Browser]
    ./app/onboarding/page.tsx [Server Component]

  Client Component SSR:
    ./app/onboarding/page.tsx [Client Component SSR]
    ./app/onboarding/page.tsx [Server Component] @ http://localhost:3000/_next/static/chunks/node_modules_next_dist_1e8vcs8._.js:1052
[  352556ms] [ERROR] ./app/onboarding/page.tsx:204:13
Error: Expression expected
  202 |                 </div>
  203 |               </div>
> 204 |             </PantallaFunnel>
      |             ^
  205 |           )}
  206 |
  207 |           {paso === 'reconocimiento' && (

Parsing ecmascript source code failed

Import traces:
  Client Component Browser:
    ./app/onboarding/page.tsx [Client Component Browser]
    ./app/onboarding/page.tsx [Server Component]

  Client Component SSR:
    ./app/onboarding/page.tsx [Client Component SSR]
    ./app/onboarding/page.tsx [Server Component] @ http://localhost:3000/_next/static/chunks/node_modules_next_dist_1e8vcs8._.js:1052
[  352557ms] [ERROR] ./app/onboarding/page.tsx:204:14
Error: Unterminated regexp literal
  202 |                 </div>
  203 |               </div>
> 204 |             </PantallaFunnel>
      |              ^^^^^^^^^^^^^^^^
  205 |           )}
  206 |
  207 |           {paso === 'reconocimiento' && (

Parsing ecmascript source code failed

Import traces:
  Client Component Browser:
    ./app/onboarding/page.tsx [Client Component Browser]
    ./app/onboarding/page.tsx [Server Component]

  Client Component SSR:
    ./app/onboarding/page.tsx [Client Component SSR]
    ./app/onboarding/page.tsx [Server Component] @ http://localhost:3000/_next/static/chunks/node_modules_next_dist_1e8vcs8._.js:1052
[  352602ms] [ERROR] ./app/onboarding/page.tsx:204:13
Error: Expression expected
  202 |                 </div>
  203 |               </div>
> 204 |             </PantallaFunnel>
      |             ^
  205 |           )}
  206 |
  207 |           {paso === 'reconocimiento' && (

Parsing ecmascript source code failed

Import traces:
  Client Component Browser:
    ./app/onboarding/page.tsx [Client Component Browser]
    ./app/onboarding/page.tsx [Server Component]

  Client Component SSR:
    ./app/onboarding/page.tsx [Client Component SSR]
    ./app/onboarding/page.tsx [Server Component] @ http://localhost:3000/_next/static/chunks/node_modules_next_dist_1e8vcs8._.js:1052
[  352603ms] [ERROR] ./app/onboarding/page.tsx:204:14
Error: Unterminated regexp literal
  202 |                 </div>
  203 |               </div>
> 204 |             </PantallaFunnel>
      |              ^^^^^^^^^^^^^^^^
  205 |           )}
  206 |
  207 |           {paso === 'reconocimiento' && (

Parsing ecmascript source code failed

Import traces:
  Client Component Browser:
    ./app/onboarding/page.tsx [Client Component Browser]
    ./app/onboarding/page.tsx [Server Component]

  Client Component SSR:
    ./app/onboarding/page.tsx [Client Component SSR]
    ./app/onboarding/page.tsx [Server Component] @ http://localhost:3000/_next/static/chunks/node_modules_next_dist_1e8vcs8._.js:1052
[  352643ms] [ERROR] ./app/onboarding/page.tsx:204:13
Error: Expression expected
  202 |                 </div>
  203 |               </div>
> 204 |             </PantallaFunnel>
      |             ^
  205 |           )}
  206 |
  207 |           {paso === 'reconocimiento' && (

Parsing ecmascript source code failed

Import traces:
  Client Component Browser:
    ./app/onboarding/page.tsx [Client Component Browser]
    ./app/onboarding/page.tsx [Server Component]

  Client Component SSR:
    ./app/onboarding/page.tsx [Client Component SSR]
    ./app/onboarding/page.tsx [Server Component] @ http://localhost:3000/_next/static/chunks/node_modules_next_dist_1e8vcs8._.js:1052
[  352644ms] [ERROR] ./app/onboarding/page.tsx:204:14
Error: Unterminated regexp literal
  202 |                 </div>
  203 |               </div>
> 204 |             </PantallaFunnel>
      |              ^^^^^^^^^^^^^^^^
  205 |           )}
  206 |
  207 |           {paso === 'reconocimiento' && (

Parsing ecmascript source code failed

Import traces:
  Client Component Browser:
    ./app/onboarding/page.tsx [Client Component Browser]
    ./app/onboarding/page.tsx [Server Component]

  Client Component SSR:
    ./app/onboarding/page.tsx [Client Component SSR]
    ./app/onboarding/page.tsx [Server Component] @ http://localhost:3000/_next/static/chunks/node_modules_next_dist_1e8vcs8._.js:1052
[  352693ms] [ERROR] ./app/onboarding/page.tsx:204:13
Error: Expression expected
  202 |                 </div>
  203 |               </div>
> 204 |             </PantallaFunnel>
      |             ^
  205 |           )}
  206 |
  207 |           {paso === 'reconocimiento' && (

Parsing ecmascript source code failed

Import traces:
  Client Component Browser:
    ./app/onboarding/page.tsx [Client Component Browser]
    ./app/onboarding/page.tsx [Server Component]

  Client Component SSR:
    ./app/onboarding/page.tsx [Client Component SSR]
    ./app/onboarding/page.tsx [Server Component] @ http://localhost:3000/_next/static/chunks/node_modules_next_dist_1e8vcs8._.js:1052
[  352694ms] [ERROR] ./app/onboarding/page.tsx:204:14
Error: Unterminated regexp literal
  202 |                 </div>
  203 |               </div>
> 204 |             </PantallaFunnel>
      |              ^^^^^^^^^^^^^^^^
  205 |           )}
  206 |
  207 |           {paso === 'reconocimiento' && (

Parsing ecmascript source code failed

Import traces:
  Client Component Browser:
    ./app/onboarding/page.tsx [Client Component Browser]
    ./app/onboarding/page.tsx [Server Component]

  Client Component SSR:
    ./app/onboarding/page.tsx [Client Component SSR]
    ./app/onboarding/page.tsx [Server Component] @ http://localhost:3000/_next/static/chunks/node_modules_next_dist_1e8vcs8._.js:1052
[  352753ms] [ERROR] ./app/onboarding/page.tsx:204:13
Error: Expression expected
  202 |                 </div>
  203 |               </div>
> 204 |             </PantallaFunnel>
      |             ^
  205 |           )}
  206 |
  207 |           {paso === 'reconocimiento' && (

Parsing ecmascript source code failed

Import traces:
  Client Component Browser:
    ./app/onboarding/page.tsx [Client Component Browser]
    ./app/onboarding/page.tsx [Server Component]

  Client Component SSR:
    ./app/onboarding/page.tsx [Client Component SSR]
    ./app/onboarding/page.tsx [Server Component] @ http://localhost:3000/_next/static/chunks/node_modules_next_dist_1e8vcs8._.js:1052
[  352754ms] [ERROR] ./app/onboarding/page.tsx:204:14
Error: Unterminated regexp literal
  202 |                 </div>
  203 |               </div>
> 204 |             </PantallaFunnel>
      |              ^^^^^^^^^^^^^^^^
  205 |           )}
  206 |
  207 |           {paso === 'reconocimiento' && (

Parsing ecmascript source code failed

Import traces:
  Client Component Browser:
    ./app/onboarding/page.tsx [Client Component Browser]
    ./app/onboarding/page.tsx [Server Component]

  Client Component SSR:
    ./app/onboarding/page.tsx [Client Component SSR]
    ./app/onboarding/page.tsx [Server Component] @ http://localhost:3000/_next/static/chunks/node_modules_next_dist_1e8vcs8._.js:1052
[  352802ms] [ERROR] ./app/onboarding/page.tsx:204:13
Error: Expression expected
  202 |                 </div>
  203 |               </div>
> 204 |             </PantallaFunnel>
      |             ^
  205 |           )}
  206 |
  207 |           {paso === 'reconocimiento' && (

Parsing ecmascript source code failed

Import traces:
  Client Component Browser:
    ./app/onboarding/page.tsx [Client Component Browser]
    ./app/onboarding/page.tsx [Server Component]

  Client Component SSR:
    ./app/onboarding/page.tsx [Client Component SSR]
    ./app/onboarding/page.tsx [Server Component] @ http://localhost:3000/_next/static/chunks/node_modules_next_dist_1e8vcs8._.js:1052
[  352803ms] [ERROR] ./app/onboarding/page.tsx:204:14
Error: Unterminated regexp literal
  202 |                 </div>
  203 |               </div>
> 204 |             </PantallaFunnel>
      |              ^^^^^^^^^^^^^^^^
  205 |           )}
  206 |
  207 |           {paso === 'reconocimiento' && (

Parsing ecmascript source code failed

Import traces:
  Client Component Browser:
    ./app/onboarding/page.tsx [Client Component Browser]
    ./app/onboarding/page.tsx [Server Component]

  Client Component SSR:
    ./app/onboarding/page.tsx [Client Component SSR]
    ./app/onboarding/page.tsx [Server Component] @ http://localhost:3000/_next/static/chunks/node_modules_next_dist_1e8vcs8._.js:1052
[  352858ms] [ERROR] ./app/onboarding/page.tsx:204:13
Error: Expression expected
  202 |                 </div>
  203 |               </div>
> 204 |             </PantallaFunnel>
      |             ^
  205 |           )}
  206 |
  207 |           {paso === 'reconocimiento' && (

Parsing ecmascript source code failed

Import traces:
  Client Component Browser:
    ./app/onboarding/page.tsx [Client Component Browser]
    ./app/onboarding/page.tsx [Server Component]

  Client Component SSR:
    ./app/onboarding/page.tsx [Client Component SSR]
    ./app/onboarding/page.tsx [Server Component] @ http://localhost:3000/_next/static/chunks/node_modules_next_dist_1e8vcs8._.js:1052
[  352859ms] [ERROR] ./app/onboarding/page.tsx:204:14
Error: Unterminated regexp literal
  202 |                 </div>
  203 |               </div>
> 204 |             </PantallaFunnel>
      |              ^^^^^^^^^^^^^^^^
  205 |           )}
  206 |
  207 |           {paso === 'reconocimiento' && (

Parsing ecmascript source code failed

Import traces:
  Client Component Browser:
    ./app/onboarding/page.tsx [Client Component Browser]
    ./app/onboarding/page.tsx [Server Component]

  Client Component SSR:
    ./app/onboarding/page.tsx [Client Component SSR]
    ./app/onboarding/page.tsx [Server Component] @ http://localhost:3000/_next/static/chunks/node_modules_next_dist_1e8vcs8._.js:1052
[  352918ms] [ERROR] ./app/onboarding/page.tsx:204:13
Error: Expression expected
  202 |                 </div>
  203 |               </div>
> 204 |             </PantallaFunnel>
      |             ^
  205 |           )}
  206 |
  207 |           {paso === 'reconocimiento' && (

Parsing ecmascript source code failed

Import traces:
  Client Component Browser:
    ./app/onboarding/page.tsx [Client Component Browser]
    ./app/onboarding/page.tsx [Server Component]

  Client Component SSR:
    ./app/onboarding/page.tsx [Client Component SSR]
    ./app/onboarding/page.tsx [Server Component] @ http://localhost:3000/_next/static/chunks/node_modules_next_dist_1e8vcs8._.js:1052
[  352918ms] [ERROR] ./app/onboarding/page.tsx:204:14
Error: Unterminated regexp literal
  202 |                 </div>
  203 |               </div>
> 204 |             </PantallaFunnel>
      |              ^^^^^^^^^^^^^^^^
  205 |           )}
  206 |
  207 |           {paso === 'reconocimiento' && (

Parsing ecmascript source code failed

Import traces:
  Client Component Browser:
    ./app/onboarding/page.tsx [Client Component Browser]
    ./app/onboarding/page.tsx [Server Component]

  Client Component SSR:
    ./app/onboarding/page.tsx [Client Component SSR]
    ./app/onboarding/page.tsx [Server Component] @ http://localhost:3000/_next/static/chunks/node_modules_next_dist_1e8vcs8._.js:1052
[  352967ms] [ERROR] ./app/onboarding/page.tsx:204:13
Error: Expression expected
  202 |                 </div>
  203 |               </div>
> 204 |             </PantallaFunnel>
      |             ^
  205 |           )}
  206 |
  207 |           {paso === 'reconocimiento' && (

Parsing ecmascript source code failed

Import traces:
  Client Component Browser:
    ./app/onboarding/page.tsx [Client Component Browser]
    ./app/onboarding/page.tsx [Server Component]

  Client Component SSR:
    ./app/onboarding/page.tsx [Client Component SSR]
    ./app/onboarding/page.tsx [Server Component] @ http://localhost:3000/_next/static/chunks/node_modules_next_dist_1e8vcs8._.js:1052
[  352968ms] [ERROR] ./app/onboarding/page.tsx:204:14
Error: Unterminated regexp literal
  202 |                 </div>
  203 |               </div>
> 204 |             </PantallaFunnel>
      |              ^^^^^^^^^^^^^^^^
  205 |           )}
  206 |
  207 |           {paso === 'reconocimiento' && (

Parsing ecmascript source code failed

Import traces:
  Client Component Browser:
    ./app/onboarding/page.tsx [Client Component Browser]
    ./app/onboarding/page.tsx [Server Component]

  Client Component SSR:
    ./app/onboarding/page.tsx [Client Component SSR]
    ./app/onboarding/page.tsx [Server Component] @ http://localhost:3000/_next/static/chunks/node_modules_next_dist_1e8vcs8._.js:1052
[  353019ms] [ERROR] ./app/onboarding/page.tsx:204:13
Error: Expression expected
  202 |                 </div>
  203 |               </div>
> 204 |             </PantallaFunnel>
      |             ^
  205 |           )}
  206 |
  207 |           {paso === 'reconocimiento' && (

Parsing ecmascript source code failed

Import traces:
  Client Component Browser:
    ./app/onboarding/page.tsx [Client Component Browser]
    ./app/onboarding/page.tsx [Server Component]

  Client Component SSR:
    ./app/onboarding/page.tsx [Client Component SSR]
    ./app/onboarding/page.tsx [Server Component] @ http://localhost:3000/_next/static/chunks/node_modules_next_dist_1e8vcs8._.js:1052
[  353020ms] [ERROR] ./app/onboarding/page.tsx:204:14
Error: Unterminated regexp literal
  202 |                 </div>
  203 |               </div>
> 204 |             </PantallaFunnel>
      |              ^^^^^^^^^^^^^^^^
  205 |           )}
  206 |
  207 |           {paso === 'reconocimiento' && (

Parsing ecmascript source code failed

Import traces:
  Client Component Browser:
    ./app/onboarding/page.tsx [Client Component Browser]
    ./app/onboarding/page.tsx [Server Component]

  Client Component SSR:
    ./app/onboarding/page.tsx [Client Component SSR]
    ./app/onboarding/page.tsx [Server Component] @ http://localhost:3000/_next/static/chunks/node_modules_next_dist_1e8vcs8._.js:1052
[  353074ms] [ERROR] ./app/onboarding/page.tsx:204:13
Error: Expression expected
  202 |                 </div>
  203 |               </div>
> 204 |             </PantallaFunnel>
      |             ^
  205 |           )}
  206 |
  207 |           {paso === 'reconocimiento' && (

Parsing ecmascript source code failed

Import traces:
  Client Component Browser:
    ./app/onboarding/page.tsx [Client Component Browser]
    ./app/onboarding/page.tsx [Server Component]

  Client Component SSR:
    ./app/onboarding/page.tsx [Client Component SSR]
    ./app/onboarding/page.tsx [Server Component] @ http://localhost:3000/_next/static/chunks/node_modules_next_dist_1e8vcs8._.js:1052
[  353074ms] [ERROR] ./app/onboarding/page.tsx:204:14
Error: Unterminated regexp literal
  202 |                 </div>
  203 |               </div>
> 204 |             </PantallaFunnel>
      |              ^^^^^^^^^^^^^^^^
  205 |           )}
  206 |
  207 |           {paso === 'reconocimiento' && (

Parsing ecmascript source code failed

Import traces:
  Client Component Browser:
    ./app/onboarding/page.tsx [Client Component Browser]
    ./app/onboarding/page.tsx [Server Component]

  Client Component SSR:
    ./app/onboarding/page.tsx [Client Component SSR]
    ./app/onboarding/page.tsx [Server Component] @ http://localhost:3000/_next/static/chunks/node_modules_next_dist_1e8vcs8._.js:1052
[  353133ms] [ERROR] ./app/onboarding/page.tsx:204:13
Error: Expression expected
  202 |                 </div>
  203 |               </div>
> 204 |             </PantallaFunnel>
      |             ^
  205 |           )}
  206 |
  207 |           {paso === 'reconocimiento' && (

Parsing ecmascript source code failed

Import traces:
  Client Component Browser:
    ./app/onboarding/page.tsx [Client Component Browser]
    ./app/onboarding/page.tsx [Server Component]

  Client Component SSR:
    ./app/onboarding/page.tsx [Client Component SSR]
    ./app/onboarding/page.tsx [Server Component] @ http://localhost:3000/_next/static/chunks/node_modules_next_dist_1e8vcs8._.js:1052
[  353134ms] [ERROR] ./app/onboarding/page.tsx:204:14
Error: Unterminated regexp literal
  202 |                 </div>
  203 |               </div>
> 204 |             </PantallaFunnel>
      |              ^^^^^^^^^^^^^^^^
  205 |           )}
  206 |
  207 |           {paso === 'reconocimiento' && (

Parsing ecmascript source code failed

Import traces:
  Client Component Browser:
    ./app/onboarding/page.tsx [Client Component Browser]
    ./app/onboarding/page.tsx [Server Component]

  Client Component SSR:
    ./app/onboarding/page.tsx [Client Component SSR]
    ./app/onboarding/page.tsx [Server Component] @ http://localhost:3000/_next/static/chunks/node_modules_next_dist_1e8vcs8._.js:1052
[  353178ms] [ERROR] ./app/onboarding/page.tsx:204:13
Error: Expression expected
  202 |                 </div>
  203 |               </div>
> 204 |             </PantallaFunnel>
      |             ^
  205 |           )}
  206 |
  207 |           {paso === 'reconocimiento' && (

Parsing ecmascript source code failed

Import traces:
  Client Component Browser:
    ./app/onboarding/page.tsx [Client Component Browser]
    ./app/onboarding/page.tsx [Server Component]

  Client Component SSR:
    ./app/onboarding/page.tsx [Client Component SSR]
    ./app/onboarding/page.tsx [Server Component] @ http://localhost:3000/_next/static/chunks/node_modules_next_dist_1e8vcs8._.js:1052
[  353178ms] [ERROR] ./app/onboarding/page.tsx:204:14
Error: Unterminated regexp literal
  202 |                 </div>
  203 |               </div>
> 204 |             </PantallaFunnel>
      |              ^^^^^^^^^^^^^^^^
  205 |           )}
  206 |
  207 |           {paso === 'reconocimiento' && (

Parsing ecmascript source code failed

Import traces:
  Client Component Browser:
    ./app/onboarding/page.tsx [Client Component Browser]
    ./app/onboarding/page.tsx [Server Component]

  Client Component SSR:
    ./app/onboarding/page.tsx [Client Component SSR]
    ./app/onboarding/page.tsx [Server Component] @ http://localhost:3000/_next/static/chunks/node_modules_next_dist_1e8vcs8._.js:1052
[  353252ms] [ERROR] ./app/onboarding/page.tsx:204:13
Error: Expression expected
  202 |                 </div>
  203 |               </div>
> 204 |             </PantallaFunnel>
      |             ^
  205 |           )}
  206 |
  207 |           {paso === 'reconocimiento' && (

Parsing ecmascript source code failed

Import traces:
  Client Component Browser:
    ./app/onboarding/page.tsx [Client Component Browser]
    ./app/onboarding/page.tsx [Server Component]

  Client Component SSR:
    ./app/onboarding/page.tsx [Client Component SSR]
    ./app/onboarding/page.tsx [Server Component] @ http://localhost:3000/_next/static/chunks/node_modules_next_dist_1e8vcs8._.js:1052
[  353253ms] [ERROR] ./app/onboarding/page.tsx:204:14
Error: Unterminated regexp literal
  202 |                 </div>
  203 |               </div>
> 204 |             </PantallaFunnel>
      |              ^^^^^^^^^^^^^^^^
  205 |           )}
  206 |
  207 |           {paso === 'reconocimiento' && (

Parsing ecmascript source code failed

Import traces:
  Client Component Browser:
    ./app/onboarding/page.tsx [Client Component Browser]
    ./app/onboarding/page.tsx [Server Component]

  Client Component SSR:
    ./app/onboarding/page.tsx [Client Component SSR]
    ./app/onboarding/page.tsx [Server Component] @ http://localhost:3000/_next/static/chunks/node_modules_next_dist_1e8vcs8._.js:1052
[  353291ms] [ERROR] ./app/onboarding/page.tsx:204:13
Error: Expression expected
  202 |                 </div>
  203 |               </div>
> 204 |             </PantallaFunnel>
      |             ^
  205 |           )}
  206 |
  207 |           {paso === 'reconocimiento' && (

Parsing ecmascript source code failed

Import traces:
  Client Component Browser:
    ./app/onboarding/page.tsx [Client Component Browser]
    ./app/onboarding/page.tsx [Server Component]

  Client Component SSR:
    ./app/onboarding/page.tsx [Client Component SSR]
    ./app/onboarding/page.tsx [Server Component] @ http://localhost:3000/_next/static/chunks/node_modules_next_dist_1e8vcs8._.js:1052
[  353291ms] [ERROR] ./app/onboarding/page.tsx:204:14
Error: Unterminated regexp literal
  202 |                 </div>
  203 |               </div>
> 204 |             </PantallaFunnel>
      |              ^^^^^^^^^^^^^^^^
  205 |           )}
  206 |
  207 |           {paso === 'reconocimiento' && (

Parsing ecmascript source code failed

Import traces:
  Client Component Browser:
    ./app/onboarding/page.tsx [Client Component Browser]
    ./app/onboarding/page.tsx [Server Component]

  Client Component SSR:
    ./app/onboarding/page.tsx [Client Component SSR]
    ./app/onboarding/page.tsx [Server Component] @ http://localhost:3000/_next/static/chunks/node_modules_next_dist_1e8vcs8._.js:1052
[  353342ms] [ERROR] ./app/onboarding/page.tsx:204:13
Error: Expression expected
  202 |                 </div>
  203 |               </div>
> 204 |             </PantallaFunnel>
      |             ^
  205 |           )}
  206 |
  207 |           {paso === 'reconocimiento' && (

Parsing ecmascript source code failed

Import traces:
  Client Component Browser:
    ./app/onboarding/page.tsx [Client Component Browser]
    ./app/onboarding/page.tsx [Server Component]

  Client Component SSR:
    ./app/onboarding/page.tsx [Client Component SSR]
    ./app/onboarding/page.tsx [Server Component] @ http://localhost:3000/_next/static/chunks/node_modules_next_dist_1e8vcs8._.js:1052
[  353342ms] [ERROR] ./app/onboarding/page.tsx:204:14
Error: Unterminated regexp literal
  202 |                 </div>
  203 |               </div>
> 204 |             </PantallaFunnel>
      |              ^^^^^^^^^^^^^^^^
  205 |           )}
  206 |
  207 |           {paso === 'reconocimiento' && (

Parsing ecmascript source code failed

Import traces:
  Client Component Browser:
    ./app/onboarding/page.tsx [Client Component Browser]
    ./app/onboarding/page.tsx [Server Component]

  Client Component SSR:
    ./app/onboarding/page.tsx [Client Component SSR]
    ./app/onboarding/page.tsx [Server Component] @ http://localhost:3000/_next/static/chunks/node_modules_next_dist_1e8vcs8._.js:1052
[  353390ms] [ERROR] ./app/onboarding/page.tsx:204:13
Error: Expression expected
  202 |                 </div>
  203 |               </div>
> 204 |             </PantallaFunnel>
      |             ^
  205 |           )}
  206 |
  207 |           {paso === 'reconocimiento' && (

Parsing ecmascript source code failed

Import traces:
  Client Component Browser:
    ./app/onboarding/page.tsx [Client Component Browser]
    ./app/onboarding/page.tsx [Server Component]

  Client Component SSR:
    ./app/onboarding/page.tsx [Client Component SSR]
    ./app/onboarding/page.tsx [Server Component] @ http://localhost:3000/_next/static/chunks/node_modules_next_dist_1e8vcs8._.js:1052
[  353391ms] [ERROR] ./app/onboarding/page.tsx:204:14
Error: Unterminated regexp literal
  202 |                 </div>
  203 |               </div>
> 204 |             </PantallaFunnel>
      |              ^^^^^^^^^^^^^^^^
  205 |           )}
  206 |
  207 |           {paso === 'reconocimiento' && (

Parsing ecmascript source code failed

Import traces:
  Client Component Browser:
    ./app/onboarding/page.tsx [Client Component Browser]
    ./app/onboarding/page.tsx [Server Component]

  Client Component SSR:
    ./app/onboarding/page.tsx [Client Component SSR]
    ./app/onboarding/page.tsx [Server Component] @ http://localhost:3000/_next/static/chunks/node_modules_next_dist_1e8vcs8._.js:1052
[  353450ms] [ERROR] ./app/onboarding/page.tsx:204:13
Error: Expression expected
  202 |                 </div>
  203 |               </div>
> 204 |             </PantallaFunnel>
      |             ^
  205 |           )}
  206 |
  207 |           {paso === 'reconocimiento' && (

Parsing ecmascript source code failed

Import traces:
  Client Component Browser:
    ./app/onboarding/page.tsx [Client Component Browser]
    ./app/onboarding/page.tsx [Server Component]

  Client Component SSR:
    ./app/onboarding/page.tsx [Client Component SSR]
    ./app/onboarding/page.tsx [Server Component] @ http://localhost:3000/_next/static/chunks/node_modules_next_dist_1e8vcs8._.js:1052
[  353450ms] [ERROR] ./app/onboarding/page.tsx:204:14
Error: Unterminated regexp literal
  202 |                 </div>
  203 |               </div>
> 204 |             </PantallaFunnel>
      |              ^^^^^^^^^^^^^^^^
  205 |           )}
  206 |
  207 |           {paso === 'reconocimiento' && (

Parsing ecmascript source code failed

Import traces:
  Client Component Browser:
    ./app/onboarding/page.tsx [Client Component Browser]
    ./app/onboarding/page.tsx [Server Component]

  Client Component SSR:
    ./app/onboarding/page.tsx [Client Component SSR]
    ./app/onboarding/page.tsx [Server Component] @ http://localhost:3000/_next/static/chunks/node_modules_next_dist_1e8vcs8._.js:1052
[  353489ms] [ERROR] ./app/onboarding/page.tsx:204:13
Error: Expression expected
  202 |                 </div>
  203 |               </div>
> 204 |             </PantallaFunnel>
      |             ^
  205 |           )}
  206 |
  207 |           {paso === 'reconocimiento' && (

Parsing ecmascript source code failed

Import traces:
  Client Component Browser:
    ./app/onboarding/page.tsx [Client Component Browser]
    ./app/onboarding/page.tsx [Server Component]

  Client Component SSR:
    ./app/onboarding/page.tsx [Client Component SSR]
    ./app/onboarding/page.tsx [Server Component] @ http://localhost:3000/_next/static/chunks/node_modules_next_dist_1e8vcs8._.js:1052
[  353489ms] [ERROR] ./app/onboarding/page.tsx:204:14
Error: Unterminated regexp literal
  202 |                 </div>
  203 |               </div>
> 204 |             </PantallaFunnel>
      |              ^^^^^^^^^^^^^^^^
  205 |           )}
  206 |
  207 |           {paso === 'reconocimiento' && (

Parsing ecmascript source code failed

Import traces:
  Client Component Browser:
    ./app/onboarding/page.tsx [Client Component Browser]
    ./app/onboarding/page.tsx [Server Component]

  Client Component SSR:
    ./app/onboarding/page.tsx [Client Component SSR]
    ./app/onboarding/page.tsx [Server Component] @ http://localhost:3000/_next/static/chunks/node_modules_next_dist_1e8vcs8._.js:1052
[  353537ms] [ERROR] ./app/onboarding/page.tsx:204:13
Error: Expression expected
  202 |                 </div>
  203 |               </div>
> 204 |             </PantallaFunnel>
      |             ^
  205 |           )}
  206 |
  207 |           {paso === 'reconocimiento' && (

Parsing ecmascript source code failed

Import traces:
  Client Component Browser:
    ./app/onboarding/page.tsx [Client Component Browser]
    ./app/onboarding/page.tsx [Server Component]

  Client Component SSR:
    ./app/onboarding/page.tsx [Client Component SSR]
    ./app/onboarding/page.tsx [Server Component] @ http://localhost:3000/_next/static/chunks/node_modules_next_dist_1e8vcs8._.js:1052
[  353537ms] [ERROR] ./app/onboarding/page.tsx:204:14
Error: Unterminated regexp literal
  202 |                 </div>
  203 |               </div>
> 204 |             </PantallaFunnel>
      |              ^^^^^^^^^^^^^^^^
  205 |           )}
  206 |
  207 |           {paso === 'reconocimiento' && (

Parsing ecmascript source code failed

Import traces:
  Client Component Browser:
    ./app/onboarding/page.tsx [Client Component Browser]
    ./app/onboarding/page.tsx [Server Component]

  Client Component SSR:
    ./app/onboarding/page.tsx [Client Component SSR]
    ./app/onboarding/page.tsx [Server Component] @ http://localhost:3000/_next/static/chunks/node_modules_next_dist_1e8vcs8._.js:1052
[  353600ms] [ERROR] ./app/onboarding/page.tsx:204:13
Error: Expression expected
  202 |                 </div>
  203 |               </div>
> 204 |             </PantallaFunnel>
      |             ^
  205 |           )}
  206 |
  207 |           {paso === 'reconocimiento' && (

Parsing ecmascript source code failed

Import traces:
  Client Component Browser:
    ./app/onboarding/page.tsx [Client Component Browser]
    ./app/onboarding/page.tsx [Server Component]

  Client Component SSR:
    ./app/onboarding/page.tsx [Client Component SSR]
    ./app/onboarding/page.tsx [Server Component] @ http://localhost:3000/_next/static/chunks/node_modules_next_dist_1e8vcs8._.js:1052
[  353601ms] [ERROR] ./app/onboarding/page.tsx:204:14
Error: Unterminated regexp literal
  202 |                 </div>
  203 |               </div>
> 204 |             </PantallaFunnel>
      |              ^^^^^^^^^^^^^^^^
  205 |           )}
  206 |
  207 |           {paso === 'reconocimiento' && (

Parsing ecmascript source code failed

Import traces:
  Client Component Browser:
    ./app/onboarding/page.tsx [Client Component Browser]
    ./app/onboarding/page.tsx [Server Component]

  Client Component SSR:
    ./app/onboarding/page.tsx [Client Component SSR]
    ./app/onboarding/page.tsx [Server Component] @ http://localhost:3000/_next/static/chunks/node_modules_next_dist_1e8vcs8._.js:1052
[  353652ms] [ERROR] ./app/onboarding/page.tsx:204:13
Error: Expression expected
  202 |                 </div>
  203 |               </div>
> 204 |             </PantallaFunnel>
      |             ^
  205 |           )}
  206 |
  207 |           {paso === 'reconocimiento' && (

Parsing ecmascript source code failed

Import traces:
  Client Component Browser:
    ./app/onboarding/page.tsx [Client Component Browser]
    ./app/onboarding/page.tsx [Server Component]

  Client Component SSR:
    ./app/onboarding/page.tsx [Client Component SSR]
    ./app/onboarding/page.tsx [Server Component] @ http://localhost:3000/_next/static/chunks/node_modules_next_dist_1e8vcs8._.js:1052
[  353652ms] [ERROR] ./app/onboarding/page.tsx:204:14
Error: Unterminated regexp literal
  202 |                 </div>
  203 |               </div>
> 204 |             </PantallaFunnel>
      |              ^^^^^^^^^^^^^^^^
  205 |           )}
  206 |
  207 |           {paso === 'reconocimiento' && (

Parsing ecmascript source code failed

Import traces:
  Client Component Browser:
    ./app/onboarding/page.tsx [Client Component Browser]
    ./app/onboarding/page.tsx [Server Component]

  Client Component SSR:
    ./app/onboarding/page.tsx [Client Component SSR]
    ./app/onboarding/page.tsx [Server Component] @ http://localhost:3000/_next/static/chunks/node_modules_next_dist_1e8vcs8._.js:1052
[  353708ms] [ERROR] ./app/onboarding/page.tsx:204:13
Error: Expression expected
  202 |                 </div>
  203 |               </div>
> 204 |             </PantallaFunnel>
      |             ^
  205 |           )}
  206 |
  207 |           {paso === 'reconocimiento' && (

Parsing ecmascript source code failed

Import traces:
  Client Component Browser:
    ./app/onboarding/page.tsx [Client Component Browser]
    ./app/onboarding/page.tsx [Server Component]

  Client Component SSR:
    ./app/onboarding/page.tsx [Client Component SSR]
    ./app/onboarding/page.tsx [Server Component] @ http://localhost:3000/_next/static/chunks/node_modules_next_dist_1e8vcs8._.js:1052
[  353708ms] [ERROR] ./app/onboarding/page.tsx:204:14
Error: Unterminated regexp literal
  202 |                 </div>
  203 |               </div>
> 204 |             </PantallaFunnel>
      |              ^^^^^^^^^^^^^^^^
  205 |           )}
  206 |
  207 |           {paso === 'reconocimiento' && (

Parsing ecmascript source code failed

Import traces:
  Client Component Browser:
    ./app/onboarding/page.tsx [Client Component Browser]
    ./app/onboarding/page.tsx [Server Component]

  Client Component SSR:
    ./app/onboarding/page.tsx [Client Component SSR]
    ./app/onboarding/page.tsx [Server Component] @ http://localhost:3000/_next/static/chunks/node_modules_next_dist_1e8vcs8._.js:1052
[  353755ms] [ERROR] ./app/onboarding/page.tsx:204:13
Error: Expression expected
  202 |                 </div>
  203 |               </div>
> 204 |             </PantallaFunnel>
      |             ^
  205 |           )}
  206 |
  207 |           {paso === 'reconocimiento' && (

Parsing ecmascript source code failed

Import traces:
  Client Component Browser:
    ./app/onboarding/page.tsx [Client Component Browser]
    ./app/onboarding/page.tsx [Server Component]

  Client Component SSR:
    ./app/onboarding/page.tsx [Client Component SSR]
    ./app/onboarding/page.tsx [Server Component] @ http://localhost:3000/_next/static/chunks/node_modules_next_dist_1e8vcs8._.js:1052
[  353755ms] [ERROR] ./app/onboarding/page.tsx:204:14
Error: Unterminated regexp literal
  202 |                 </div>
  203 |               </div>
> 204 |             </PantallaFunnel>
      |              ^^^^^^^^^^^^^^^^
  205 |           )}
  206 |
  207 |           {paso === 'reconocimiento' && (

Parsing ecmascript source code failed

Import traces:
  Client Component Browser:
    ./app/onboarding/page.tsx [Client Component Browser]
    ./app/onboarding/page.tsx [Server Component]

  Client Component SSR:
    ./app/onboarding/page.tsx [Client Component SSR]
    ./app/onboarding/page.tsx [Server Component] @ http://localhost:3000/_next/static/chunks/node_modules_next_dist_1e8vcs8._.js:1052
[  353816ms] [ERROR] ./app/onboarding/page.tsx:204:13
Error: Expression expected
  202 |                 </div>
  203 |               </div>
> 204 |             </PantallaFunnel>
      |             ^
  205 |           )}
  206 |
  207 |           {paso === 'reconocimiento' && (

Parsing ecmascript source code failed

Import traces:
  Client Component Browser:
    ./app/onboarding/page.tsx [Client Component Browser]
    ./app/onboarding/page.tsx [Server Component]

  Client Component SSR:
    ./app/onboarding/page.tsx [Client Component SSR]
    ./app/onboarding/page.tsx [Server Component] @ http://localhost:3000/_next/static/chunks/node_modules_next_dist_1e8vcs8._.js:1052
[  353818ms] [ERROR] ./app/onboarding/page.tsx:204:14
Error: Unterminated regexp literal
  202 |                 </div>
  203 |               </div>
> 204 |             </PantallaFunnel>
      |              ^^^^^^^^^^^^^^^^
  205 |           )}
  206 |
  207 |           {paso === 'reconocimiento' && (

Parsing ecmascript source code failed

Import traces:
  Client Component Browser:
    ./app/onboarding/page.tsx [Client Component Browser]
    ./app/onboarding/page.tsx [Server Component]

  Client Component SSR:
    ./app/onboarding/page.tsx [Client Component SSR]
    ./app/onboarding/page.tsx [Server Component] @ http://localhost:3000/_next/static/chunks/node_modules_next_dist_1e8vcs8._.js:1052
[  353888ms] [ERROR] ./app/onboarding/page.tsx:204:13
Error: Expression expected
  202 |                 </div>
  203 |               </div>
> 204 |             </PantallaFunnel>
      |             ^
  205 |           )}
  206 |
  207 |           {paso === 'reconocimiento' && (

Parsing ecmascript source code failed

Import traces:
  Client Component Browser:
    ./app/onboarding/page.tsx [Client Component Browser]
    ./app/onboarding/page.tsx [Server Component]

  Client Component SSR:
    ./app/onboarding/page.tsx [Client Component SSR]
    ./app/onboarding/page.tsx [Server Component] @ http://localhost:3000/_next/static/chunks/node_modules_next_dist_1e8vcs8._.js:1052
[  353888ms] [ERROR] ./app/onboarding/page.tsx:204:14
Error: Unterminated regexp literal
  202 |                 </div>
  203 |               </div>
> 204 |             </PantallaFunnel>
      |              ^^^^^^^^^^^^^^^^
  205 |           )}
  206 |
  207 |           {paso === 'reconocimiento' && (

Parsing ecmascript source code failed

Import traces:
  Client Component Browser:
    ./app/onboarding/page.tsx [Client Component Browser]
    ./app/onboarding/page.tsx [Server Component]

  Client Component SSR:
    ./app/onboarding/page.tsx [Client Component SSR]
    ./app/onboarding/page.tsx [Server Component] @ http://localhost:3000/_next/static/chunks/node_modules_next_dist_1e8vcs8._.js:1052
[  353939ms] [ERROR] ./app/onboarding/page.tsx:204:13
Error: Expression expected
  202 |                 </div>
  203 |               </div>
> 204 |             </PantallaFunnel>
      |             ^
  205 |           )}
  206 |
  207 |           {paso === 'reconocimiento' && (

Parsing ecmascript source code failed

Import traces:
  Client Component Browser:
    ./app/onboarding/page.tsx [Client Component Browser]
    ./app/onboarding/page.tsx [Server Component]

  Client Component SSR:
    ./app/onboarding/page.tsx [Client Component SSR]
    ./app/onboarding/page.tsx [Server Component] @ http://localhost:3000/_next/static/chunks/node_modules_next_dist_1e8vcs8._.js:1052
[  353940ms] [ERROR] ./app/onboarding/page.tsx:204:14
Error: Unterminated regexp literal
  202 |                 </div>
  203 |               </div>
> 204 |             </PantallaFunnel>
      |              ^^^^^^^^^^^^^^^^
  205 |           )}
  206 |
  207 |           {paso === 'reconocimiento' && (

Parsing ecmascript source code failed

Import traces:
  Client Component Browser:
    ./app/onboarding/page.tsx [Client Component Browser]
    ./app/onboarding/page.tsx [Server Component]

  Client Component SSR:
    ./app/onboarding/page.tsx [Client Component SSR]
    ./app/onboarding/page.tsx [Server Component] @ http://localhost:3000/_next/static/chunks/node_modules_next_dist_1e8vcs8._.js:1052
[  354001ms] [ERROR] ./app/onboarding/page.tsx:204:13
Error: Expression expected
  202 |                 </div>
  203 |               </div>
> 204 |             </PantallaFunnel>
      |             ^
  205 |           )}
  206 |
  207 |           {paso === 'reconocimiento' && (

Parsing ecmascript source code failed

Import traces:
  Client Component Browser:
    ./app/onboarding/page.tsx [Client Component Browser]
    ./app/onboarding/page.tsx [Server Component]

  Client Component SSR:
    ./app/onboarding/page.tsx [Client Component SSR]
    ./app/onboarding/page.tsx [Server Component] @ http://localhost:3000/_next/static/chunks/node_modules_next_dist_1e8vcs8._.js:1052
[  354002ms] [ERROR] ./app/onboarding/page.tsx:204:14
Error: Unterminated regexp literal
  202 |                 </div>
  203 |               </div>
> 204 |             </PantallaFunnel>
      |              ^^^^^^^^^^^^^^^^
  205 |           )}
  206 |
  207 |           {paso === 'reconocimiento' && (

Parsing ecmascript source code failed

Import traces:
  Client Component Browser:
    ./app/onboarding/page.tsx [Client Component Browser]
    ./app/onboarding/page.tsx [Server Component]

  Client Component SSR:
    ./app/onboarding/page.tsx [Client Component SSR]
    ./app/onboarding/page.tsx [Server Component] @ http://localhost:3000/_next/static/chunks/node_modules_next_dist_1e8vcs8._.js:1052
[  354056ms] [ERROR] ./app/onboarding/page.tsx:204:13
Error: Expression expected
  202 |                 </div>
  203 |               </div>
> 204 |             </PantallaFunnel>
      |             ^
  205 |           )}
  206 |
  207 |           {paso === 'reconocimiento' && (

Parsing ecmascript source code failed

Import traces:
  Client Component Browser:
    ./app/onboarding/page.tsx [Client Component Browser]
    ./app/onboarding/page.tsx [Server Component]

  Client Component SSR:
    ./app/onboarding/page.tsx [Client Component SSR]
    ./app/onboarding/page.tsx [Server Component] @ http://localhost:3000/_next/static/chunks/node_modules_next_dist_1e8vcs8._.js:1052
[  354056ms] [ERROR] ./app/onboarding/page.tsx:204:14
Error: Unterminated regexp literal
  202 |                 </div>
  203 |               </div>
> 204 |             </PantallaFunnel>
      |              ^^^^^^^^^^^^^^^^
  205 |           )}
  206 |
  207 |           {paso === 'reconocimiento' && (

Parsing ecmascript source code failed

Import traces:
  Client Component Browser:
    ./app/onboarding/page.tsx [Client Component Browser]
    ./app/onboarding/page.tsx [Server Component]

  Client Component SSR:
    ./app/onboarding/page.tsx [Client Component SSR]
    ./app/onboarding/page.tsx [Server Component] @ http://localhost:3000/_next/static/chunks/node_modules_next_dist_1e8vcs8._.js:1052
[  354106ms] [ERROR] ./app/onboarding/page.tsx:204:13
Error: Expression expected
  202 |                 </div>
  203 |               </div>
> 204 |             </PantallaFunnel>
      |             ^
  205 |           )}
  206 |
  207 |           {paso === 'reconocimiento' && (

Parsing ecmascript source code failed

Import traces:
  Client Component Browser:
    ./app/onboarding/page.tsx [Client Component Browser]
    ./app/onboarding/page.tsx [Server Component]

  Client Component SSR:
    ./app/onboarding/page.tsx [Client Component SSR]
    ./app/onboarding/page.tsx [Server Component] @ http://localhost:3000/_next/static/chunks/node_modules_next_dist_1e8vcs8._.js:1052
[  354106ms] [ERROR] ./app/onboarding/page.tsx:204:14
Error: Unterminated regexp literal
  202 |                 </div>
  203 |               </div>
> 204 |             </PantallaFunnel>
      |              ^^^^^^^^^^^^^^^^
  205 |           )}
  206 |
  207 |           {paso === 'reconocimiento' && (

Parsing ecmascript source code failed

Import traces:
  Client Component Browser:
    ./app/onboarding/page.tsx [Client Component Browser]
    ./app/onboarding/page.tsx [Server Component]

  Client Component SSR:
    ./app/onboarding/page.tsx [Client Component SSR]
    ./app/onboarding/page.tsx [Server Component] @ http://localhost:3000/_next/static/chunks/node_modules_next_dist_1e8vcs8._.js:1052
[  354152ms] [ERROR] ./app/onboarding/page.tsx:204:13
Error: Expression expected
  202 |                 </div>
  203 |               </div>
> 204 |             </PantallaFunnel>
      |             ^
  205 |           )}
  206 |
  207 |           {paso === 'reconocimiento' && (

Parsing ecmascript source code failed

Import traces:
  Client Component Browser:
    ./app/onboarding/page.tsx [Client Component Browser]
    ./app/onboarding/page.tsx [Server Component]

  Client Component SSR:
    ./app/onboarding/page.tsx [Client Component SSR]
    ./app/onboarding/page.tsx [Server Component] @ http://localhost:3000/_next/static/chunks/node_modules_next_dist_1e8vcs8._.js:1052
[  354152ms] [ERROR] ./app/onboarding/page.tsx:204:14
Error: Unterminated regexp literal
  202 |                 </div>
  203 |               </div>
> 204 |             </PantallaFunnel>
      |              ^^^^^^^^^^^^^^^^
  205 |           )}
  206 |
  207 |           {paso === 'reconocimiento' && (

Parsing ecmascript source code failed

Import traces:
  Client Component Browser:
    ./app/onboarding/page.tsx [Client Component Browser]
    ./app/onboarding/page.tsx [Server Component]

  Client Component SSR:
    ./app/onboarding/page.tsx [Client Component SSR]
    ./app/onboarding/page.tsx [Server Component] @ http://localhost:3000/_next/static/chunks/node_modules_next_dist_1e8vcs8._.js:1052
[  354198ms] [ERROR] ./app/onboarding/page.tsx:204:13
Error: Expression expected
  202 |                 </div>
  203 |               </div>
> 204 |             </PantallaFunnel>
      |             ^
  205 |           )}
  206 |
  207 |           {paso === 'reconocimiento' && (

Parsing ecmascript source code failed

Import traces:
  Client Component Browser:
    ./app/onboarding/page.tsx [Client Component Browser]
    ./app/onboarding/page.tsx [Server Component]

  Client Component SSR:
    ./app/onboarding/page.tsx [Client Component SSR]
    ./app/onboarding/page.tsx [Server Component] @ http://localhost:3000/_next/static/chunks/node_modules_next_dist_1e8vcs8._.js:1052
[  354200ms] [ERROR] ./app/onboarding/page.tsx:204:14
Error: Unterminated regexp literal
  202 |                 </div>
  203 |               </div>
> 204 |             </PantallaFunnel>
      |              ^^^^^^^^^^^^^^^^
  205 |           )}
  206 |
  207 |           {paso === 'reconocimiento' && (

Parsing ecmascript source code failed

Import traces:
  Client Component Browser:
    ./app/onboarding/page.tsx [Client Component Browser]
    ./app/onboarding/page.tsx [Server Component]

  Client Component SSR:
    ./app/onboarding/page.tsx [Client Component SSR]
    ./app/onboarding/page.tsx [Server Component] @ http://localhost:3000/_next/static/chunks/node_modules_next_dist_1e8vcs8._.js:1052
[  354243ms] [ERROR] ./app/onboarding/page.tsx:204:13
Error: Expression expected
  202 |                 </div>
  203 |               </div>
> 204 |             </PantallaFunnel>
      |             ^
  205 |           )}
  206 |
  207 |           {paso === 'reconocimiento' && (

Parsing ecmascript source code failed

Import traces:
  Client Component Browser:
    ./app/onboarding/page.tsx [Client Component Browser]
    ./app/onboarding/page.tsx [Server Component]

  Client Component SSR:
    ./app/onboarding/page.tsx [Client Component SSR]
    ./app/onboarding/page.tsx [Server Component] @ http://localhost:3000/_next/static/chunks/node_modules_next_dist_1e8vcs8._.js:1052
[  354243ms] [ERROR] ./app/onboarding/page.tsx:204:14
Error: Unterminated regexp literal
  202 |                 </div>
  203 |               </div>
> 204 |             </PantallaFunnel>
      |              ^^^^^^^^^^^^^^^^
  205 |           )}
  206 |
  207 |           {paso === 'reconocimiento' && (

Parsing ecmascript source code failed

Import traces:
  Client Component Browser:
    ./app/onboarding/page.tsx [Client Component Browser]
    ./app/onboarding/page.tsx [Server Component]

  Client Component SSR:
    ./app/onboarding/page.tsx [Client Component SSR]
    ./app/onboarding/page.tsx [Server Component] @ http://localhost:3000/_next/static/chunks/node_modules_next_dist_1e8vcs8._.js:1052
[  354294ms] [ERROR] ./app/onboarding/page.tsx:204:13
Error: Expression expected
  202 |                 </div>
  203 |               </div>
> 204 |             </PantallaFunnel>
      |             ^
  205 |           )}
  206 |
  207 |           {paso === 'reconocimiento' && (

Parsing ecmascript source code failed

Import traces:
  Client Component Browser:
    ./app/onboarding/page.tsx [Client Component Browser]
    ./app/onboarding/page.tsx [Server Component]

  Client Component SSR:
    ./app/onboarding/page.tsx [Client Component SSR]
    ./app/onboarding/page.tsx [Server Component] @ http://localhost:3000/_next/static/chunks/node_modules_next_dist_1e8vcs8._.js:1052
[  354296ms] [ERROR] ./app/onboarding/page.tsx:204:14
Error: Unterminated regexp literal
  202 |                 </div>
  203 |               </div>
> 204 |             </PantallaFunnel>
      |              ^^^^^^^^^^^^^^^^
  205 |           )}
  206 |
  207 |           {paso === 'reconocimiento' && (

Parsing ecmascript source code failed

Import traces:
  Client Component Browser:
    ./app/onboarding/page.tsx [Client Component Browser]
    ./app/onboarding/page.tsx [Server Component]

  Client Component SSR:
    ./app/onboarding/page.tsx [Client Component SSR]
    ./app/onboarding/page.tsx [Server Component] @ http://localhost:3000/_next/static/chunks/node_modules_next_dist_1e8vcs8._.js:1052
[  354359ms] [ERROR] ./app/onboarding/page.tsx:204:13
Error: Expression expected
  202 |                 </div>
  203 |               </div>
> 204 |             </PantallaFunnel>
      |             ^
  205 |           )}
  206 |
  207 |           {paso === 'reconocimiento' && (

Parsing ecmascript source code failed

Import traces:
  Client Component Browser:
    ./app/onboarding/page.tsx [Client Component Browser]
    ./app/onboarding/page.tsx [Server Component]

  Client Component SSR:
    ./app/onboarding/page.tsx [Client Component SSR]
    ./app/onboarding/page.tsx [Server Component] @ http://localhost:3000/_next/static/chunks/node_modules_next_dist_1e8vcs8._.js:1052
[  354359ms] [ERROR] ./app/onboarding/page.tsx:204:14
Error: Unterminated regexp literal
  202 |                 </div>
  203 |               </div>
> 204 |             </PantallaFunnel>
      |              ^^^^^^^^^^^^^^^^
  205 |           )}
  206 |
  207 |           {paso === 'reconocimiento' && (

Parsing ecmascript source code failed

Import traces:
  Client Component Browser:
    ./app/onboarding/page.tsx [Client Component Browser]
    ./app/onboarding/page.tsx [Server Component]

  Client Component SSR:
    ./app/onboarding/page.tsx [Client Component SSR]
    ./app/onboarding/page.tsx [Server Component] @ http://localhost:3000/_next/static/chunks/node_modules_next_dist_1e8vcs8._.js:1052
[  354408ms] [ERROR] ./app/onboarding/page.tsx:204:13
Error: Expression expected
  202 |                 </div>
  203 |               </div>
> 204 |             </PantallaFunnel>
      |             ^
  205 |           )}
  206 |
  207 |           {paso === 'reconocimiento' && (

Parsing ecmascript source code failed

Import traces:
  Client Component Browser:
    ./app/onboarding/page.tsx [Client Component Browser]
    ./app/onboarding/page.tsx [Server Component]

  Client Component SSR:
    ./app/onboarding/page.tsx [Client Component SSR]
    ./app/onboarding/page.tsx [Server Component] @ http://localhost:3000/_next/static/chunks/node_modules_next_dist_1e8vcs8._.js:1052
[  354408ms] [ERROR] ./app/onboarding/page.tsx:204:14
Error: Unterminated regexp literal
  202 |                 </div>
  203 |               </div>
> 204 |             </PantallaFunnel>
      |              ^^^^^^^^^^^^^^^^
  205 |           )}
  206 |
  207 |           {paso === 'reconocimiento' && (

Parsing ecmascript source code failed

Import traces:
  Client Component Browser:
    ./app/onboarding/page.tsx [Client Component Browser]
    ./app/onboarding/page.tsx [Server Component]

  Client Component SSR:
    ./app/onboarding/page.tsx [Client Component SSR]
    ./app/onboarding/page.tsx [Server Component] @ http://localhost:3000/_next/static/chunks/node_modules_next_dist_1e8vcs8._.js:1052
[  354459ms] [ERROR] ./app/onboarding/page.tsx:204:13
Error: Expression expected
  202 |                 </div>
  203 |               </div>
> 204 |             </PantallaFunnel>
      |             ^
  205 |           )}
  206 |
  207 |           {paso === 'reconocimiento' && (

Parsing ecmascript source code failed

Import traces:
  Client Component Browser:
    ./app/onboarding/page.tsx [Client Component Browser]
    ./app/onboarding/page.tsx [Server Component]

  Client Component SSR:
    ./app/onboarding/page.tsx [Client Component SSR]
    ./app/onboarding/page.tsx [Server Component] @ http://localhost:3000/_next/static/chunks/node_modules_next_dist_1e8vcs8._.js:1052
[  354459ms] [ERROR] ./app/onboarding/page.tsx:204:14
Error: Unterminated regexp literal
  202 |                 </div>
  203 |               </div>
> 204 |             </PantallaFunnel>
      |              ^^^^^^^^^^^^^^^^
  205 |           )}
  206 |
  207 |           {paso === 'reconocimiento' && (

Parsing ecmascript source code failed

Import traces:
  Client Component Browser:
    ./app/onboarding/page.tsx [Client Component Browser]
    ./app/onboarding/page.tsx [Server Component]

  Client Component SSR:
    ./app/onboarding/page.tsx [Client Component SSR]
    ./app/onboarding/page.tsx [Server Component] @ http://localhost:3000/_next/static/chunks/node_modules_next_dist_1e8vcs8._.js:1052
[  354536ms] [ERROR] ./app/onboarding/page.tsx:204:13
Error: Expression expected
  202 |                 </div>
  203 |               </div>
> 204 |             </PantallaFunnel>
      |             ^
  205 |           )}
  206 |
  207 |           {paso === 'reconocimiento' && (

Parsing ecmascript source code failed

Import traces:
  Client Component Browser:
    ./app/onboarding/page.tsx [Client Component Browser]
    ./app/onboarding/page.tsx [Server Component]

  Client Component SSR:
    ./app/onboarding/page.tsx [Client Component SSR]
    ./app/onboarding/page.tsx [Server Component] @ http://localhost:3000/_next/static/chunks/node_modules_next_dist_1e8vcs8._.js:1052
[  354537ms] [ERROR] ./app/onboarding/page.tsx:204:14
Error: Unterminated regexp literal
  202 |                 </div>
  203 |               </div>
> 204 |             </PantallaFunnel>
      |              ^^^^^^^^^^^^^^^^
  205 |           )}
  206 |
  207 |           {paso === 'reconocimiento' && (

Parsing ecmascript source code failed

Import traces:
  Client Component Browser:
    ./app/onboarding/page.tsx [Client Component Browser]
    ./app/onboarding/page.tsx [Server Component]

  Client Component SSR:
    ./app/onboarding/page.tsx [Client Component SSR]
    ./app/onboarding/page.tsx [Server Component] @ http://localhost:3000/_next/static/chunks/node_modules_next_dist_1e8vcs8._.js:1052
[  354582ms] [ERROR] ./app/onboarding/page.tsx:204:13
Error: Expression expected
  202 |                 </div>
  203 |               </div>
> 204 |             </PantallaFunnel>
      |             ^
  205 |           )}
  206 |
  207 |           {paso === 'reconocimiento' && (

Parsing ecmascript source code failed

Import traces:
  Client Component Browser:
    ./app/onboarding/page.tsx [Client Component Browser]
    ./app/onboarding/page.tsx [Server Component]

  Client Component SSR:
    ./app/onboarding/page.tsx [Client Component SSR]
    ./app/onboarding/page.tsx [Server Component] @ http://localhost:3000/_next/static/chunks/node_modules_next_dist_1e8vcs8._.js:1052
[  354583ms] [ERROR] ./app/onboarding/page.tsx:204:14
Error: Unterminated regexp literal
  202 |                 </div>
  203 |               </div>
> 204 |             </PantallaFunnel>
      |              ^^^^^^^^^^^^^^^^
  205 |           )}
  206 |
  207 |           {paso === 'reconocimiento' && (

Parsing ecmascript source code failed

Import traces:
  Client Component Browser:
    ./app/onboarding/page.tsx [Client Component Browser]
    ./app/onboarding/page.tsx [Server Component]

  Client Component SSR:
    ./app/onboarding/page.tsx [Client Component SSR]
    ./app/onboarding/page.tsx [Server Component] @ http://localhost:3000/_next/static/chunks/node_modules_next_dist_1e8vcs8._.js:1052
[  354627ms] [ERROR] ./app/onboarding/page.tsx:204:13
Error: Expression expected
  202 |                 </div>
  203 |               </div>
> 204 |             </PantallaFunnel>
      |             ^
  205 |           )}
  206 |
  207 |           {paso === 'reconocimiento' && (

Parsing ecmascript source code failed

Import traces:
  Client Component Browser:
    ./app/onboarding/page.tsx [Client Component Browser]
    ./app/onboarding/page.tsx [Server Component]

  Client Component SSR:
    ./app/onboarding/page.tsx [Client Component SSR]
    ./app/onboarding/page.tsx [Server Component] @ http://localhost:3000/_next/static/chunks/node_modules_next_dist_1e8vcs8._.js:1052
[  354631ms] [ERROR] ./app/onboarding/page.tsx:204:14
Error: Unterminated regexp literal
  202 |                 </div>
  203 |               </div>
> 204 |             </PantallaFunnel>
      |              ^^^^^^^^^^^^^^^^
  205 |           )}
  206 |
  207 |           {paso === 'reconocimiento' && (

Parsing ecmascript source code failed

Import traces:
  Client Component Browser:
    ./app/onboarding/page.tsx [Client Component Browser]
    ./app/onboarding/page.tsx [Server Component]

  Client Component SSR:
    ./app/onboarding/page.tsx [Client Component SSR]
    ./app/onboarding/page.tsx [Server Component] @ http://localhost:3000/_next/static/chunks/node_modules_next_dist_1e8vcs8._.js:1052
[  354684ms] [ERROR] ./app/onboarding/page.tsx:204:13
Error: Expression expected
  202 |                 </div>
  203 |               </div>
> 204 |             </PantallaFunnel>
      |             ^
  205 |           )}
  206 |
  207 |           {paso === 'reconocimiento' && (

Parsing ecmascript source code failed

Import traces:
  Client Component Browser:
    ./app/onboarding/page.tsx [Client Component Browser]
    ./app/onboarding/page.tsx [Server Component]

  Client Component SSR:
    ./app/onboarding/page.tsx [Client Component SSR]
    ./app/onboarding/page.tsx [Server Component] @ http://localhost:3000/_next/static/chunks/node_modules_next_dist_1e8vcs8._.js:1052
[  354684ms] [ERROR] ./app/onboarding/page.tsx:204:14
Error: Unterminated regexp literal
  202 |                 </div>
  203 |               </div>
> 204 |             </PantallaFunnel>
      |              ^^^^^^^^^^^^^^^^
  205 |           )}
  206 |
  207 |           {paso === 'reconocimiento' && (

Parsing ecmascript source code failed

Import traces:
  Client Component Browser:
    ./app/onboarding/page.tsx [Client Component Browser]
    ./app/onboarding/page.tsx [Server Component]

  Client Component SSR:
    ./app/onboarding/page.tsx [Client Component SSR]
    ./app/onboarding/page.tsx [Server Component] @ http://localhost:3000/_next/static/chunks/node_modules_next_dist_1e8vcs8._.js:1052
[  354736ms] [ERROR] ./app/onboarding/page.tsx:204:13
Error: Expression expected
  202 |                 </div>
  203 |               </div>
> 204 |             </PantallaFunnel>
      |             ^
  205 |           )}
  206 |
  207 |           {paso === 'reconocimiento' && (

Parsing ecmascript source code failed

Import traces:
  Client Component Browser:
    ./app/onboarding/page.tsx [Client Component Browser]
    ./app/onboarding/page.tsx [Server Component]

  Client Component SSR:
    ./app/onboarding/page.tsx [Client Component SSR]
    ./app/onboarding/page.tsx [Server Component] @ http://localhost:3000/_next/static/chunks/node_modules_next_dist_1e8vcs8._.js:1052
[  354736ms] [ERROR] ./app/onboarding/page.tsx:204:14
Error: Unterminated regexp literal
  202 |                 </div>
  203 |               </div>
> 204 |             </PantallaFunnel>
      |              ^^^^^^^^^^^^^^^^
  205 |           )}
  206 |
  207 |           {paso === 'reconocimiento' && (

Parsing ecmascript source code failed

Import traces:
  Client Component Browser:
    ./app/onboarding/page.tsx [Client Component Browser]
    ./app/onboarding/page.tsx [Server Component]

  Client Component SSR:
    ./app/onboarding/page.tsx [Client Component SSR]
    ./app/onboarding/page.tsx [Server Component] @ http://localhost:3000/_next/static/chunks/node_modules_next_dist_1e8vcs8._.js:1052
[  354786ms] [ERROR] ./app/onboarding/page.tsx:204:13
Error: Expression expected
  202 |                 </div>
  203 |               </div>
> 204 |             </PantallaFunnel>
      |             ^
  205 |           )}
  206 |
  207 |           {paso === 'reconocimiento' && (

Parsing ecmascript source code failed

Import traces:
  Client Component Browser:
    ./app/onboarding/page.tsx [Client Component Browser]
    ./app/onboarding/page.tsx [Server Component]

  Client Component SSR:
    ./app/onboarding/page.tsx [Client Component SSR]
    ./app/onboarding/page.tsx [Server Component] @ http://localhost:3000/_next/static/chunks/node_modules_next_dist_1e8vcs8._.js:1052
[  354788ms] [ERROR] ./app/onboarding/page.tsx:204:14
Error: Unterminated regexp literal
  202 |                 </div>
  203 |               </div>
> 204 |             </PantallaFunnel>
      |              ^^^^^^^^^^^^^^^^
  205 |           )}
  206 |
  207 |           {paso === 'reconocimiento' && (

Parsing ecmascript source code failed

Import traces:
  Client Component Browser:
    ./app/onboarding/page.tsx [Client Component Browser]
    ./app/onboarding/page.tsx [Server Component]

  Client Component SSR:
    ./app/onboarding/page.tsx [Client Component SSR]
    ./app/onboarding/page.tsx [Server Component] @ http://localhost:3000/_next/static/chunks/node_modules_next_dist_1e8vcs8._.js:1052
[  354828ms] [ERROR] ./app/onboarding/page.tsx:204:13
Error: Expression expected
  202 |                 </div>
  203 |               </div>
> 204 |             </PantallaFunnel>
      |             ^
  205 |           )}
  206 |
  207 |           {paso === 'reconocimiento' && (

Parsing ecmascript source code failed

Import traces:
  Client Component Browser:
    ./app/onboarding/page.tsx [Client Component Browser]
    ./app/onboarding/page.tsx [Server Component]

  Client Component SSR:
    ./app/onboarding/page.tsx [Client Component SSR]
    ./app/onboarding/page.tsx [Server Component] @ http://localhost:3000/_next/static/chunks/node_modules_next_dist_1e8vcs8._.js:1052
[  354829ms] [ERROR] ./app/onboarding/page.tsx:204:14
Error: Unterminated regexp literal
  202 |                 </div>
  203 |               </div>
> 204 |             </PantallaFunnel>
      |              ^^^^^^^^^^^^^^^^
  205 |           )}
  206 |
  207 |           {paso === 'reconocimiento' && (

Parsing ecmascript source code failed

Import traces:
  Client Component Browser:
    ./app/onboarding/page.tsx [Client Component Browser]
    ./app/onboarding/page.tsx [Server Component]

  Client Component SSR:
    ./app/onboarding/page.tsx [Client Component SSR]
    ./app/onboarding/page.tsx [Server Component] @ http://localhost:3000/_next/static/chunks/node_modules_next_dist_1e8vcs8._.js:1052
[  354876ms] [ERROR] ./app/onboarding/page.tsx:204:13
Error: Expression expected
  202 |                 </div>
  203 |               </div>
> 204 |             </PantallaFunnel>
      |             ^
  205 |           )}
  206 |
  207 |           {paso === 'reconocimiento' && (

Parsing ecmascript source code failed

Import traces:
  Client Component Browser:
    ./app/onboarding/page.tsx [Client Component Browser]
    ./app/onboarding/page.tsx [Server Component]

  Client Component SSR:
    ./app/onboarding/page.tsx [Client Component SSR]
    ./app/onboarding/page.tsx [Server Component] @ http://localhost:3000/_next/static/chunks/node_modules_next_dist_1e8vcs8._.js:1052
[  354876ms] [ERROR] ./app/onboarding/page.tsx:204:14
Error: Unterminated regexp literal
  202 |                 </div>
  203 |               </div>
> 204 |             </PantallaFunnel>
      |              ^^^^^^^^^^^^^^^^
  205 |           )}
  206 |
  207 |           {paso === 'reconocimiento' && (

Parsing ecmascript source code failed

Import traces:
  Client Component Browser:
    ./app/onboarding/page.tsx [Client Component Browser]
    ./app/onboarding/page.tsx [Server Component]

  Client Component SSR:
    ./app/onboarding/page.tsx [Client Component SSR]
    ./app/onboarding/page.tsx [Server Component] @ http://localhost:3000/_next/static/chunks/node_modules_next_dist_1e8vcs8._.js:1052
[  354920ms] [ERROR] ./app/onboarding/page.tsx:204:13
Error: Expression expected
  202 |                 </div>
  203 |               </div>
> 204 |             </PantallaFunnel>
      |             ^
  205 |           )}
  206 |
  207 |           {paso === 'reconocimiento' && (

Parsing ecmascript source code failed

Import traces:
  Client Component Browser:
    ./app/onboarding/page.tsx [Client Component Browser]
    ./app/onboarding/page.tsx [Server Component]

  Client Component SSR:
    ./app/onboarding/page.tsx [Client Component SSR]
    ./app/onboarding/page.tsx [Server Component] @ http://localhost:3000/_next/static/chunks/node_modules_next_dist_1e8vcs8._.js:1052
[  354920ms] [ERROR] ./app/onboarding/page.tsx:204:14
Error: Unterminated regexp literal
  202 |                 </div>
  203 |               </div>
> 204 |             </PantallaFunnel>
      |              ^^^^^^^^^^^^^^^^
  205 |           )}
  206 |
  207 |           {paso === 'reconocimiento' && (

Parsing ecmascript source code failed

Import traces:
  Client Component Browser:
    ./app/onboarding/page.tsx [Client Component Browser]
    ./app/onboarding/page.tsx [Server Component]

  Client Component SSR:
    ./app/onboarding/page.tsx [Client Component SSR]
    ./app/onboarding/page.tsx [Server Component] @ http://localhost:3000/_next/static/chunks/node_modules_next_dist_1e8vcs8._.js:1052
[  354970ms] [ERROR] ./app/onboarding/page.tsx:204:13
Error: Expression expected
  202 |                 </div>
  203 |               </div>
> 204 |             </PantallaFunnel>
      |             ^
  205 |           )}
  206 |
  207 |           {paso === 'reconocimiento' && (

Parsing ecmascript source code failed

Import traces:
  Client Component Browser:
    ./app/onboarding/page.tsx [Client Component Browser]
    ./app/onboarding/page.tsx [Server Component]

  Client Component SSR:
    ./app/onboarding/page.tsx [Client Component SSR]
    ./app/onboarding/page.tsx [Server Component] @ http://localhost:3000/_next/static/chunks/node_modules_next_dist_1e8vcs8._.js:1052
[  354970ms] [ERROR] ./app/onboarding/page.tsx:204:14
Error: Unterminated regexp literal
  202 |                 </div>
  203 |               </div>
> 204 |             </PantallaFunnel>
      |              ^^^^^^^^^^^^^^^^
  205 |           )}
  206 |
  207 |           {paso === 'reconocimiento' && (

Parsing ecmascript source code failed

Import traces:
  Client Component Browser:
    ./app/onboarding/page.tsx [Client Component Browser]
    ./app/onboarding/page.tsx [Server Component]

  Client Component SSR:
    ./app/onboarding/page.tsx [Client Component SSR]
    ./app/onboarding/page.tsx [Server Component] @ http://localhost:3000/_next/static/chunks/node_modules_next_dist_1e8vcs8._.js:1052
[  355018ms] [ERROR] ./app/onboarding/page.tsx:204:13
Error: Expression expected
  202 |                 </div>
  203 |               </div>
> 204 |             </PantallaFunnel>
      |             ^
  205 |           )}
  206 |
  207 |           {paso === 'reconocimiento' && (

Parsing ecmascript source code failed

Import traces:
  Client Component Browser:
    ./app/onboarding/page.tsx [Client Component Browser]
    ./app/onboarding/page.tsx [Server Component]

  Client Component SSR:
    ./app/onboarding/page.tsx [Client Component SSR]
    ./app/onboarding/page.tsx [Server Component] @ http://localhost:3000/_next/static/chunks/node_modules_next_dist_1e8vcs8._.js:1052
[  355019ms] [ERROR] ./app/onboarding/page.tsx:204:14
Error: Unterminated regexp literal
  202 |                 </div>
  203 |               </div>
> 204 |             </PantallaFunnel>
      |              ^^^^^^^^^^^^^^^^
  205 |           )}
  206 |
  207 |           {paso === 'reconocimiento' && (

Parsing ecmascript source code failed

Import traces:
  Client Component Browser:
    ./app/onboarding/page.tsx [Client Component Browser]
    ./app/onboarding/page.tsx [Server Component]

  Client Component SSR:
    ./app/onboarding/page.tsx [Client Component SSR]
    ./app/onboarding/page.tsx [Server Component] @ http://localhost:3000/_next/static/chunks/node_modules_next_dist_1e8vcs8._.js:1052
[  355069ms] [ERROR] ./app/onboarding/page.tsx:204:13
Error: Expression expected
  202 |                 </div>
  203 |               </div>
> 204 |             </PantallaFunnel>
      |             ^
  205 |           )}
  206 |
  207 |           {paso === 'reconocimiento' && (

Parsing ecmascript source code failed

Import traces:
  Client Component Browser:
    ./app/onboarding/page.tsx [Client Component Browser]
    ./app/onboarding/page.tsx [Server Component]

  Client Component SSR:
    ./app/onboarding/page.tsx [Client Component SSR]
    ./app/onboarding/page.tsx [Server Component] @ http://localhost:3000/_next/static/chunks/node_modules_next_dist_1e8vcs8._.js:1052
[  355071ms] [ERROR] ./app/onboarding/page.tsx:204:14
Error: Unterminated regexp literal
  202 |                 </div>
  203 |               </div>
> 204 |             </PantallaFunnel>
      |              ^^^^^^^^^^^^^^^^
  205 |           )}
  206 |
  207 |           {paso === 'reconocimiento' && (

Parsing ecmascript source code failed

Import traces:
  Client Component Browser:
    ./app/onboarding/page.tsx [Client Component Browser]
    ./app/onboarding/page.tsx [Server Component]

  Client Component SSR:
    ./app/onboarding/page.tsx [Client Component SSR]
    ./app/onboarding/page.tsx [Server Component] @ http://localhost:3000/_next/static/chunks/node_modules_next_dist_1e8vcs8._.js:1052
[  355129ms] [ERROR] ./app/onboarding/page.tsx:204:13
Error: Expression expected
  202 |                 </div>
  203 |               </div>
> 204 |             </PantallaFunnel>
      |             ^
  205 |           )}
  206 |
  207 |           {paso === 'reconocimiento' && (

Parsing ecmascript source code failed

Import traces:
  Client Component Browser:
    ./app/onboarding/page.tsx [Client Component Browser]
    ./app/onboarding/page.tsx [Server Component]

  Client Component SSR:
    ./app/onboarding/page.tsx [Client Component SSR]
    ./app/onboarding/page.tsx [Server Component] @ http://localhost:3000/_next/static/chunks/node_modules_next_dist_1e8vcs8._.js:1052
[  355130ms] [ERROR] ./app/onboarding/page.tsx:204:14
Error: Unterminated regexp literal
  202 |                 </div>
  203 |               </div>
> 204 |             </PantallaFunnel>
      |              ^^^^^^^^^^^^^^^^
  205 |           )}
  206 |
  207 |           {paso === 'reconocimiento' && (

Parsing ecmascript source code failed

Import traces:
  Client Component Browser:
    ./app/onboarding/page.tsx [Client Component Browser]
    ./app/onboarding/page.tsx [Server Component]

  Client Component SSR:
    ./app/onboarding/page.tsx [Client Component SSR]
    ./app/onboarding/page.tsx [Server Component] @ http://localhost:3000/_next/static/chunks/node_modules_next_dist_1e8vcs8._.js:1052
[  355178ms] [ERROR] ./app/onboarding/page.tsx:204:13
Error: Expression expected
  202 |                 </div>
  203 |               </div>
> 204 |             </PantallaFunnel>
      |             ^
  205 |           )}
  206 |
  207 |           {paso === 'reconocimiento' && (

Parsing ecmascript source code failed

Import traces:
  Client Component Browser:
    ./app/onboarding/page.tsx [Client Component Browser]
    ./app/onboarding/page.tsx [Server Component]

  Client Component SSR:
    ./app/onboarding/page.tsx [Client Component SSR]
    ./app/onboarding/page.tsx [Server Component] @ http://localhost:3000/_next/static/chunks/node_modules_next_dist_1e8vcs8._.js:1052
[  355178ms] [ERROR] ./app/onboarding/page.tsx:204:14
Error: Unterminated regexp literal
  202 |                 </div>
  203 |               </div>
> 204 |             </PantallaFunnel>
      |              ^^^^^^^^^^^^^^^^
  205 |           )}
  206 |
  207 |           {paso === 'reconocimiento' && (

Parsing ecmascript source code failed

Import traces:
  Client Component Browser:
    ./app/onboarding/page.tsx [Client Component Browser]
    ./app/onboarding/page.tsx [Server Component]

  Client Component SSR:
    ./app/onboarding/page.tsx [Client Component SSR]
    ./app/onboarding/page.tsx [Server Component] @ http://localhost:3000/_next/static/chunks/node_modules_next_dist_1e8vcs8._.js:1052
[  355221ms] [ERROR] ./app/onboarding/page.tsx:204:13
Error: Expression expected
  202 |                 </div>
  203 |               </div>
> 204 |             </PantallaFunnel>
      |             ^
  205 |           )}
  206 |
  207 |           {paso === 'reconocimiento' && (

Parsing ecmascript source code failed

Import traces:
  Client Component Browser:
    ./app/onboarding/page.tsx [Client Component Browser]
    ./app/onboarding/page.tsx [Server Component]

  Client Component SSR:
    ./app/onboarding/page.tsx [Client Component SSR]
    ./app/onboarding/page.tsx [Server Component] @ http://localhost:3000/_next/static/chunks/node_modules_next_dist_1e8vcs8._.js:1052
[  355221ms] [ERROR] ./app/onboarding/page.tsx:204:14
Error: Unterminated regexp literal
  202 |                 </div>
  203 |               </div>
> 204 |             </PantallaFunnel>
      |              ^^^^^^^^^^^^^^^^
  205 |           )}
  206 |
  207 |           {paso === 'reconocimiento' && (

Parsing ecmascript source code failed

Import traces:
  Client Component Browser:
    ./app/onboarding/page.tsx [Client Component Browser]
    ./app/onboarding/page.tsx [Server Component]

  Client Component SSR:
    ./app/onboarding/page.tsx [Client Component SSR]
    ./app/onboarding/page.tsx [Server Component] @ http://localhost:3000/_next/static/chunks/node_modules_next_dist_1e8vcs8._.js:1052
[  355270ms] [ERROR] ./app/onboarding/page.tsx:204:13
Error: Expression expected
  202 |                 </div>
  203 |               </div>
> 204 |             </PantallaFunnel>
      |             ^
  205 |           )}
  206 |
  207 |           {paso === 'reconocimiento' && (

Parsing ecmascript source code failed

Import traces:
  Client Component Browser:
    ./app/onboarding/page.tsx [Client Component Browser]
    ./app/onboarding/page.tsx [Server Component]

  Client Component SSR:
    ./app/onboarding/page.tsx [Client Component SSR]
    ./app/onboarding/page.tsx [Server Component] @ http://localhost:3000/_next/static/chunks/node_modules_next_dist_1e8vcs8._.js:1052
[  355271ms] [ERROR] ./app/onboarding/page.tsx:204:14
Error: Unterminated regexp literal
  202 |                 </div>
  203 |               </div>
> 204 |             </PantallaFunnel>
      |              ^^^^^^^^^^^^^^^^
  205 |           )}
  206 |
  207 |           {paso === 'reconocimiento' && (

Parsing ecmascript source code failed

Import traces:
  Client Component Browser:
    ./app/onboarding/page.tsx [Client Component Browser]
    ./app/onboarding/page.tsx [Server Component]

  Client Component SSR:
    ./app/onboarding/page.tsx [Client Component SSR]
    ./app/onboarding/page.tsx [Server Component] @ http://localhost:3000/_next/static/chunks/node_modules_next_dist_1e8vcs8._.js:1052
[  355320ms] [ERROR] ./app/onboarding/page.tsx:204:13
Error: Expression expected
  202 |                 </div>
  203 |               </div>
> 204 |             </PantallaFunnel>
      |             ^
  205 |           )}
  206 |
  207 |           {paso === 'reconocimiento' && (

Parsing ecmascript source code failed

Import traces:
  Client Component Browser:
    ./app/onboarding/page.tsx [Client Component Browser]
    ./app/onboarding/page.tsx [Server Component]

  Client Component SSR:
    ./app/onboarding/page.tsx [Client Component SSR]
    ./app/onboarding/page.tsx [Server Component] @ http://localhost:3000/_next/static/chunks/node_modules_next_dist_1e8vcs8._.js:1052
[  355320ms] [ERROR] ./app/onboarding/page.tsx:204:14
Error: Unterminated regexp literal
  202 |                 </div>
  203 |               </div>
> 204 |             </PantallaFunnel>
      |              ^^^^^^^^^^^^^^^^
  205 |           )}
  206 |
  207 |           {paso === 'reconocimiento' && (

Parsing ecmascript source code failed

Import traces:
  Client Component Browser:
    ./app/onboarding/page.tsx [Client Component Browser]
    ./app/onboarding/page.tsx [Server Component]

  Client Component SSR:
    ./app/onboarding/page.tsx [Client Component SSR]
    ./app/onboarding/page.tsx [Server Component] @ http://localhost:3000/_next/static/chunks/node_modules_next_dist_1e8vcs8._.js:1052
[  355374ms] [ERROR] ./app/onboarding/page.tsx:204:13
Error: Expression expected
  202 |                 </div>
  203 |               </div>
> 204 |             </PantallaFunnel>
      |             ^
  205 |           )}
  206 |
  207 |           {paso === 'reconocimiento' && (

Parsing ecmascript source code failed

Import traces:
  Client Component Browser:
    ./app/onboarding/page.tsx [Client Component Browser]
    ./app/onboarding/page.tsx [Server Component]

  Client Component SSR:
    ./app/onboarding/page.tsx [Client Component SSR]
    ./app/onboarding/page.tsx [Server Component] @ http://localhost:3000/_next/static/chunks/node_modules_next_dist_1e8vcs8._.js:1052
[  355377ms] [ERROR] ./app/onboarding/page.tsx:204:14
Error: Unterminated regexp literal
  202 |                 </div>
  203 |               </div>
> 204 |             </PantallaFunnel>
      |              ^^^^^^^^^^^^^^^^
  205 |           )}
  206 |
  207 |           {paso === 'reconocimiento' && (

Parsing ecmascript source code failed

Import traces:
  Client Component Browser:
    ./app/onboarding/page.tsx [Client Component Browser]
    ./app/onboarding/page.tsx [Server Component]

  Client Component SSR:
    ./app/onboarding/page.tsx [Client Component SSR]
    ./app/onboarding/page.tsx [Server Component] @ http://localhost:3000/_next/static/chunks/node_modules_next_dist_1e8vcs8._.js:1052
[  355427ms] [ERROR] ./app/onboarding/page.tsx:204:13
Error: Expression expected
  202 |                 </div>
  203 |               </div>
> 204 |             </PantallaFunnel>
      |             ^
  205 |           )}
  206 |
  207 |           {paso === 'reconocimiento' && (

Parsing ecmascript source code failed

Import traces:
  Client Component Browser:
    ./app/onboarding/page.tsx [Client Component Browser]
    ./app/onboarding/page.tsx [Server Component]

  Client Component SSR:
    ./app/onboarding/page.tsx [Client Component SSR]
    ./app/onboarding/page.tsx [Server Component] @ http://localhost:3000/_next/static/chunks/node_modules_next_dist_1e8vcs8._.js:1052
[  355428ms] [ERROR] ./app/onboarding/page.tsx:204:14
Error: Unterminated regexp literal
  202 |                 </div>
  203 |               </div>
> 204 |             </PantallaFunnel>
      |              ^^^^^^^^^^^^^^^^
  205 |           )}
  206 |
  207 |           {paso === 'reconocimiento' && (

Parsing ecmascript source code failed

Import traces:
  Client Component Browser:
    ./app/onboarding/page.tsx [Client Component Browser]
    ./app/onboarding/page.tsx [Server Component]

  Client Component SSR:
    ./app/onboarding/page.tsx [Client Component SSR]
    ./app/onboarding/page.tsx [Server Component] @ http://localhost:3000/_next/static/chunks/node_modules_next_dist_1e8vcs8._.js:1052
[  355492ms] [ERROR] ./app/onboarding/page.tsx:204:13
Error: Expression expected
  202 |                 </div>
  203 |               </div>
> 204 |             </PantallaFunnel>
      |             ^
  205 |           )}
  206 |
  207 |           {paso === 'reconocimiento' && (

Parsing ecmascript source code failed

Import traces:
  Client Component Browser:
    ./app/onboarding/page.tsx [Client Component Browser]
    ./app/onboarding/page.tsx [Server Component]

  Client Component SSR:
    ./app/onboarding/page.tsx [Client Component SSR]
    ./app/onboarding/page.tsx [Server Component] @ http://localhost:3000/_next/static/chunks/node_modules_next_dist_1e8vcs8._.js:1052
[  355492ms] [ERROR] ./app/onboarding/page.tsx:204:14
Error: Unterminated regexp literal
  202 |                 </div>
  203 |               </div>
> 204 |             </PantallaFunnel>
      |              ^^^^^^^^^^^^^^^^
  205 |           )}
  206 |
  207 |           {paso === 'reconocimiento' && (

Parsing ecmascript source code failed

Import traces:
  Client Component Browser:
    ./app/onboarding/page.tsx [Client Component Browser]
    ./app/onboarding/page.tsx [Server Component]

  Client Component SSR:
    ./app/onboarding/page.tsx [Client Component SSR]
    ./app/onboarding/page.tsx [Server Component] @ http://localhost:3000/_next/static/chunks/node_modules_next_dist_1e8vcs8._.js:1052
[  355546ms] [ERROR] ./app/onboarding/page.tsx:204:13
Error: Expression expected
  202 |                 </div>
  203 |               </div>
> 204 |             </PantallaFunnel>
      |             ^
  205 |           )}
  206 |
  207 |           {paso === 'reconocimiento' && (

Parsing ecmascript source code failed

Import traces:
  Client Component Browser:
    ./app/onboarding/page.tsx [Client Component Browser]
    ./app/onboarding/page.tsx [Server Component]

  Client Component SSR:
    ./app/onboarding/page.tsx [Client Component SSR]
    ./app/onboarding/page.tsx [Server Component] @ http://localhost:3000/_next/static/chunks/node_modules_next_dist_1e8vcs8._.js:1052
[  355546ms] [ERROR] ./app/onboarding/page.tsx:204:14
Error: Unterminated regexp literal
  202 |                 </div>
  203 |               </div>
> 204 |             </PantallaFunnel>
      |              ^^^^^^^^^^^^^^^^
  205 |           )}
  206 |
  207 |           {paso === 'reconocimiento' && (

Parsing ecmascript source code failed

Import traces:
  Client Component Browser:
    ./app/onboarding/page.tsx [Client Component Browser]
    ./app/onboarding/page.tsx [Server Component]

  Client Component SSR:
    ./app/onboarding/page.tsx [Client Component SSR]
    ./app/onboarding/page.tsx [Server Component] @ http://localhost:3000/_next/static/chunks/node_modules_next_dist_1e8vcs8._.js:1052
[  355617ms] [ERROR] ./app/onboarding/page.tsx:204:13
Error: Expression expected
  202 |                 </div>
  203 |               </div>
> 204 |             </PantallaFunnel>
      |             ^
  205 |           )}
  206 |
  207 |           {paso === 'reconocimiento' && (

Parsing ecmascript source code failed

Import traces:
  Client Component Browser:
    ./app/onboarding/page.tsx [Client Component Browser]
    ./app/onboarding/page.tsx [Server Component]

  Client Component SSR:
    ./app/onboarding/page.tsx [Client Component SSR]
    ./app/onboarding/page.tsx [Server Component] @ http://localhost:3000/_next/static/chunks/node_modules_next_dist_1e8vcs8._.js:1052
[  355617ms] [ERROR] ./app/onboarding/page.tsx:204:14
Error: Unterminated regexp literal
  202 |                 </div>
  203 |               </div>
> 204 |             </PantallaFunnel>
      |              ^^^^^^^^^^^^^^^^
  205 |           )}
  206 |
  207 |           {paso === 'reconocimiento' && (

Parsing ecmascript source code failed

Import traces:
  Client Component Browser:
    ./app/onboarding/page.tsx [Client Component Browser]
    ./app/onboarding/page.tsx [Server Component]

  Client Component SSR:
    ./app/onboarding/page.tsx [Client Component SSR]
    ./app/onboarding/page.tsx [Server Component] @ http://localhost:3000/_next/static/chunks/node_modules_next_dist_1e8vcs8._.js:1052
[  355673ms] [ERROR] ./app/onboarding/page.tsx:204:13
Error: Expression expected
  202 |                 </div>
  203 |               </div>
> 204 |             </PantallaFunnel>
      |             ^
  205 |           )}
  206 |
  207 |           {paso === 'reconocimiento' && (

Parsing ecmascript source code failed

Import traces:
  Client Component Browser:
    ./app/onboarding/page.tsx [Client Component Browser]
    ./app/onboarding/page.tsx [Server Component]

  Client Component SSR:
    ./app/onboarding/page.tsx [Client Component SSR]
    ./app/onboarding/page.tsx [Server Component] @ http://localhost:3000/_next/static/chunks/node_modules_next_dist_1e8vcs8._.js:1052
[  355673ms] [ERROR] ./app/onboarding/page.tsx:204:14
Error: Unterminated regexp literal
  202 |                 </div>
  203 |               </div>
> 204 |             </PantallaFunnel>
      |              ^^^^^^^^^^^^^^^^
  205 |           )}
  206 |
  207 |           {paso === 'reconocimiento' && (

Parsing ecmascript source code failed

Import traces:
  Client Component Browser:
    ./app/onboarding/page.tsx [Client Component Browser]
    ./app/onboarding/page.tsx [Server Component]

  Client Component SSR:
    ./app/onboarding/page.tsx [Client Component SSR]
    ./app/onboarding/page.tsx [Server Component] @ http://localhost:3000/_next/static/chunks/node_modules_next_dist_1e8vcs8._.js:1052
[  355727ms] [ERROR] ./app/onboarding/page.tsx:204:13
Error: Expression expected
  202 |                 </div>
  203 |               </div>
> 204 |             </PantallaFunnel>
      |             ^
  205 |           )}
  206 |
  207 |           {paso === 'reconocimiento' && (

Parsing ecmascript source code failed

Import traces:
  Client Component Browser:
    ./app/onboarding/page.tsx [Client Component Browser]
    ./app/onboarding/page.tsx [Server Component]

  Client Component SSR:
    ./app/onboarding/page.tsx [Client Component SSR]
    ./app/onboarding/page.tsx [Server Component] @ http://localhost:3000/_next/static/chunks/node_modules_next_dist_1e8vcs8._.js:1052
[  355727ms] [ERROR] ./app/onboarding/page.tsx:204:14
Error: Unterminated regexp literal
  202 |                 </div>
  203 |               </div>
> 204 |             </PantallaFunnel>
      |              ^^^^^^^^^^^^^^^^
  205 |           )}
  206 |
  207 |           {paso === 'reconocimiento' && (

Parsing ecmascript source code failed

Import traces:
  Client Component Browser:
    ./app/onboarding/page.tsx [Client Component Browser]
    ./app/onboarding/page.tsx [Server Component]

  Client Component SSR:
    ./app/onboarding/page.tsx [Client Component SSR]
    ./app/onboarding/page.tsx [Server Component] @ http://localhost:3000/_next/static/chunks/node_modules_next_dist_1e8vcs8._.js:1052
[  355779ms] [ERROR] ./app/onboarding/page.tsx:204:13
Error: Expression expected
  202 |                 </div>
  203 |               </div>
> 204 |             </PantallaFunnel>
      |             ^
  205 |           )}
  206 |
  207 |           {paso === 'reconocimiento' && (

Parsing ecmascript source code failed

Import traces:
  Client Component Browser:
    ./app/onboarding/page.tsx [Client Component Browser]
    ./app/onboarding/page.tsx [Server Component]

  Client Component SSR:
    ./app/onboarding/page.tsx [Client Component SSR]
    ./app/onboarding/page.tsx [Server Component] @ http://localhost:3000/_next/static/chunks/node_modules_next_dist_1e8vcs8._.js:1052
[  355780ms] [ERROR] ./app/onboarding/page.tsx:204:14
Error: Unterminated regexp literal
  202 |                 </div>
  203 |               </div>
> 204 |             </PantallaFunnel>
      |              ^^^^^^^^^^^^^^^^
  205 |           )}
  206 |
  207 |           {paso === 'reconocimiento' && (

Parsing ecmascript source code failed

Import traces:
  Client Component Browser:
    ./app/onboarding/page.tsx [Client Component Browser]
    ./app/onboarding/page.tsx [Server Component]

  Client Component SSR:
    ./app/onboarding/page.tsx [Client Component SSR]
    ./app/onboarding/page.tsx [Server Component] @ http://localhost:3000/_next/static/chunks/node_modules_next_dist_1e8vcs8._.js:1052
[  355839ms] [ERROR] ./app/onboarding/page.tsx:204:13
Error: Expression expected
  202 |                 </div>
  203 |               </div>
> 204 |             </PantallaFunnel>
      |             ^
  205 |           )}
  206 |
  207 |           {paso === 'reconocimiento' && (

Parsing ecmascript source code failed

Import traces:
  Client Component Browser:
    ./app/onboarding/page.tsx [Client Component Browser]
    ./app/onboarding/page.tsx [Server Component]

  Client Component SSR:
    ./app/onboarding/page.tsx [Client Component SSR]
    ./app/onboarding/page.tsx [Server Component] @ http://localhost:3000/_next/static/chunks/node_modules_next_dist_1e8vcs8._.js:1052
[  355839ms] [ERROR] ./app/onboarding/page.tsx:204:14
Error: Unterminated regexp literal
  202 |                 </div>
  203 |               </div>
> 204 |             </PantallaFunnel>
      |              ^^^^^^^^^^^^^^^^
  205 |           )}
  206 |
  207 |           {paso === 'reconocimiento' && (

Parsing ecmascript source code failed

Import traces:
  Client Component Browser:
    ./app/onboarding/page.tsx [Client Component Browser]
    ./app/onboarding/page.tsx [Server Component]

  Client Component SSR:
    ./app/onboarding/page.tsx [Client Component SSR]
    ./app/onboarding/page.tsx [Server Component] @ http://localhost:3000/_next/static/chunks/node_modules_next_dist_1e8vcs8._.js:1052
[  355884ms] [ERROR] ./app/onboarding/page.tsx:204:13
Error: Expression expected
  202 |                 </div>
  203 |               </div>
> 204 |             </PantallaFunnel>
      |             ^
  205 |           )}
  206 |
  207 |           {paso === 'reconocimiento' && (

Parsing ecmascript source code failed

Import traces:
  Client Component Browser:
    ./app/onboarding/page.tsx [Client Component Browser]
    ./app/onboarding/page.tsx [Server Component]

  Client Component SSR:
    ./app/onboarding/page.tsx [Client Component SSR]
    ./app/onboarding/page.tsx [Server Component] @ http://localhost:3000/_next/static/chunks/node_modules_next_dist_1e8vcs8._.js:1052
[  355885ms] [ERROR] ./app/onboarding/page.tsx:204:14
Error: Unterminated regexp literal
  202 |                 </div>
  203 |               </div>
> 204 |             </PantallaFunnel>
      |              ^^^^^^^^^^^^^^^^
  205 |           )}
  206 |
  207 |           {paso === 'reconocimiento' && (

Parsing ecmascript source code failed

Import traces:
  Client Component Browser:
    ./app/onboarding/page.tsx [Client Component Browser]
    ./app/onboarding/page.tsx [Server Component]

  Client Component SSR:
    ./app/onboarding/page.tsx [Client Component SSR]
    ./app/onboarding/page.tsx [Server Component] @ http://localhost:3000/_next/static/chunks/node_modules_next_dist_1e8vcs8._.js:1052
[  355936ms] [ERROR] ./app/onboarding/page.tsx:204:13
Error: Expression expected
  202 |                 </div>
  203 |               </div>
> 204 |             </PantallaFunnel>
      |             ^
  205 |           )}
  206 |
  207 |           {paso === 'reconocimiento' && (

Parsing ecmascript source code failed

Import traces:
  Client Component Browser:
    ./app/onboarding/page.tsx [Client Component Browser]
    ./app/onboarding/page.tsx [Server Component]

  Client Component SSR:
    ./app/onboarding/page.tsx [Client Component SSR]
    ./app/onboarding/page.tsx [Server Component] @ http://localhost:3000/_next/static/chunks/node_modules_next_dist_1e8vcs8._.js:1052
[  355936ms] [ERROR] ./app/onboarding/page.tsx:204:14
Error: Unterminated regexp literal
  202 |                 </div>
  203 |               </div>
> 204 |             </PantallaFunnel>
      |              ^^^^^^^^^^^^^^^^
  205 |           )}
  206 |
  207 |           {paso === 'reconocimiento' && (

Parsing ecmascript source code failed

Import traces:
  Client Component Browser:
    ./app/onboarding/page.tsx [Client Component Browser]
    ./app/onboarding/page.tsx [Server Component]

  Client Component SSR:
    ./app/onboarding/page.tsx [Client Component SSR]
    ./app/onboarding/page.tsx [Server Component] @ http://localhost:3000/_next/static/chunks/node_modules_next_dist_1e8vcs8._.js:1052
[  355987ms] [ERROR] ./app/onboarding/page.tsx:204:13
Error: Expression expected
  202 |                 </div>
  203 |               </div>
> 204 |             </PantallaFunnel>
      |             ^
  205 |           )}
  206 |
  207 |           {paso === 'reconocimiento' && (

Parsing ecmascript source code failed

Import traces:
  Client Component Browser:
    ./app/onboarding/page.tsx [Client Component Browser]
    ./app/onboarding/page.tsx [Server Component]

  Client Component SSR:
    ./app/onboarding/page.tsx [Client Component SSR]
    ./app/onboarding/page.tsx [Server Component] @ http://localhost:3000/_next/static/chunks/node_modules_next_dist_1e8vcs8._.js:1052
[  355987ms] [ERROR] ./app/onboarding/page.tsx:204:14
Error: Unterminated regexp literal
  202 |                 </div>
  203 |               </div>
> 204 |             </PantallaFunnel>
      |              ^^^^^^^^^^^^^^^^
  205 |           )}
  206 |
  207 |           {paso === 'reconocimiento' && (

Parsing ecmascript source code failed

Import traces:
  Client Component Browser:
    ./app/onboarding/page.tsx [Client Component Browser]
    ./app/onboarding/page.tsx [Server Component]

  Client Component SSR:
    ./app/onboarding/page.tsx [Client Component SSR]
    ./app/onboarding/page.tsx [Server Component] @ http://localhost:3000/_next/static/chunks/node_modules_next_dist_1e8vcs8._.js:1052
[  356047ms] [ERROR] ./app/onboarding/page.tsx:204:13
Error: Expression expected
  202 |                 </div>
  203 |               </div>
> 204 |             </PantallaFunnel>
      |             ^
  205 |           )}
  206 |
  207 |           {paso === 'reconocimiento' && (

Parsing ecmascript source code failed

Import traces:
  Client Component Browser:
    ./app/onboarding/page.tsx [Client Component Browser]
    ./app/onboarding/page.tsx [Server Component]

  Client Component SSR:
    ./app/onboarding/page.tsx [Client Component SSR]
    ./app/onboarding/page.tsx [Server Component] @ http://localhost:3000/_next/static/chunks/node_modules_next_dist_1e8vcs8._.js:1052
[  356047ms] [ERROR] ./app/onboarding/page.tsx:204:14
Error: Unterminated regexp literal
  202 |                 </div>
  203 |               </div>
> 204 |             </PantallaFunnel>
      |              ^^^^^^^^^^^^^^^^
  205 |           )}
  206 |
  207 |           {paso === 'reconocimiento' && (

Parsing ecmascript source code failed

Import traces:
  Client Component Browser:
    ./app/onboarding/page.tsx [Client Component Browser]
    ./app/onboarding/page.tsx [Server Component]

  Client Component SSR:
    ./app/onboarding/page.tsx [Client Component SSR]
    ./app/onboarding/page.tsx [Server Component] @ http://localhost:3000/_next/static/chunks/node_modules_next_dist_1e8vcs8._.js:1052
[  356093ms] [ERROR] ./app/onboarding/page.tsx:204:13
Error: Expression expected
  202 |                 </div>
  203 |               </div>
> 204 |             </PantallaFunnel>
      |             ^
  205 |           )}
  206 |
  207 |           {paso === 'reconocimiento' && (

Parsing ecmascript source code failed

Import traces:
  Client Component Browser:
    ./app/onboarding/page.tsx [Client Component Browser]
    ./app/onboarding/page.tsx [Server Component]

  Client Component SSR:
    ./app/onboarding/page.tsx [Client Component SSR]
    ./app/onboarding/page.tsx [Server Component] @ http://localhost:3000/_next/static/chunks/node_modules_next_dist_1e8vcs8._.js:1052
[  356093ms] [ERROR] ./app/onboarding/page.tsx:204:14
Error: Unterminated regexp literal
  202 |                 </div>
  203 |               </div>
> 204 |             </PantallaFunnel>
      |              ^^^^^^^^^^^^^^^^
  205 |           )}
  206 |
  207 |           {paso === 'reconocimiento' && (

Parsing ecmascript source code failed

Import traces:
  Client Component Browser:
    ./app/onboarding/page.tsx [Client Component Browser]
    ./app/onboarding/page.tsx [Server Component]

  Client Component SSR:
    ./app/onboarding/page.tsx [Client Component SSR]
    ./app/onboarding/page.tsx [Server Component] @ http://localhost:3000/_next/static/chunks/node_modules_next_dist_1e8vcs8._.js:1052
[  356144ms] [ERROR] ./app/onboarding/page.tsx:204:13
Error: Expression expected
  202 |                 </div>
  203 |               </div>
> 204 |             </PantallaFunnel>
      |             ^
  205 |           )}
  206 |
  207 |           {paso === 'reconocimiento' && (

Parsing ecmascript source code failed

Import traces:
  Client Component Browser:
    ./app/onboarding/page.tsx [Client Component Browser]
    ./app/onboarding/page.tsx [Server Component]

  Client Component SSR:
    ./app/onboarding/page.tsx [Client Component SSR]
    ./app/onboarding/page.tsx [Server Component] @ http://localhost:3000/_next/static/chunks/node_modules_next_dist_1e8vcs8._.js:1052
[  356144ms] [ERROR] ./app/onboarding/page.tsx:204:14
Error: Unterminated regexp literal
  202 |                 </div>
  203 |               </div>
> 204 |             </PantallaFunnel>
      |              ^^^^^^^^^^^^^^^^
  205 |           )}
  206 |
  207 |           {paso === 'reconocimiento' && (

Parsing ecmascript source code failed

Import traces:
  Client Component Browser:
    ./app/onboarding/page.tsx [Client Component Browser]
    ./app/onboarding/page.tsx [Server Component]

  Client Component SSR:
    ./app/onboarding/page.tsx [Client Component SSR]
    ./app/onboarding/page.tsx [Server Component] @ http://localhost:3000/_next/static/chunks/node_modules_next_dist_1e8vcs8._.js:1052
[  356204ms] [ERROR] ./app/onboarding/page.tsx:204:13
Error: Expression expected
  202 |                 </div>
  203 |               </div>
> 204 |             </PantallaFunnel>
      |             ^
  205 |           )}
  206 |
  207 |           {paso === 'reconocimiento' && (

Parsing ecmascript source code failed

Import traces:
  Client Component Browser:
    ./app/onboarding/page.tsx [Client Component Browser]
    ./app/onboarding/page.tsx [Server Component]

  Client Component SSR:
    ./app/onboarding/page.tsx [Client Component SSR]
    ./app/onboarding/page.tsx [Server Component] @ http://localhost:3000/_next/static/chunks/node_modules_next_dist_1e8vcs8._.js:1052
[  356205ms] [ERROR] ./app/onboarding/page.tsx:204:14
Error: Unterminated regexp literal
  202 |                 </div>
  203 |               </div>
> 204 |             </PantallaFunnel>
      |              ^^^^^^^^^^^^^^^^
  205 |           )}
  206 |
  207 |           {paso === 'reconocimiento' && (

Parsing ecmascript source code failed

Import traces:
  Client Component Browser:
    ./app/onboarding/page.tsx [Client Component Browser]
    ./app/onboarding/page.tsx [Server Component]

  Client Component SSR:
    ./app/onboarding/page.tsx [Client Component SSR]
    ./app/onboarding/page.tsx [Server Component] @ http://localhost:3000/_next/static/chunks/node_modules_next_dist_1e8vcs8._.js:1052
[  356258ms] [ERROR] ./app/onboarding/page.tsx:204:13
Error: Expression expected
  202 |                 </div>
  203 |               </div>
> 204 |             </PantallaFunnel>
      |             ^
  205 |           )}
  206 |
  207 |           {paso === 'reconocimiento' && (

Parsing ecmascript source code failed

Import traces:
  Client Component Browser:
    ./app/onboarding/page.tsx [Client Component Browser]
    ./app/onboarding/page.tsx [Server Component]

  Client Component SSR:
    ./app/onboarding/page.tsx [Client Component SSR]
    ./app/onboarding/page.tsx [Server Component] @ http://localhost:3000/_next/static/chunks/node_modules_next_dist_1e8vcs8._.js:1052
[  356258ms] [ERROR] ./app/onboarding/page.tsx:204:14
Error: Unterminated regexp literal
  202 |                 </div>
  203 |               </div>
> 204 |             </PantallaFunnel>
      |              ^^^^^^^^^^^^^^^^
  205 |           )}
  206 |
  207 |           {paso === 'reconocimiento' && (

Parsing ecmascript source code failed

Import traces:
  Client Component Browser:
    ./app/onboarding/page.tsx [Client Component Browser]
    ./app/onboarding/page.tsx [Server Component]

  Client Component SSR:
    ./app/onboarding/page.tsx [Client Component SSR]
    ./app/onboarding/page.tsx [Server Component] @ http://localhost:3000/_next/static/chunks/node_modules_next_dist_1e8vcs8._.js:1052
[  356306ms] [ERROR] ./app/onboarding/page.tsx:204:13
Error: Expression expected
  202 |                 </div>
  203 |               </div>
> 204 |             </PantallaFunnel>
      |             ^
  205 |           )}
  206 |
  207 |           {paso === 'reconocimiento' && (

Parsing ecmascript source code failed

Import traces:
  Client Component Browser:
    ./app/onboarding/page.tsx [Client Component Browser]
    ./app/onboarding/page.tsx [Server Component]

  Client Component SSR:
    ./app/onboarding/page.tsx [Client Component SSR]
    ./app/onboarding/page.tsx [Server Component] @ http://localhost:3000/_next/static/chunks/node_modules_next_dist_1e8vcs8._.js:1052
[  356307ms] [ERROR] ./app/onboarding/page.tsx:204:14
Error: Unterminated regexp literal
  202 |                 </div>
  203 |               </div>
> 204 |             </PantallaFunnel>
      |              ^^^^^^^^^^^^^^^^
  205 |           )}
  206 |
  207 |           {paso === 'reconocimiento' && (

Parsing ecmascript source code failed

Import traces:
  Client Component Browser:
    ./app/onboarding/page.tsx [Client Component Browser]
    ./app/onboarding/page.tsx [Server Component]

  Client Component SSR:
    ./app/onboarding/page.tsx [Client Component SSR]
    ./app/onboarding/page.tsx [Server Component] @ http://localhost:3000/_next/static/chunks/node_modules_next_dist_1e8vcs8._.js:1052
[  356355ms] [ERROR] ./app/onboarding/page.tsx:204:13
Error: Expression expected
  202 |                 </div>
  203 |               </div>
> 204 |             </PantallaFunnel>
      |             ^
  205 |           )}
  206 |
  207 |           {paso === 'reconocimiento' && (

Parsing ecmascript source code failed

Import traces:
  Client Component Browser:
    ./app/onboarding/page.tsx [Client Component Browser]
    ./app/onboarding/page.tsx [Server Component]

  Client Component SSR:
    ./app/onboarding/page.tsx [Client Component SSR]
    ./app/onboarding/page.tsx [Server Component] @ http://localhost:3000/_next/static/chunks/node_modules_next_dist_1e8vcs8._.js:1052
[  356356ms] [ERROR] ./app/onboarding/page.tsx:204:14
Error: Unterminated regexp literal
  202 |                 </div>
  203 |               </div>
> 204 |             </PantallaFunnel>
      |              ^^^^^^^^^^^^^^^^
  205 |           )}
  206 |
  207 |           {paso === 'reconocimiento' && (

Parsing ecmascript source code failed

Import traces:
  Client Component Browser:
    ./app/onboarding/page.tsx [Client Component Browser]
    ./app/onboarding/page.tsx [Server Component]

  Client Component SSR:
    ./app/onboarding/page.tsx [Client Component SSR]
    ./app/onboarding/page.tsx [Server Component] @ http://localhost:3000/_next/static/chunks/node_modules_next_dist_1e8vcs8._.js:1052
[  356404ms] [ERROR] ./app/onboarding/page.tsx:204:13
Error: Expression expected
  202 |                 </div>
  203 |               </div>
> 204 |             </PantallaFunnel>
      |             ^
  205 |           )}
  206 |
  207 |           {paso === 'reconocimiento' && (

Parsing ecmascript source code failed

Import traces:
  Client Component Browser:
    ./app/onboarding/page.tsx [Client Component Browser]
    ./app/onboarding/page.tsx [Server Component]

  Client Component SSR:
    ./app/onboarding/page.tsx [Client Component SSR]
    ./app/onboarding/page.tsx [Server Component] @ http://localhost:3000/_next/static/chunks/node_modules_next_dist_1e8vcs8._.js:1052
[  356404ms] [ERROR] ./app/onboarding/page.tsx:204:14
Error: Unterminated regexp literal
  202 |                 </div>
  203 |               </div>
> 204 |             </PantallaFunnel>
      |              ^^^^^^^^^^^^^^^^
  205 |           )}
  206 |
  207 |           {paso === 'reconocimiento' && (

Parsing ecmascript source code failed

Import traces:
  Client Component Browser:
    ./app/onboarding/page.tsx [Client Component Browser]
    ./app/onboarding/page.tsx [Server Component]

  Client Component SSR:
    ./app/onboarding/page.tsx [Client Component SSR]
    ./app/onboarding/page.tsx [Server Component] @ http://localhost:3000/_next/static/chunks/node_modules_next_dist_1e8vcs8._.js:1052
[  356452ms] [ERROR] ./app/onboarding/page.tsx:204:13
Error: Expression expected
  202 |                 </div>
  203 |               </div>
> 204 |             </PantallaFunnel>
      |             ^
  205 |           )}
  206 |
  207 |           {paso === 'reconocimiento' && (

Parsing ecmascript source code failed

Import traces:
  Client Component Browser:
    ./app/onboarding/page.tsx [Client Component Browser]
    ./app/onboarding/page.tsx [Server Component]

  Client Component SSR:
    ./app/onboarding/page.tsx [Client Component SSR]
    ./app/onboarding/page.tsx [Server Component] @ http://localhost:3000/_next/static/chunks/node_modules_next_dist_1e8vcs8._.js:1052
[  356454ms] [ERROR] ./app/onboarding/page.tsx:204:14
Error: Unterminated regexp literal
  202 |                 </div>
  203 |               </div>
> 204 |             </PantallaFunnel>
      |              ^^^^^^^^^^^^^^^^
  205 |           )}
  206 |
  207 |           {paso === 'reconocimiento' && (

Parsing ecmascript source code failed

Import traces:
  Client Component Browser:
    ./app/onboarding/page.tsx [Client Component Browser]
    ./app/onboarding/page.tsx [Server Component]

  Client Component SSR:
    ./app/onboarding/page.tsx [Client Component SSR]
    ./app/onboarding/page.tsx [Server Component] @ http://localhost:3000/_next/static/chunks/node_modules_next_dist_1e8vcs8._.js:1052
[  356504ms] [ERROR] ./app/onboarding/page.tsx:204:13
Error: Expression expected
  202 |                 </div>
  203 |               </div>
> 204 |             </PantallaFunnel>
      |             ^
  205 |           )}
  206 |
  207 |           {paso === 'reconocimiento' && (

Parsing ecmascript source code failed

Import traces:
  Client Component Browser:
    ./app/onboarding/page.tsx [Client Component Browser]
    ./app/onboarding/page.tsx [Server Component]

  Client Component SSR:
    ./app/onboarding/page.tsx [Client Component SSR]
    ./app/onboarding/page.tsx [Server Component] @ http://localhost:3000/_next/static/chunks/node_modules_next_dist_1e8vcs8._.js:1052
[  356504ms] [ERROR] ./app/onboarding/page.tsx:204:14
Error: Unterminated regexp literal
  202 |                 </div>
  203 |               </div>
> 204 |             </PantallaFunnel>
      |              ^^^^^^^^^^^^^^^^
  205 |           )}
  206 |
  207 |           {paso === 'reconocimiento' && (

Parsing ecmascript source code failed

Import traces:
  Client Component Browser:
    ./app/onboarding/page.tsx [Client Component Browser]
    ./app/onboarding/page.tsx [Server Component]

  Client Component SSR:
    ./app/onboarding/page.tsx [Client Component SSR]
    ./app/onboarding/page.tsx [Server Component] @ http://localhost:3000/_next/static/chunks/node_modules_next_dist_1e8vcs8._.js:1052
[  356568ms] [ERROR] ./app/onboarding/page.tsx:204:13
Error: Expression expected
  202 |                 </div>
  203 |               </div>
> 204 |             </PantallaFunnel>
      |             ^
  205 |           )}
  206 |
  207 |           {paso === 'reconocimiento' && (

Parsing ecmascript source code failed

Import traces:
  Client Component Browser:
    ./app/onboarding/page.tsx [Client Component Browser]
    ./app/onboarding/page.tsx [Server Component]

  Client Component SSR:
    ./app/onboarding/page.tsx [Client Component SSR]
    ./app/onboarding/page.tsx [Server Component] @ http://localhost:3000/_next/static/chunks/node_modules_next_dist_1e8vcs8._.js:1052
[  356569ms] [ERROR] ./app/onboarding/page.tsx:204:14
Error: Unterminated regexp literal
  202 |                 </div>
  203 |               </div>
> 204 |             </PantallaFunnel>
      |              ^^^^^^^^^^^^^^^^
  205 |           )}
  206 |
  207 |           {paso === 'reconocimiento' && (

Parsing ecmascript source code failed

Import traces:
  Client Component Browser:
    ./app/onboarding/page.tsx [Client Component Browser]
    ./app/onboarding/page.tsx [Server Component]

  Client Component SSR:
    ./app/onboarding/page.tsx [Client Component SSR]
    ./app/onboarding/page.tsx [Server Component] @ http://localhost:3000/_next/static/chunks/node_modules_next_dist_1e8vcs8._.js:1052
[  356634ms] [ERROR] ./app/onboarding/page.tsx:204:13
Error: Expression expected
  202 |                 </div>
  203 |               </div>
> 204 |             </PantallaFunnel>
      |             ^
  205 |           )}
  206 |
  207 |           {paso === 'reconocimiento' && (

Parsing ecmascript source code failed

Import traces:
  Client Component Browser:
    ./app/onboarding/page.tsx [Client Component Browser]
    ./app/onboarding/page.tsx [Server Component]

  Client Component SSR:
    ./app/onboarding/page.tsx [Client Component SSR]
    ./app/onboarding/page.tsx [Server Component] @ http://localhost:3000/_next/static/chunks/node_modules_next_dist_1e8vcs8._.js:1052
[  356636ms] [ERROR] ./app/onboarding/page.tsx:204:14
Error: Unterminated regexp literal
  202 |                 </div>
  203 |               </div>
> 204 |             </PantallaFunnel>
      |              ^^^^^^^^^^^^^^^^
  205 |           )}
  206 |
  207 |           {paso === 'reconocimiento' && (

Parsing ecmascript source code failed

Import traces:
  Client Component Browser:
    ./app/onboarding/page.tsx [Client Component Browser]
    ./app/onboarding/page.tsx [Server Component]

  Client Component SSR:
    ./app/onboarding/page.tsx [Client Component SSR]
    ./app/onboarding/page.tsx [Server Component] @ http://localhost:3000/_next/static/chunks/node_modules_next_dist_1e8vcs8._.js:1052
[  356699ms] [ERROR] ./app/onboarding/page.tsx:204:13
Error: Expression expected
  202 |                 </div>
  203 |               </div>
> 204 |             </PantallaFunnel>
      |             ^
  205 |           )}
  206 |
  207 |           {paso === 'reconocimiento' && (

Parsing ecmascript source code failed

Import traces:
  Client Component Browser:
    ./app/onboarding/page.tsx [Client Component Browser]
    ./app/onboarding/page.tsx [Server Component]

  Client Component SSR:
    ./app/onboarding/page.tsx [Client Component SSR]
    ./app/onboarding/page.tsx [Server Component] @ http://localhost:3000/_next/static/chunks/node_modules_next_dist_1e8vcs8._.js:1052
[  356701ms] [ERROR] ./app/onboarding/page.tsx:204:14
Error: Unterminated regexp literal
  202 |                 </div>
  203 |               </div>
> 204 |             </PantallaFunnel>
      |              ^^^^^^^^^^^^^^^^
  205 |           )}
  206 |
  207 |           {paso === 'reconocimiento' && (

Parsing ecmascript source code failed

Import traces:
  Client Component Browser:
    ./app/onboarding/page.tsx [Client Component Browser]
    ./app/onboarding/page.tsx [Server Component]

  Client Component SSR:
    ./app/onboarding/page.tsx [Client Component SSR]
    ./app/onboarding/page.tsx [Server Component] @ http://localhost:3000/_next/static/chunks/node_modules_next_dist_1e8vcs8._.js:1052
[  356749ms] [ERROR] ./app/onboarding/page.tsx:204:13
Error: Expression expected
  202 |                 </div>
  203 |               </div>
> 204 |             </PantallaFunnel>
      |             ^
  205 |           )}
  206 |
  207 |           {paso === 'reconocimiento' && (

Parsing ecmascript source code failed

Import traces:
  Client Component Browser:
    ./app/onboarding/page.tsx [Client Component Browser]
    ./app/onboarding/page.tsx [Server Component]

  Client Component SSR:
    ./app/onboarding/page.tsx [Client Component SSR]
    ./app/onboarding/page.tsx [Server Component] @ http://localhost:3000/_next/static/chunks/node_modules_next_dist_1e8vcs8._.js:1052
[  356750ms] [ERROR] ./app/onboarding/page.tsx:204:14
Error: Unterminated regexp literal
  202 |                 </div>
  203 |               </div>
> 204 |             </PantallaFunnel>
      |              ^^^^^^^^^^^^^^^^
  205 |           )}
  206 |
  207 |           {paso === 'reconocimiento' && (

Parsing ecmascript source code failed

Import traces:
  Client Component Browser:
    ./app/onboarding/page.tsx [Client Component Browser]
    ./app/onboarding/page.tsx [Server Component]

  Client Component SSR:
    ./app/onboarding/page.tsx [Client Component SSR]
    ./app/onboarding/page.tsx [Server Component] @ http://localhost:3000/_next/static/chunks/node_modules_next_dist_1e8vcs8._.js:1052
[  356805ms] [ERROR] ./app/onboarding/page.tsx:204:13
Error: Expression expected
  202 |                 </div>
  203 |               </div>
> 204 |             </PantallaFunnel>
      |             ^
  205 |           )}
  206 |
  207 |           {paso === 'reconocimiento' && (

Parsing ecmascript source code failed

Import traces:
  Client Component Browser:
    ./app/onboarding/page.tsx [Client Component Browser]
    ./app/onboarding/page.tsx [Server Component]

  Client Component SSR:
    ./app/onboarding/page.tsx [Client Component SSR]
    ./app/onboarding/page.tsx [Server Component] @ http://localhost:3000/_next/static/chunks/node_modules_next_dist_1e8vcs8._.js:1052
[  356805ms] [ERROR] ./app/onboarding/page.tsx:204:14
Error: Unterminated regexp literal
  202 |                 </div>
  203 |               </div>
> 204 |             </PantallaFunnel>
      |              ^^^^^^^^^^^^^^^^
  205 |           )}
  206 |
  207 |           {paso === 'reconocimiento' && (

Parsing ecmascript source code failed

Import traces:
  Client Component Browser:
    ./app/onboarding/page.tsx [Client Component Browser]
    ./app/onboarding/page.tsx [Server Component]

  Client Component SSR:
    ./app/onboarding/page.tsx [Client Component SSR]
    ./app/onboarding/page.tsx [Server Component] @ http://localhost:3000/_next/static/chunks/node_modules_next_dist_1e8vcs8._.js:1052
[  356856ms] [ERROR] ./app/onboarding/page.tsx:204:13
Error: Expression expected
  202 |                 </div>
  203 |               </div>
> 204 |             </PantallaFunnel>
      |             ^
  205 |           )}
  206 |
  207 |           {paso === 'reconocimiento' && (

Parsing ecmascript source code failed

Import traces:
  Client Component Browser:
    ./app/onboarding/page.tsx [Client Component Browser]
    ./app/onboarding/page.tsx [Server Component]

  Client Component SSR:
    ./app/onboarding/page.tsx [Client Component SSR]
    ./app/onboarding/page.tsx [Server Component] @ http://localhost:3000/_next/static/chunks/node_modules_next_dist_1e8vcs8._.js:1052
[  356856ms] [ERROR] ./app/onboarding/page.tsx:204:14
Error: Unterminated regexp literal
  202 |                 </div>
  203 |               </div>
> 204 |             </PantallaFunnel>
      |              ^^^^^^^^^^^^^^^^
  205 |           )}
  206 |
  207 |           {paso === 'reconocimiento' && (

Parsing ecmascript source code failed

Import traces:
  Client Component Browser:
    ./app/onboarding/page.tsx [Client Component Browser]
    ./app/onboarding/page.tsx [Server Component]

  Client Component SSR:
    ./app/onboarding/page.tsx [Client Component SSR]
    ./app/onboarding/page.tsx [Server Component] @ http://localhost:3000/_next/static/chunks/node_modules_next_dist_1e8vcs8._.js:1052
[  356902ms] [ERROR] ./app/onboarding/page.tsx:204:13
Error: Expression expected
  202 |                 </div>
  203 |               </div>
> 204 |             </PantallaFunnel>
      |             ^
  205 |           )}
  206 |
  207 |           {paso === 'reconocimiento' && (

Parsing ecmascript source code failed

Import traces:
  Client Component Browser:
    ./app/onboarding/page.tsx [Client Component Browser]
    ./app/onboarding/page.tsx [Server Component]

  Client Component SSR:
    ./app/onboarding/page.tsx [Client Component SSR]
    ./app/onboarding/page.tsx [Server Component] @ http://localhost:3000/_next/static/chunks/node_modules_next_dist_1e8vcs8._.js:1052
[  356902ms] [ERROR] ./app/onboarding/page.tsx:204:14
Error: Unterminated regexp literal
  202 |                 </div>
  203 |               </div>
> 204 |             </PantallaFunnel>
      |              ^^^^^^^^^^^^^^^^
  205 |           )}
  206 |
  207 |           {paso === 'reconocimiento' && (

Parsing ecmascript source code failed

Import traces:
  Client Component Browser:
    ./app/onboarding/page.tsx [Client Component Browser]
    ./app/onboarding/page.tsx [Server Component]

  Client Component SSR:
    ./app/onboarding/page.tsx [Client Component SSR]
    ./app/onboarding/page.tsx [Server Component] @ http://localhost:3000/_next/static/chunks/node_modules_next_dist_1e8vcs8._.js:1052
[  356945ms] [ERROR] ./app/onboarding/page.tsx:204:13
Error: Expression expected
  202 |                 </div>
  203 |               </div>
> 204 |             </PantallaFunnel>
      |             ^
  205 |           )}
  206 |
  207 |           {paso === 'reconocimiento' && (

Parsing ecmascript source code failed

Import traces:
  Client Component Browser:
    ./app/onboarding/page.tsx [Client Component Browser]
    ./app/onboarding/page.tsx [Server Component]

  Client Component SSR:
    ./app/onboarding/page.tsx [Client Component SSR]
    ./app/onboarding/page.tsx [Server Component] @ http://localhost:3000/_next/static/chunks/node_modules_next_dist_1e8vcs8._.js:1052
[  356947ms] [ERROR] ./app/onboarding/page.tsx:204:14
Error: Unterminated regexp literal
  202 |                 </div>
  203 |               </div>
> 204 |             </PantallaFunnel>
      |              ^^^^^^^^^^^^^^^^
  205 |           )}
  206 |
  207 |           {paso === 'reconocimiento' && (

Parsing ecmascript source code failed

Import traces:
  Client Component Browser:
    ./app/onboarding/page.tsx [Client Component Browser]
    ./app/onboarding/page.tsx [Server Component]

  Client Component SSR:
    ./app/onboarding/page.tsx [Client Component SSR]
    ./app/onboarding/page.tsx [Server Component] @ http://localhost:3000/_next/static/chunks/node_modules_next_dist_1e8vcs8._.js:1052
[  356991ms] [ERROR] ./app/onboarding/page.tsx:204:13
Error: Expression expected
  202 |                 </div>
  203 |               </div>
> 204 |             </PantallaFunnel>
      |             ^
  205 |           )}
  206 |
  207 |           {paso === 'reconocimiento' && (

Parsing ecmascript source code failed

Import traces:
  Client Component Browser:
    ./app/onboarding/page.tsx [Client Component Browser]
    ./app/onboarding/page.tsx [Server Component]

  Client Component SSR:
    ./app/onboarding/page.tsx [Client Component SSR]
    ./app/onboarding/page.tsx [Server Component] @ http://localhost:3000/_next/static/chunks/node_modules_next_dist_1e8vcs8._.js:1052
[  356992ms] [ERROR] ./app/onboarding/page.tsx:204:14
Error: Unterminated regexp literal
  202 |                 </div>
  203 |               </div>
> 204 |             </PantallaFunnel>
      |              ^^^^^^^^^^^^^^^^
  205 |           )}
  206 |
  207 |           {paso === 'reconocimiento' && (

Parsing ecmascript source code failed

Import traces:
  Client Component Browser:
    ./app/onboarding/page.tsx [Client Component Browser]
    ./app/onboarding/page.tsx [Server Component]

  Client Component SSR:
    ./app/onboarding/page.tsx [Client Component SSR]
    ./app/onboarding/page.tsx [Server Component] @ http://localhost:3000/_next/static/chunks/node_modules_next_dist_1e8vcs8._.js:1052
[  357043ms] [ERROR] ./app/onboarding/page.tsx:204:13
Error: Expression expected
  202 |                 </div>
  203 |               </div>
> 204 |             </PantallaFunnel>
      |             ^
  205 |           )}
  206 |
  207 |           {paso === 'reconocimiento' && (

Parsing ecmascript source code failed

Import traces:
  Client Component Browser:
    ./app/onboarding/page.tsx [Client Component Browser]
    ./app/onboarding/page.tsx [Server Component]

  Client Component SSR:
    ./app/onboarding/page.tsx [Client Component SSR]
    ./app/onboarding/page.tsx [Server Component] @ http://localhost:3000/_next/static/chunks/node_modules_next_dist_1e8vcs8._.js:1052
[  357043ms] [ERROR] ./app/onboarding/page.tsx:204:14
Error: Unterminated regexp literal
  202 |                 </div>
  203 |               </div>
> 204 |             </PantallaFunnel>
      |              ^^^^^^^^^^^^^^^^
  205 |           )}
  206 |
  207 |           {paso === 'reconocimiento' && (

Parsing ecmascript source code failed

Import traces:
  Client Component Browser:
    ./app/onboarding/page.tsx [Client Component Browser]
    ./app/onboarding/page.tsx [Server Component]

  Client Component SSR:
    ./app/onboarding/page.tsx [Client Component SSR]
    ./app/onboarding/page.tsx [Server Component] @ http://localhost:3000/_next/static/chunks/node_modules_next_dist_1e8vcs8._.js:1052
[  357102ms] [ERROR] ./app/onboarding/page.tsx:204:13
Error: Expression expected
  202 |                 </div>
  203 |               </div>
> 204 |             </PantallaFunnel>
      |             ^
  205 |           )}
  206 |
  207 |           {paso === 'reconocimiento' && (

Parsing ecmascript source code failed

Import traces:
  Client Component Browser:
    ./app/onboarding/page.tsx [Client Component Browser]
    ./app/onboarding/page.tsx [Server Component]

  Client Component SSR:
    ./app/onboarding/page.tsx [Client Component SSR]
    ./app/onboarding/page.tsx [Server Component] @ http://localhost:3000/_next/static/chunks/node_modules_next_dist_1e8vcs8._.js:1052
[  357102ms] [ERROR] ./app/onboarding/page.tsx:204:14
Error: Unterminated regexp literal
  202 |                 </div>
  203 |               </div>
> 204 |             </PantallaFunnel>
      |              ^^^^^^^^^^^^^^^^
  205 |           )}
  206 |
  207 |           {paso === 'reconocimiento' && (

Parsing ecmascript source code failed

Import traces:
  Client Component Browser:
    ./app/onboarding/page.tsx [Client Component Browser]
    ./app/onboarding/page.tsx [Server Component]

  Client Component SSR:
    ./app/onboarding/page.tsx [Client Component SSR]
    ./app/onboarding/page.tsx [Server Component] @ http://localhost:3000/_next/static/chunks/node_modules_next_dist_1e8vcs8._.js:1052
[  357166ms] [ERROR] ./app/onboarding/page.tsx:204:13
Error: Expression expected
  202 |                 </div>
  203 |               </div>
> 204 |             </PantallaFunnel>
      |             ^
  205 |           )}
  206 |
  207 |           {paso === 'reconocimiento' && (

Parsing ecmascript source code failed

Import traces:
  Client Component Browser:
    ./app/onboarding/page.tsx [Client Component Browser]
    ./app/onboarding/page.tsx [Server Component]

  Client Component SSR:
    ./app/onboarding/page.tsx [Client Component SSR]
    ./app/onboarding/page.tsx [Server Component] @ http://localhost:3000/_next/static/chunks/node_modules_next_dist_1e8vcs8._.js:1052
[  357168ms] [ERROR] ./app/onboarding/page.tsx:204:14
Error: Unterminated regexp literal
  202 |                 </div>
  203 |               </div>
> 204 |             </PantallaFunnel>
      |              ^^^^^^^^^^^^^^^^
  205 |           )}
  206 |
  207 |           {paso === 'reconocimiento' && (

Parsing ecmascript source code failed

Import traces:
  Client Component Browser:
    ./app/onboarding/page.tsx [Client Component Browser]
    ./app/onboarding/page.tsx [Server Component]

  Client Component SSR:
    ./app/onboarding/page.tsx [Client Component SSR]
    ./app/onboarding/page.tsx [Server Component] @ http://localhost:3000/_next/static/chunks/node_modules_next_dist_1e8vcs8._.js:1052
[  357224ms] [ERROR] ./app/onboarding/page.tsx:204:13
Error: Expression expected
  202 |                 </div>
  203 |               </div>
> 204 |             </PantallaFunnel>
      |             ^
  205 |           )}
  206 |
  207 |           {paso === 'reconocimiento' && (

Parsing ecmascript source code failed

Import traces:
  Client Component Browser:
    ./app/onboarding/page.tsx [Client Component Browser]
    ./app/onboarding/page.tsx [Server Component]

  Client Component SSR:
    ./app/onboarding/page.tsx [Client Component SSR]
    ./app/onboarding/page.tsx [Server Component] @ http://localhost:3000/_next/static/chunks/node_modules_next_dist_1e8vcs8._.js:1052
[  357225ms] [ERROR] ./app/onboarding/page.tsx:204:14
Error: Unterminated regexp literal
  202 |                 </div>
  203 |               </div>
> 204 |             </PantallaFunnel>
      |              ^^^^^^^^^^^^^^^^
  205 |           )}
  206 |
  207 |           {paso === 'reconocimiento' && (

Parsing ecmascript source code failed

Import traces:
  Client Component Browser:
    ./app/onboarding/page.tsx [Client Component Browser]
    ./app/onboarding/page.tsx [Server Component]

  Client Component SSR:
    ./app/onboarding/page.tsx [Client Component SSR]
    ./app/onboarding/page.tsx [Server Component] @ http://localhost:3000/_next/static/chunks/node_modules_next_dist_1e8vcs8._.js:1052
[  357270ms] [ERROR] ./app/onboarding/page.tsx:204:13
Error: Expression expected
  202 |                 </div>
  203 |               </div>
> 204 |             </PantallaFunnel>
      |             ^
  205 |           )}
  206 |
  207 |           {paso === 'reconocimiento' && (

Parsing ecmascript source code failed

Import traces:
  Client Component Browser:
    ./app/onboarding/page.tsx [Client Component Browser]
    ./app/onboarding/page.tsx [Server Component]

  Client Component SSR:
    ./app/onboarding/page.tsx [Client Component SSR]
    ./app/onboarding/page.tsx [Server Component] @ http://localhost:3000/_next/static/chunks/node_modules_next_dist_1e8vcs8._.js:1052
[  357271ms] [ERROR] ./app/onboarding/page.tsx:204:14
Error: Unterminated regexp literal
  202 |                 </div>
  203 |               </div>
> 204 |             </PantallaFunnel>
      |              ^^^^^^^^^^^^^^^^
  205 |           )}
  206 |
  207 |           {paso === 'reconocimiento' && (

Parsing ecmascript source code failed

Import traces:
  Client Component Browser:
    ./app/onboarding/page.tsx [Client Component Browser]
    ./app/onboarding/page.tsx [Server Component]

  Client Component SSR:
    ./app/onboarding/page.tsx [Client Component SSR]
    ./app/onboarding/page.tsx [Server Component] @ http://localhost:3000/_next/static/chunks/node_modules_next_dist_1e8vcs8._.js:1052
[  357320ms] [ERROR] ./app/onboarding/page.tsx:204:13
Error: Expression expected
  202 |                 </div>
  203 |               </div>
> 204 |             </PantallaFunnel>
      |             ^
  205 |           )}
  206 |
  207 |           {paso === 'reconocimiento' && (

Parsing ecmascript source code failed

Import traces:
  Client Component Browser:
    ./app/onboarding/page.tsx [Client Component Browser]
    ./app/onboarding/page.tsx [Server Component]

  Client Component SSR:
    ./app/onboarding/page.tsx [Client Component SSR]
    ./app/onboarding/page.tsx [Server Component] @ http://localhost:3000/_next/static/chunks/node_modules_next_dist_1e8vcs8._.js:1052
[  357321ms] [ERROR] ./app/onboarding/page.tsx:204:14
Error: Unterminated regexp literal
  202 |                 </div>
  203 |               </div>
> 204 |             </PantallaFunnel>
      |              ^^^^^^^^^^^^^^^^
  205 |           )}
  206 |
  207 |           {paso === 'reconocimiento' && (

Parsing ecmascript source code failed

Import traces:
  Client Component Browser:
    ./app/onboarding/page.tsx [Client Component Browser]
    ./app/onboarding/page.tsx [Server Component]

  Client Component SSR:
    ./app/onboarding/page.tsx [Client Component SSR]
    ./app/onboarding/page.tsx [Server Component] @ http://localhost:3000/_next/static/chunks/node_modules_next_dist_1e8vcs8._.js:1052
[  357373ms] [ERROR] ./app/onboarding/page.tsx:204:13
Error: Expression expected
  202 |                 </div>
  203 |               </div>
> 204 |             </PantallaFunnel>
      |             ^
  205 |           )}
  206 |
  207 |           {paso === 'reconocimiento' && (

Parsing ecmascript source code failed

Import traces:
  Client Component Browser:
    ./app/onboarding/page.tsx [Client Component Browser]
    ./app/onboarding/page.tsx [Server Component]

  Client Component SSR:
    ./app/onboarding/page.tsx [Client Component SSR]
    ./app/onboarding/page.tsx [Server Component] @ http://localhost:3000/_next/static/chunks/node_modules_next_dist_1e8vcs8._.js:1052
[  357374ms] [ERROR] ./app/onboarding/page.tsx:204:14
Error: Unterminated regexp literal
  202 |                 </div>
  203 |               </div>
> 204 |             </PantallaFunnel>
      |              ^^^^^^^^^^^^^^^^
  205 |           )}
  206 |
  207 |           {paso === 'reconocimiento' && (

Parsing ecmascript source code failed

Import traces:
  Client Component Browser:
    ./app/onboarding/page.tsx [Client Component Browser]
    ./app/onboarding/page.tsx [Server Component]

  Client Component SSR:
    ./app/onboarding/page.tsx [Client Component SSR]
    ./app/onboarding/page.tsx [Server Component] @ http://localhost:3000/_next/static/chunks/node_modules_next_dist_1e8vcs8._.js:1052
[  357421ms] [ERROR] ./app/onboarding/page.tsx:204:13
Error: Expression expected
  202 |                 </div>
  203 |               </div>
> 204 |             </PantallaFunnel>
      |             ^
  205 |           )}
  206 |
  207 |           {paso === 'reconocimiento' && (

Parsing ecmascript source code failed

Import traces:
  Client Component Browser:
    ./app/onboarding/page.tsx [Client Component Browser]
    ./app/onboarding/page.tsx [Server Component]

  Client Component SSR:
    ./app/onboarding/page.tsx [Client Component SSR]
    ./app/onboarding/page.tsx [Server Component] @ http://localhost:3000/_next/static/chunks/node_modules_next_dist_1e8vcs8._.js:1052
[  357421ms] [ERROR] ./app/onboarding/page.tsx:204:14
Error: Unterminated regexp literal
  202 |                 </div>
  203 |               </div>
> 204 |             </PantallaFunnel>
      |              ^^^^^^^^^^^^^^^^
  205 |           )}
  206 |
  207 |           {paso === 'reconocimiento' && (

Parsing ecmascript source code failed

Import traces:
  Client Component Browser:
    ./app/onboarding/page.tsx [Client Component Browser]
    ./app/onboarding/page.tsx [Server Component]

  Client Component SSR:
    ./app/onboarding/page.tsx [Client Component SSR]
    ./app/onboarding/page.tsx [Server Component] @ http://localhost:3000/_next/static/chunks/node_modules_next_dist_1e8vcs8._.js:1052
[  357469ms] [ERROR] ./app/onboarding/page.tsx:204:13
Error: Expression expected
  202 |                 </div>
  203 |               </div>
> 204 |             </PantallaFunnel>
      |             ^
  205 |           )}
  206 |
  207 |           {paso === 'reconocimiento' && (

Parsing ecmascript source code failed

Import traces:
  Client Component Browser:
    ./app/onboarding/page.tsx [Client Component Browser]
    ./app/onboarding/page.tsx [Server Component]

  Client Component SSR:
    ./app/onboarding/page.tsx [Client Component SSR]
    ./app/onboarding/page.tsx [Server Component] @ http://localhost:3000/_next/static/chunks/node_modules_next_dist_1e8vcs8._.js:1052
[  357469ms] [ERROR] ./app/onboarding/page.tsx:204:14
Error: Unterminated regexp literal
  202 |                 </div>
  203 |               </div>
> 204 |             </PantallaFunnel>
      |              ^^^^^^^^^^^^^^^^
  205 |           )}
  206 |
  207 |           {paso === 'reconocimiento' && (

Parsing ecmascript source code failed

Import traces:
  Client Component Browser:
    ./app/onboarding/page.tsx [Client Component Browser]
    ./app/onboarding/page.tsx [Server Component]

  Client Component SSR:
    ./app/onboarding/page.tsx [Client Component SSR]
    ./app/onboarding/page.tsx [Server Component] @ http://localhost:3000/_next/static/chunks/node_modules_next_dist_1e8vcs8._.js:1052
[  357518ms] [ERROR] ./app/onboarding/page.tsx:204:13
Error: Expression expected
  202 |                 </div>
  203 |               </div>
> 204 |             </PantallaFunnel>
      |             ^
  205 |           )}
  206 |
  207 |           {paso === 'reconocimiento' && (

Parsing ecmascript source code failed

Import traces:
  Client Component Browser:
    ./app/onboarding/page.tsx [Client Component Browser]
    ./app/onboarding/page.tsx [Server Component]

  Client Component SSR:
    ./app/onboarding/page.tsx [Client Component SSR]
    ./app/onboarding/page.tsx [Server Component] @ http://localhost:3000/_next/static/chunks/node_modules_next_dist_1e8vcs8._.js:1052
[  357518ms] [ERROR] ./app/onboarding/page.tsx:204:14
Error: Unterminated regexp literal
  202 |                 </div>
  203 |               </div>
> 204 |             </PantallaFunnel>
      |              ^^^^^^^^^^^^^^^^
  205 |           )}
  206 |
  207 |           {paso === 'reconocimiento' && (

Parsing ecmascript source code failed

Import traces:
  Client Component Browser:
    ./app/onboarding/page.tsx [Client Component Browser]
    ./app/onboarding/page.tsx [Server Component]

  Client Component SSR:
    ./app/onboarding/page.tsx [Client Component SSR]
    ./app/onboarding/page.tsx [Server Component] @ http://localhost:3000/_next/static/chunks/node_modules_next_dist_1e8vcs8._.js:1052
[  357568ms] [ERROR] ./app/onboarding/page.tsx:204:13
Error: Expression expected
  202 |                 </div>
  203 |               </div>
> 204 |             </PantallaFunnel>
      |             ^
  205 |           )}
  206 |
  207 |           {paso === 'reconocimiento' && (

Parsing ecmascript source code failed

Import traces:
  Client Component Browser:
    ./app/onboarding/page.tsx [Client Component Browser]
    ./app/onboarding/page.tsx [Server Component]

  Client Component SSR:
    ./app/onboarding/page.tsx [Client Component SSR]
    ./app/onboarding/page.tsx [Server Component] @ http://localhost:3000/_next/static/chunks/node_modules_next_dist_1e8vcs8._.js:1052
[  357568ms] [ERROR] ./app/onboarding/page.tsx:204:14
Error: Unterminated regexp literal
  202 |                 </div>
  203 |               </div>
> 204 |             </PantallaFunnel>
      |              ^^^^^^^^^^^^^^^^
  205 |           )}
  206 |
  207 |           {paso === 'reconocimiento' && (

Parsing ecmascript source code failed

Import traces:
  Client Component Browser:
    ./app/onboarding/page.tsx [Client Component Browser]
    ./app/onboarding/page.tsx [Server Component]

  Client Component SSR:
    ./app/onboarding/page.tsx [Client Component SSR]
    ./app/onboarding/page.tsx [Server Component] @ http://localhost:3000/_next/static/chunks/node_modules_next_dist_1e8vcs8._.js:1052
[  357614ms] [ERROR] ./app/onboarding/page.tsx:204:13
Error: Expression expected
  202 |                 </div>
  203 |               </div>
> 204 |             </PantallaFunnel>
      |             ^
  205 |           )}
  206 |
  207 |           {paso === 'reconocimiento' && (

Parsing ecmascript source code failed

Import traces:
  Client Component Browser:
    ./app/onboarding/page.tsx [Client Component Browser]
    ./app/onboarding/page.tsx [Server Component]

  Client Component SSR:
    ./app/onboarding/page.tsx [Client Component SSR]
    ./app/onboarding/page.tsx [Server Component] @ http://localhost:3000/_next/static/chunks/node_modules_next_dist_1e8vcs8._.js:1052
[  357615ms] [ERROR] ./app/onboarding/page.tsx:204:14
Error: Unterminated regexp literal
  202 |                 </div>
  203 |               </div>
> 204 |             </PantallaFunnel>
      |              ^^^^^^^^^^^^^^^^
  205 |           )}
  206 |
  207 |           {paso === 'reconocimiento' && (

Parsing ecmascript source code failed

Import traces:
  Client Component Browser:
    ./app/onboarding/page.tsx [Client Component Browser]
    ./app/onboarding/page.tsx [Server Component]

  Client Component SSR:
    ./app/onboarding/page.tsx [Client Component SSR]
    ./app/onboarding/page.tsx [Server Component] @ http://localhost:3000/_next/static/chunks/node_modules_next_dist_1e8vcs8._.js:1052
[  357671ms] [ERROR] ./app/onboarding/page.tsx:204:13
Error: Expression expected
  202 |                 </div>
  203 |               </div>
> 204 |             </PantallaFunnel>
      |             ^
  205 |           )}
  206 |
  207 |           {paso === 'reconocimiento' && (

Parsing ecmascript source code failed

Import traces:
  Client Component Browser:
    ./app/onboarding/page.tsx [Client Component Browser]
    ./app/onboarding/page.tsx [Server Component]

  Client Component SSR:
    ./app/onboarding/page.tsx [Client Component SSR]
    ./app/onboarding/page.tsx [Server Component] @ http://localhost:3000/_next/static/chunks/node_modules_next_dist_1e8vcs8._.js:1052
[  357673ms] [ERROR] ./app/onboarding/page.tsx:204:14
Error: Unterminated regexp literal
  202 |                 </div>
  203 |               </div>
> 204 |             </PantallaFunnel>
      |              ^^^^^^^^^^^^^^^^
  205 |           )}
  206 |
  207 |           {paso === 'reconocimiento' && (

Parsing ecmascript source code failed

Import traces:
  Client Component Browser:
    ./app/onboarding/page.tsx [Client Component Browser]
    ./app/onboarding/page.tsx [Server Component]

  Client Component SSR:
    ./app/onboarding/page.tsx [Client Component SSR]
    ./app/onboarding/page.tsx [Server Component] @ http://localhost:3000/_next/static/chunks/node_modules_next_dist_1e8vcs8._.js:1052
[  357721ms] [ERROR] ./app/onboarding/page.tsx:204:13
Error: Expression expected
  202 |                 </div>
  203 |               </div>
> 204 |             </PantallaFunnel>
      |             ^
  205 |           )}
  206 |
  207 |           {paso === 'reconocimiento' && (

Parsing ecmascript source code failed

Import traces:
  Client Component Browser:
    ./app/onboarding/page.tsx [Client Component Browser]
    ./app/onboarding/page.tsx [Server Component]

  Client Component SSR:
    ./app/onboarding/page.tsx [Client Component SSR]
    ./app/onboarding/page.tsx [Server Component] @ http://localhost:3000/_next/static/chunks/node_modules_next_dist_1e8vcs8._.js:1052
[  357722ms] [ERROR] ./app/onboarding/page.tsx:204:14
Error: Unterminated regexp literal
  202 |                 </div>
  203 |               </div>
> 204 |             </PantallaFunnel>
      |              ^^^^^^^^^^^^^^^^
  205 |           )}
  206 |
  207 |           {paso === 'reconocimiento' && (

Parsing ecmascript source code failed

Import traces:
  Client Component Browser:
    ./app/onboarding/page.tsx [Client Component Browser]
    ./app/onboarding/page.tsx [Server Component]

  Client Component SSR:
    ./app/onboarding/page.tsx [Client Component SSR]
    ./app/onboarding/page.tsx [Server Component] @ http://localhost:3000/_next/static/chunks/node_modules_next_dist_1e8vcs8._.js:1052
[  357770ms] [ERROR] ./app/onboarding/page.tsx:204:13
Error: Expression expected
  202 |                 </div>
  203 |               </div>
> 204 |             </PantallaFunnel>
      |             ^
  205 |           )}
  206 |
  207 |           {paso === 'reconocimiento' && (

Parsing ecmascript source code failed

Import traces:
  Client Component Browser:
    ./app/onboarding/page.tsx [Client Component Browser]
    ./app/onboarding/page.tsx [Server Component]

  Client Component SSR:
    ./app/onboarding/page.tsx [Client Component SSR]
    ./app/onboarding/page.tsx [Server Component] @ http://localhost:3000/_next/static/chunks/node_modules_next_dist_1e8vcs8._.js:1052
[  357770ms] [ERROR] ./app/onboarding/page.tsx:204:14
Error: Unterminated regexp literal
  202 |                 </div>
  203 |               </div>
> 204 |             </PantallaFunnel>
      |              ^^^^^^^^^^^^^^^^
  205 |           )}
  206 |
  207 |           {paso === 'reconocimiento' && (

Parsing ecmascript source code failed

Import traces:
  Client Component Browser:
    ./app/onboarding/page.tsx [Client Component Browser]
    ./app/onboarding/page.tsx [Server Component]

  Client Component SSR:
    ./app/onboarding/page.tsx [Client Component SSR]
    ./app/onboarding/page.tsx [Server Component] @ http://localhost:3000/_next/static/chunks/node_modules_next_dist_1e8vcs8._.js:1052
[  357829ms] [ERROR] ./app/onboarding/page.tsx:204:13
Error: Expression expected
  202 |                 </div>
  203 |               </div>
> 204 |             </PantallaFunnel>
      |             ^
  205 |           )}
  206 |
  207 |           {paso === 'reconocimiento' && (

Parsing ecmascript source code failed

Import traces:
  Client Component Browser:
    ./app/onboarding/page.tsx [Client Component Browser]
    ./app/onboarding/page.tsx [Server Component]

  Client Component SSR:
    ./app/onboarding/page.tsx [Client Component SSR]
    ./app/onboarding/page.tsx [Server Component] @ http://localhost:3000/_next/static/chunks/node_modules_next_dist_1e8vcs8._.js:1052
[  357832ms] [ERROR] ./app/onboarding/page.tsx:204:14
Error: Unterminated regexp literal
  202 |                 </div>
  203 |               </div>
> 204 |             </PantallaFunnel>
      |              ^^^^^^^^^^^^^^^^
  205 |           )}
  206 |
  207 |           {paso === 'reconocimiento' && (

Parsing ecmascript source code failed

Import traces:
  Client Component Browser:
    ./app/onboarding/page.tsx [Client Component Browser]
    ./app/onboarding/page.tsx [Server Component]

  Client Component SSR:
    ./app/onboarding/page.tsx [Client Component SSR]
    ./app/onboarding/page.tsx [Server Component] @ http://localhost:3000/_next/static/chunks/node_modules_next_dist_1e8vcs8._.js:1052
[  357886ms] [ERROR] ./app/onboarding/page.tsx:204:13
Error: Expression expected
  202 |                 </div>
  203 |               </div>
> 204 |             </PantallaFunnel>
      |             ^
  205 |           )}
  206 |
  207 |           {paso === 'reconocimiento' && (

Parsing ecmascript source code failed

Import traces:
  Client Component Browser:
    ./app/onboarding/page.tsx [Client Component Browser]
    ./app/onboarding/page.tsx [Server Component]

  Client Component SSR:
    ./app/onboarding/page.tsx [Client Component SSR]
    ./app/onboarding/page.tsx [Server Component] @ http://localhost:3000/_next/static/chunks/node_modules_next_dist_1e8vcs8._.js:1052
[  357887ms] [ERROR] ./app/onboarding/page.tsx:204:14
Error: Unterminated regexp literal
  202 |                 </div>
  203 |               </div>
> 204 |             </PantallaFunnel>
      |              ^^^^^^^^^^^^^^^^
  205 |           )}
  206 |
  207 |           {paso === 'reconocimiento' && (

Parsing ecmascript source code failed

Import traces:
  Client Component Browser:
    ./app/onboarding/page.tsx [Client Component Browser]
    ./app/onboarding/page.tsx [Server Component]

  Client Component SSR:
    ./app/onboarding/page.tsx [Client Component SSR]
    ./app/onboarding/page.tsx [Server Component] @ http://localhost:3000/_next/static/chunks/node_modules_next_dist_1e8vcs8._.js:1052
[  357938ms] [ERROR] ./app/onboarding/page.tsx:204:13
Error: Expression expected
  202 |                 </div>
  203 |               </div>
> 204 |             </PantallaFunnel>
      |             ^
  205 |           )}
  206 |
  207 |           {paso === 'reconocimiento' && (

Parsing ecmascript source code failed

Import traces:
  Client Component Browser:
    ./app/onboarding/page.tsx [Client Component Browser]
    ./app/onboarding/page.tsx [Server Component]

  Client Component SSR:
    ./app/onboarding/page.tsx [Client Component SSR]
    ./app/onboarding/page.tsx [Server Component] @ http://localhost:3000/_next/static/chunks/node_modules_next_dist_1e8vcs8._.js:1052
[  357938ms] [ERROR] ./app/onboarding/page.tsx:204:14
Error: Unterminated regexp literal
  202 |                 </div>
  203 |               </div>
> 204 |             </PantallaFunnel>
      |              ^^^^^^^^^^^^^^^^
  205 |           )}
  206 |
  207 |           {paso === 'reconocimiento' && (

Parsing ecmascript source code failed

Import traces:
  Client Component Browser:
    ./app/onboarding/page.tsx [Client Component Browser]
    ./app/onboarding/page.tsx [Server Component]

  Client Component SSR:
    ./app/onboarding/page.tsx [Client Component SSR]
    ./app/onboarding/page.tsx [Server Component] @ http://localhost:3000/_next/static/chunks/node_modules_next_dist_1e8vcs8._.js:1052
[  357990ms] [ERROR] ./app/onboarding/page.tsx:204:13
Error: Expression expected
  202 |                 </div>
  203 |               </div>
> 204 |             </PantallaFunnel>
      |             ^
  205 |           )}
  206 |
  207 |           {paso === 'reconocimiento' && (

Parsing ecmascript source code failed

Import traces:
  Client Component Browser:
    ./app/onboarding/page.tsx [Client Component Browser]
    ./app/onboarding/page.tsx [Server Component]

  Client Component SSR:
    ./app/onboarding/page.tsx [Client Component SSR]
    ./app/onboarding/page.tsx [Server Component] @ http://localhost:3000/_next/static/chunks/node_modules_next_dist_1e8vcs8._.js:1052
[  357990ms] [ERROR] ./app/onboarding/page.tsx:204:14
Error: Unterminated regexp literal
  202 |                 </div>
  203 |               </div>
> 204 |             </PantallaFunnel>
      |              ^^^^^^^^^^^^^^^^
  205 |           )}
  206 |
  207 |           {paso === 'reconocimiento' && (

Parsing ecmascript source code failed

Import traces:
  Client Component Browser:
    ./app/onboarding/page.tsx [Client Component Browser]
    ./app/onboarding/page.tsx [Server Component]

  Client Component SSR:
    ./app/onboarding/page.tsx [Client Component SSR]
    ./app/onboarding/page.tsx [Server Component] @ http://localhost:3000/_next/static/chunks/node_modules_next_dist_1e8vcs8._.js:1052
[  358042ms] [ERROR] ./app/onboarding/page.tsx:204:13
Error: Expression expected
  202 |                 </div>
  203 |               </div>
> 204 |             </PantallaFunnel>
      |             ^
  205 |           )}
  206 |
  207 |           {paso === 'reconocimiento' && (

Parsing ecmascript source code failed

Import traces:
  Client Component Browser:
    ./app/onboarding/page.tsx [Client Component Browser]
    ./app/onboarding/page.tsx [Server Component]

  Client Component SSR:
    ./app/onboarding/page.tsx [Client Component SSR]
    ./app/onboarding/page.tsx [Server Component] @ http://localhost:3000/_next/static/chunks/node_modules_next_dist_1e8vcs8._.js:1052
[  358043ms] [ERROR] ./app/onboarding/page.tsx:204:14
Error: Unterminated regexp literal
  202 |                 </div>
  203 |               </div>
> 204 |             </PantallaFunnel>
      |              ^^^^^^^^^^^^^^^^
  205 |           )}
  206 |
  207 |           {paso === 'reconocimiento' && (

Parsing ecmascript source code failed

Import traces:
  Client Component Browser:
    ./app/onboarding/page.tsx [Client Component Browser]
    ./app/onboarding/page.tsx [Server Component]

  Client Component SSR:
    ./app/onboarding/page.tsx [Client Component SSR]
    ./app/onboarding/page.tsx [Server Component] @ http://localhost:3000/_next/static/chunks/node_modules_next_dist_1e8vcs8._.js:1052
[  358092ms] [ERROR] ./app/onboarding/page.tsx:204:13
Error: Expression expected
  202 |                 </div>
  203 |               </div>
> 204 |             </PantallaFunnel>
      |             ^
  205 |           )}
  206 |
  207 |           {paso === 'reconocimiento' && (

Parsing ecmascript source code failed

Import traces:
  Client Component Browser:
    ./app/onboarding/page.tsx [Client Component Browser]
    ./app/onboarding/page.tsx [Server Component]

  Client Component SSR:
    ./app/onboarding/page.tsx [Client Component SSR]
    ./app/onboarding/page.tsx [Server Component] @ http://localhost:3000/_next/static/chunks/node_modules_next_dist_1e8vcs8._.js:1052
[  358092ms] [ERROR] ./app/onboarding/page.tsx:204:14
Error: Unterminated regexp literal
  202 |                 </div>
  203 |               </div>
> 204 |             </PantallaFunnel>
      |              ^^^^^^^^^^^^^^^^
  205 |           )}
  206 |
  207 |           {paso === 'reconocimiento' && (

Parsing ecmascript source code failed

Import traces:
  Client Component Browser:
    ./app/onboarding/page.tsx [Client Component Browser]
    ./app/onboarding/page.tsx [Server Component]

  Client Component SSR:
    ./app/onboarding/page.tsx [Client Component SSR]
    ./app/onboarding/page.tsx [Server Component] @ http://localhost:3000/_next/static/chunks/node_modules_next_dist_1e8vcs8._.js:1052
[  358140ms] [ERROR] ./app/onboarding/page.tsx:204:13
Error: Expression expected
  202 |                 </div>
  203 |               </div>
> 204 |             </PantallaFunnel>
      |             ^
  205 |           )}
  206 |
  207 |           {paso === 'reconocimiento' && (

Parsing ecmascript source code failed

Import traces:
  Client Component Browser:
    ./app/onboarding/page.tsx [Client Component Browser]
    ./app/onboarding/page.tsx [Server Component]

  Client Component SSR:
    ./app/onboarding/page.tsx [Client Component SSR]
    ./app/onboarding/page.tsx [Server Component] @ http://localhost:3000/_next/static/chunks/node_modules_next_dist_1e8vcs8._.js:1052
[  358140ms] [ERROR] ./app/onboarding/page.tsx:204:14
Error: Unterminated regexp literal
  202 |                 </div>
  203 |               </div>
> 204 |             </PantallaFunnel>
      |              ^^^^^^^^^^^^^^^^
  205 |           )}
  206 |
  207 |           {paso === 'reconocimiento' && (

Parsing ecmascript source code failed

Import traces:
  Client Component Browser:
    ./app/onboarding/page.tsx [Client Component Browser]
    ./app/onboarding/page.tsx [Server Component]

  Client Component SSR:
    ./app/onboarding/page.tsx [Client Component SSR]
    ./app/onboarding/page.tsx [Server Component] @ http://localhost:3000/_next/static/chunks/node_modules_next_dist_1e8vcs8._.js:1052
[  358201ms] [ERROR] ./app/onboarding/page.tsx:204:13
Error: Expression expected
  202 |                 </div>
  203 |               </div>
> 204 |             </PantallaFunnel>
      |             ^
  205 |           )}
  206 |
  207 |           {paso === 'reconocimiento' && (

Parsing ecmascript source code failed

Import traces:
  Client Component Browser:
    ./app/onboarding/page.tsx [Client Component Browser]
    ./app/onboarding/page.tsx [Server Component]

  Client Component SSR:
    ./app/onboarding/page.tsx [Client Component SSR]
    ./app/onboarding/page.tsx [Server Component] @ http://localhost:3000/_next/static/chunks/node_modules_next_dist_1e8vcs8._.js:1052
[  358202ms] [ERROR] ./app/onboarding/page.tsx:204:14
Error: Unterminated regexp literal
  202 |                 </div>
  203 |               </div>
> 204 |             </PantallaFunnel>
      |              ^^^^^^^^^^^^^^^^
  205 |           )}
  206 |
  207 |           {paso === 'reconocimiento' && (

Parsing ecmascript source code failed

Import traces:
  Client Component Browser:
    ./app/onboarding/page.tsx [Client Component Browser]
    ./app/onboarding/page.tsx [Server Component]

  Client Component SSR:
    ./app/onboarding/page.tsx [Client Component SSR]
    ./app/onboarding/page.tsx [Server Component] @ http://localhost:3000/_next/static/chunks/node_modules_next_dist_1e8vcs8._.js:1052
[  358241ms] [ERROR] ./app/onboarding/page.tsx:204:13
Error: Expression expected
  202 |                 </div>
  203 |               </div>
> 204 |             </PantallaFunnel>
      |             ^
  205 |           )}
  206 |
  207 |           {paso === 'reconocimiento' && (

Parsing ecmascript source code failed

Import traces:
  Client Component Browser:
    ./app/onboarding/page.tsx [Client Component Browser]
    ./app/onboarding/page.tsx [Server Component]

  Client Component SSR:
    ./app/onboarding/page.tsx [Client Component SSR]
    ./app/onboarding/page.tsx [Server Component] @ http://localhost:3000/_next/static/chunks/node_modules_next_dist_1e8vcs8._.js:1052
[  358241ms] [ERROR] ./app/onboarding/page.tsx:204:14
Error: Unterminated regexp literal
  202 |                 </div>
  203 |               </div>
> 204 |             </PantallaFunnel>
      |              ^^^^^^^^^^^^^^^^
  205 |           )}
  206 |
  207 |           {paso === 'reconocimiento' && (

Parsing ecmascript source code failed

Import traces:
  Client Component Browser:
    ./app/onboarding/page.tsx [Client Component Browser]
    ./app/onboarding/page.tsx [Server Component]

  Client Component SSR:
    ./app/onboarding/page.tsx [Client Component SSR]
    ./app/onboarding/page.tsx [Server Component] @ http://localhost:3000/_next/static/chunks/node_modules_next_dist_1e8vcs8._.js:1052
[  358294ms] [ERROR] ./app/onboarding/page.tsx:204:13
Error: Expression expected
  202 |                 </div>
  203 |               </div>
> 204 |             </PantallaFunnel>
      |             ^
  205 |           )}
  206 |
  207 |           {paso === 'reconocimiento' && (

Parsing ecmascript source code failed

Import traces:
  Client Component Browser:
    ./app/onboarding/page.tsx [Client Component Browser]
    ./app/onboarding/page.tsx [Server Component]

  Client Component SSR:
    ./app/onboarding/page.tsx [Client Component SSR]
    ./app/onboarding/page.tsx [Server Component] @ http://localhost:3000/_next/static/chunks/node_modules_next_dist_1e8vcs8._.js:1052
[  358296ms] [ERROR] ./app/onboarding/page.tsx:204:14
Error: Unterminated regexp literal
  202 |                 </div>
  203 |               </div>
> 204 |             </PantallaFunnel>
      |              ^^^^^^^^^^^^^^^^
  205 |           )}
  206 |
  207 |           {paso === 'reconocimiento' && (

Parsing ecmascript source code failed

Import traces:
  Client Component Browser:
    ./app/onboarding/page.tsx [Client Component Browser]
    ./app/onboarding/page.tsx [Server Component]

  Client Component SSR:
    ./app/onboarding/page.tsx [Client Component SSR]
    ./app/onboarding/page.tsx [Server Component] @ http://localhost:3000/_next/static/chunks/node_modules_next_dist_1e8vcs8._.js:1052
[  358368ms] [ERROR] ./app/onboarding/page.tsx:204:13
Error: Expression expected
  202 |                 </div>
  203 |               </div>
> 204 |             </PantallaFunnel>
      |             ^
  205 |           )}
  206 |
  207 |           {paso === 'reconocimiento' && (

Parsing ecmascript source code failed

Import traces:
  Client Component Browser:
    ./app/onboarding/page.tsx [Client Component Browser]
    ./app/onboarding/page.tsx [Server Component]

  Client Component SSR:
    ./app/onboarding/page.tsx [Client Component SSR]
    ./app/onboarding/page.tsx [Server Component] @ http://localhost:3000/_next/static/chunks/node_modules_next_dist_1e8vcs8._.js:1052
[  358369ms] [ERROR] ./app/onboarding/page.tsx:204:14
Error: Unterminated regexp literal
  202 |                 </div>
  203 |               </div>
> 204 |             </PantallaFunnel>
      |              ^^^^^^^^^^^^^^^^
  205 |           )}
  206 |
  207 |           {paso === 'reconocimiento' && (

Parsing ecmascript source code failed

Import traces:
  Client Component Browser:
    ./app/onboarding/page.tsx [Client Component Browser]
    ./app/onboarding/page.tsx [Server Component]

  Client Component SSR:
    ./app/onboarding/page.tsx [Client Component SSR]
    ./app/onboarding/page.tsx [Server Component] @ http://localhost:3000/_next/static/chunks/node_modules_next_dist_1e8vcs8._.js:1052
[  358418ms] [ERROR] ./app/onboarding/page.tsx:204:13
Error: Expression expected
  202 |                 </div>
  203 |               </div>
> 204 |             </PantallaFunnel>
      |             ^
  205 |           )}
  206 |
  207 |           {paso === 'reconocimiento' && (

Parsing ecmascript source code failed

Import traces:
  Client Component Browser:
    ./app/onboarding/page.tsx [Client Component Browser]
    ./app/onboarding/page.tsx [Server Component]

  Client Component SSR:
    ./app/onboarding/page.tsx [Client Component SSR]
    ./app/onboarding/page.tsx [Server Component] @ http://localhost:3000/_next/static/chunks/node_modules_next_dist_1e8vcs8._.js:1052
[  358419ms] [ERROR] ./app/onboarding/page.tsx:204:14
Error: Unterminated regexp literal
  202 |                 </div>
  203 |               </div>
> 204 |             </PantallaFunnel>
      |              ^^^^^^^^^^^^^^^^
  205 |           )}
  206 |
  207 |           {paso === 'reconocimiento' && (

Parsing ecmascript source code failed

Import traces:
  Client Component Browser:
    ./app/onboarding/page.tsx [Client Component Browser]
    ./app/onboarding/page.tsx [Server Component]

  Client Component SSR:
    ./app/onboarding/page.tsx [Client Component SSR]
    ./app/onboarding/page.tsx [Server Component] @ http://localhost:3000/_next/static/chunks/node_modules_next_dist_1e8vcs8._.js:1052
[  358476ms] [ERROR] ./app/onboarding/page.tsx:204:13
Error: Expression expected
  202 |                 </div>
  203 |               </div>
> 204 |             </PantallaFunnel>
      |             ^
  205 |           )}
  206 |
  207 |           {paso === 'reconocimiento' && (

Parsing ecmascript source code failed

Import traces:
  Client Component Browser:
    ./app/onboarding/page.tsx [Client Component Browser]
    ./app/onboarding/page.tsx [Server Component]

  Client Component SSR:
    ./app/onboarding/page.tsx [Client Component SSR]
    ./app/onboarding/page.tsx [Server Component] @ http://localhost:3000/_next/static/chunks/node_modules_next_dist_1e8vcs8._.js:1052
[  358476ms] [ERROR] ./app/onboarding/page.tsx:204:14
Error: Unterminated regexp literal
  202 |                 </div>
  203 |               </div>
> 204 |             </PantallaFunnel>
      |              ^^^^^^^^^^^^^^^^
  205 |           )}
  206 |
  207 |           {paso === 'reconocimiento' && (

Parsing ecmascript source code failed

Import traces:
  Client Component Browser:
    ./app/onboarding/page.tsx [Client Component Browser]
    ./app/onboarding/page.tsx [Server Component]

  Client Component SSR:
    ./app/onboarding/page.tsx [Client Component SSR]
    ./app/onboarding/page.tsx [Server Component] @ http://localhost:3000/_next/static/chunks/node_modules_next_dist_1e8vcs8._.js:1052
[  358526ms] [ERROR] ./app/onboarding/page.tsx:204:13
Error: Expression expected
  202 |                 </div>
  203 |               </div>
> 204 |             </PantallaFunnel>
      |             ^
  205 |           )}
  206 |
  207 |           {paso === 'reconocimiento' && (

Parsing ecmascript source code failed

Import traces:
  Client Component Browser:
    ./app/onboarding/page.tsx [Client Component Browser]
    ./app/onboarding/page.tsx [Server Component]

  Client Component SSR:
    ./app/onboarding/page.tsx [Client Component SSR]
    ./app/onboarding/page.tsx [Server Component] @ http://localhost:3000/_next/static/chunks/node_modules_next_dist_1e8vcs8._.js:1052
[  358528ms] [ERROR] ./app/onboarding/page.tsx:204:14
Error: Unterminated regexp literal
  202 |                 </div>
  203 |               </div>
> 204 |             </PantallaFunnel>
      |              ^^^^^^^^^^^^^^^^
  205 |           )}
  206 |
  207 |           {paso === 'reconocimiento' && (

Parsing ecmascript source code failed

Import traces:
  Client Component Browser:
    ./app/onboarding/page.tsx [Client Component Browser]
    ./app/onboarding/page.tsx [Server Component]

  Client Component SSR:
    ./app/onboarding/page.tsx [Client Component SSR]
    ./app/onboarding/page.tsx [Server Component] @ http://localhost:3000/_next/static/chunks/node_modules_next_dist_1e8vcs8._.js:1052
[  358580ms] [ERROR] ./app/onboarding/page.tsx:204:13
Error: Expression expected
  202 |                 </div>
  203 |               </div>
> 204 |             </PantallaFunnel>
      |             ^
  205 |           )}
  206 |
  207 |           {paso === 'reconocimiento' && (

Parsing ecmascript source code failed

Import traces:
  Client Component Browser:
    ./app/onboarding/page.tsx [Client Component Browser]
    ./app/onboarding/page.tsx [Server Component]

  Client Component SSR:
    ./app/onboarding/page.tsx [Client Component SSR]
    ./app/onboarding/page.tsx [Server Component] @ http://localhost:3000/_next/static/chunks/node_modules_next_dist_1e8vcs8._.js:1052
[  358581ms] [ERROR] ./app/onboarding/page.tsx:204:14
Error: Unterminated regexp literal
  202 |                 </div>
  203 |               </div>
> 204 |             </PantallaFunnel>
      |              ^^^^^^^^^^^^^^^^
  205 |           )}
  206 |
  207 |           {paso === 'reconocimiento' && (

Parsing ecmascript source code failed

Import traces:
  Client Component Browser:
    ./app/onboarding/page.tsx [Client Component Browser]
    ./app/onboarding/page.tsx [Server Component]

  Client Component SSR:
    ./app/onboarding/page.tsx [Client Component SSR]
    ./app/onboarding/page.tsx [Server Component] @ http://localhost:3000/_next/static/chunks/node_modules_next_dist_1e8vcs8._.js:1052
[  358637ms] [ERROR] ./app/onboarding/page.tsx:204:13
Error: Expression expected
  202 |                 </div>
  203 |               </div>
> 204 |             </PantallaFunnel>
      |             ^
  205 |           )}
  206 |
  207 |           {paso === 'reconocimiento' && (

Parsing ecmascript source code failed

Import traces:
  Client Component Browser:
    ./app/onboarding/page.tsx [Client Component Browser]
    ./app/onboarding/page.tsx [Server Component]

  Client Component SSR:
    ./app/onboarding/page.tsx [Client Component SSR]
    ./app/onboarding/page.tsx [Server Component] @ http://localhost:3000/_next/static/chunks/node_modules_next_dist_1e8vcs8._.js:1052
[  358638ms] [ERROR] ./app/onboarding/page.tsx:204:14
Error: Unterminated regexp literal
  202 |                 </div>
  203 |               </div>
> 204 |             </PantallaFunnel>
      |              ^^^^^^^^^^^^^^^^
  205 |           )}
  206 |
  207 |           {paso === 'reconocimiento' && (

Parsing ecmascript source code failed

Import traces:
  Client Component Browser:
    ./app/onboarding/page.tsx [Client Component Browser]
    ./app/onboarding/page.tsx [Server Component]

  Client Component SSR:
    ./app/onboarding/page.tsx [Client Component SSR]
    ./app/onboarding/page.tsx [Server Component] @ http://localhost:3000/_next/static/chunks/node_modules_next_dist_1e8vcs8._.js:1052
[  358685ms] [ERROR] ./app/onboarding/page.tsx:204:13
Error: Expression expected
  202 |                 </div>
  203 |               </div>
> 204 |             </PantallaFunnel>
      |             ^
  205 |           )}
  206 |
  207 |           {paso === 'reconocimiento' && (

Parsing ecmascript source code failed

Import traces:
  Client Component Browser:
    ./app/onboarding/page.tsx [Client Component Browser]
    ./app/onboarding/page.tsx [Server Component]

  Client Component SSR:
    ./app/onboarding/page.tsx [Client Component SSR]
    ./app/onboarding/page.tsx [Server Component] @ http://localhost:3000/_next/static/chunks/node_modules_next_dist_1e8vcs8._.js:1052
[  358685ms] [ERROR] ./app/onboarding/page.tsx:204:14
Error: Unterminated regexp literal
  202 |                 </div>
  203 |               </div>
> 204 |             </PantallaFunnel>
      |              ^^^^^^^^^^^^^^^^
  205 |           )}
  206 |
  207 |           {paso === 'reconocimiento' && (

Parsing ecmascript source code failed

Import traces:
  Client Component Browser:
    ./app/onboarding/page.tsx [Client Component Browser]
    ./app/onboarding/page.tsx [Server Component]

  Client Component SSR:
    ./app/onboarding/page.tsx [Client Component SSR]
    ./app/onboarding/page.tsx [Server Component] @ http://localhost:3000/_next/static/chunks/node_modules_next_dist_1e8vcs8._.js:1052
[  358735ms] [ERROR] ./app/onboarding/page.tsx:204:13
Error: Expression expected
  202 |                 </div>
  203 |               </div>
> 204 |             </PantallaFunnel>
      |             ^
  205 |           )}
  206 |
  207 |           {paso === 'reconocimiento' && (

Parsing ecmascript source code failed

Import traces:
  Client Component Browser:
    ./app/onboarding/page.tsx [Client Component Browser]
    ./app/onboarding/page.tsx [Server Component]

  Client Component SSR:
    ./app/onboarding/page.tsx [Client Component SSR]
    ./app/onboarding/page.tsx [Server Component] @ http://localhost:3000/_next/static/chunks/node_modules_next_dist_1e8vcs8._.js:1052
[  358738ms] [ERROR] ./app/onboarding/page.tsx:204:14
Error: Unterminated regexp literal
  202 |                 </div>
  203 |               </div>
> 204 |             </PantallaFunnel>
      |              ^^^^^^^^^^^^^^^^
  205 |           )}
  206 |
  207 |           {paso === 'reconocimiento' && (

Parsing ecmascript source code failed

Import traces:
  Client Component Browser:
    ./app/onboarding/page.tsx [Client Component Browser]
    ./app/onboarding/page.tsx [Server Component]

  Client Component SSR:
    ./app/onboarding/page.tsx [Client Component SSR]
    ./app/onboarding/page.tsx [Server Component] @ http://localhost:3000/_next/static/chunks/node_modules_next_dist_1e8vcs8._.js:1052
[  358799ms] [ERROR] ./app/onboarding/page.tsx:204:13
Error: Expression expected
  202 |                 </div>
  203 |               </div>
> 204 |             </PantallaFunnel>
      |             ^
  205 |           )}
  206 |
  207 |           {paso === 'reconocimiento' && (

Parsing ecmascript source code failed

Import traces:
  Client Component Browser:
    ./app/onboarding/page.tsx [Client Component Browser]
    ./app/onboarding/page.tsx [Server Component]

  Client Component SSR:
    ./app/onboarding/page.tsx [Client Component SSR]
    ./app/onboarding/page.tsx [Server Component] @ http://localhost:3000/_next/static/chunks/node_modules_next_dist_1e8vcs8._.js:1052
[  358799ms] [ERROR] ./app/onboarding/page.tsx:204:14
Error: Unterminated regexp literal
  202 |                 </div>
  203 |               </div>
> 204 |             </PantallaFunnel>
      |              ^^^^^^^^^^^^^^^^
  205 |           )}
  206 |
  207 |           {paso === 'reconocimiento' && (

Parsing ecmascript source code failed

Import traces:
  Client Component Browser:
    ./app/onboarding/page.tsx [Client Component Browser]
    ./app/onboarding/page.tsx [Server Component]

  Client Component SSR:
    ./app/onboarding/page.tsx [Client Component SSR]
    ./app/onboarding/page.tsx [Server Component] @ http://localhost:3000/_next/static/chunks/node_modules_next_dist_1e8vcs8._.js:1052
[  358851ms] [ERROR] ./app/onboarding/page.tsx:204:13
Error: Expression expected
  202 |                 </div>
  203 |               </div>
> 204 |             </PantallaFunnel>
      |             ^
  205 |           )}
  206 |
  207 |           {paso === 'reconocimiento' && (

Parsing ecmascript source code failed

Import traces:
  Client Component Browser:
    ./app/onboarding/page.tsx [Client Component Browser]
    ./app/onboarding/page.tsx [Server Component]

  Client Component SSR:
    ./app/onboarding/page.tsx [Client Component SSR]
    ./app/onboarding/page.tsx [Server Component] @ http://localhost:3000/_next/static/chunks/node_modules_next_dist_1e8vcs8._.js:1052
[  358851ms] [ERROR] ./app/onboarding/page.tsx:204:14
Error: Unterminated regexp literal
  202 |                 </div>
  203 |               </div>
> 204 |             </PantallaFunnel>
      |              ^^^^^^^^^^^^^^^^
  205 |           )}
  206 |
  207 |           {paso === 'reconocimiento' && (

Parsing ecmascript source code failed

Import traces:
  Client Component Browser:
    ./app/onboarding/page.tsx [Client Component Browser]
    ./app/onboarding/page.tsx [Server Component]

  Client Component SSR:
    ./app/onboarding/page.tsx [Client Component SSR]
    ./app/onboarding/page.tsx [Server Component] @ http://localhost:3000/_next/static/chunks/node_modules_next_dist_1e8vcs8._.js:1052
[  358911ms] [ERROR] ./app/onboarding/page.tsx:204:13
Error: Expression expected
  202 |                 </div>
  203 |               </div>
> 204 |             </PantallaFunnel>
      |             ^
  205 |           )}
  206 |
  207 |           {paso === 'reconocimiento' && (

Parsing ecmascript source code failed

Import traces:
  Client Component Browser:
    ./app/onboarding/page.tsx [Client Component Browser]
    ./app/onboarding/page.tsx [Server Component]

  Client Component SSR:
    ./app/onboarding/page.tsx [Client Component SSR]
    ./app/onboarding/page.tsx [Server Component] @ http://localhost:3000/_next/static/chunks/node_modules_next_dist_1e8vcs8._.js:1052
[  358913ms] [ERROR] ./app/onboarding/page.tsx:204:14
Error: Unterminated regexp literal
  202 |                 </div>
  203 |               </div>
> 204 |             </PantallaFunnel>
      |              ^^^^^^^^^^^^^^^^
  205 |           )}
  206 |
  207 |           {paso === 'reconocimiento' && (

Parsing ecmascript source code failed

Import traces:
  Client Component Browser:
    ./app/onboarding/page.tsx [Client Component Browser]
    ./app/onboarding/page.tsx [Server Component]

  Client Component SSR:
    ./app/onboarding/page.tsx [Client Component SSR]
    ./app/onboarding/page.tsx [Server Component] @ http://localhost:3000/_next/static/chunks/node_modules_next_dist_1e8vcs8._.js:1052
[  358962ms] [ERROR] ./app/onboarding/page.tsx:204:13
Error: Expression expected
  202 |                 </div>
  203 |               </div>
> 204 |             </PantallaFunnel>
      |             ^
  205 |           )}
  206 |
  207 |           {paso === 'reconocimiento' && (

Parsing ecmascript source code failed

Import traces:
  Client Component Browser:
    ./app/onboarding/page.tsx [Client Component Browser]
    ./app/onboarding/page.tsx [Server Component]

  Client Component SSR:
    ./app/onboarding/page.tsx [Client Component SSR]
    ./app/onboarding/page.tsx [Server Component] @ http://localhost:3000/_next/static/chunks/node_modules_next_dist_1e8vcs8._.js:1052
[  358963ms] [ERROR] ./app/onboarding/page.tsx:204:14
Error: Unterminated regexp literal
  202 |                 </div>
  203 |               </div>
> 204 |             </PantallaFunnel>
      |              ^^^^^^^^^^^^^^^^
  205 |           )}
  206 |
  207 |           {paso === 'reconocimiento' && (

Parsing ecmascript source code failed

Import traces:
  Client Component Browser:
    ./app/onboarding/page.tsx [Client Component Browser]
    ./app/onboarding/page.tsx [Server Component]

  Client Component SSR:
    ./app/onboarding/page.tsx [Client Component SSR]
    ./app/onboarding/page.tsx [Server Component] @ http://localhost:3000/_next/static/chunks/node_modules_next_dist_1e8vcs8._.js:1052
[  359019ms] [ERROR] ./app/onboarding/page.tsx:204:13
Error: Expression expected
  202 |                 </div>
  203 |               </div>
> 204 |             </PantallaFunnel>
      |             ^
  205 |           )}
  206 |
  207 |           {paso === 'reconocimiento' && (

Parsing ecmascript source code failed

Import traces:
  Client Component Browser:
    ./app/onboarding/page.tsx [Client Component Browser]
    ./app/onboarding/page.tsx [Server Component]

  Client Component SSR:
    ./app/onboarding/page.tsx [Client Component SSR]
    ./app/onboarding/page.tsx [Server Component] @ http://localhost:3000/_next/static/chunks/node_modules_next_dist_1e8vcs8._.js:1052
[  359019ms] [ERROR] ./app/onboarding/page.tsx:204:14
Error: Unterminated regexp literal
  202 |                 </div>
  203 |               </div>
> 204 |             </PantallaFunnel>
      |              ^^^^^^^^^^^^^^^^
  205 |           )}
  206 |
  207 |           {paso === 'reconocimiento' && (

Parsing ecmascript source code failed

Import traces:
  Client Component Browser:
    ./app/onboarding/page.tsx [Client Component Browser]
    ./app/onboarding/page.tsx [Server Component]

  Client Component SSR:
    ./app/onboarding/page.tsx [Client Component SSR]
    ./app/onboarding/page.tsx [Server Component] @ http://localhost:3000/_next/static/chunks/node_modules_next_dist_1e8vcs8._.js:1052
[  359072ms] [ERROR] ./app/onboarding/page.tsx:204:13
Error: Expression expected
  202 |                 </div>
  203 |               </div>
> 204 |             </PantallaFunnel>
      |             ^
  205 |           )}
  206 |
  207 |           {paso === 'reconocimiento' && (

Parsing ecmascript source code failed

Import traces:
  Client Component Browser:
    ./app/onboarding/page.tsx [Client Component Browser]
    ./app/onboarding/page.tsx [Server Component]

  Client Component SSR:
    ./app/onboarding/page.tsx [Client Component SSR]
    ./app/onboarding/page.tsx [Server Component] @ http://localhost:3000/_next/static/chunks/node_modules_next_dist_1e8vcs8._.js:1052
[  359073ms] [ERROR] ./app/onboarding/page.tsx:204:14
Error: Unterminated regexp literal
  202 |                 </div>
  203 |               </div>
> 204 |             </PantallaFunnel>
      |              ^^^^^^^^^^^^^^^^
  205 |           )}
  206 |
  207 |           {paso === 'reconocimiento' && (

Parsing ecmascript source code failed

Import traces:
  Client Component Browser:
    ./app/onboarding/page.tsx [Client Component Browser]
    ./app/onboarding/page.tsx [Server Component]

  Client Component SSR:
    ./app/onboarding/page.tsx [Client Component SSR]
    ./app/onboarding/page.tsx [Server Component] @ http://localhost:3000/_next/static/chunks/node_modules_next_dist_1e8vcs8._.js:1052
[  359128ms] [ERROR] ./app/onboarding/page.tsx:204:13
Error: Expression expected
  202 |                 </div>
  203 |               </div>
> 204 |             </PantallaFunnel>
      |             ^
  205 |           )}
  206 |
  207 |           {paso === 'reconocimiento' && (

Parsing ecmascript source code failed

Import traces:
  Client Component Browser:
    ./app/onboarding/page.tsx [Client Component Browser]
    ./app/onboarding/page.tsx [Server Component]

  Client Component SSR:
    ./app/onboarding/page.tsx [Client Component SSR]
    ./app/onboarding/page.tsx [Server Component] @ http://localhost:3000/_next/static/chunks/node_modules_next_dist_1e8vcs8._.js:1052
[  359128ms] [ERROR] ./app/onboarding/page.tsx:204:14
Error: Unterminated regexp literal
  202 |                 </div>
  203 |               </div>
> 204 |             </PantallaFunnel>
      |              ^^^^^^^^^^^^^^^^
  205 |           )}
  206 |
  207 |           {paso === 'reconocimiento' && (

Parsing ecmascript source code failed

Import traces:
  Client Component Browser:
    ./app/onboarding/page.tsx [Client Component Browser]
    ./app/onboarding/page.tsx [Server Component]

  Client Component SSR:
    ./app/onboarding/page.tsx [Client Component SSR]
    ./app/onboarding/page.tsx [Server Component] @ http://localhost:3000/_next/static/chunks/node_modules_next_dist_1e8vcs8._.js:1052
[  359186ms] [ERROR] ./app/onboarding/page.tsx:204:13
Error: Expression expected
  202 |                 </div>
  203 |               </div>
> 204 |             </PantallaFunnel>
      |             ^
  205 |           )}
  206 |
  207 |           {paso === 'reconocimiento' && (

Parsing ecmascript source code failed

Import traces:
  Client Component Browser:
    ./app/onboarding/page.tsx [Client Component Browser]
    ./app/onboarding/page.tsx [Server Component]

  Client Component SSR:
    ./app/onboarding/page.tsx [Client Component SSR]
    ./app/onboarding/page.tsx [Server Component] @ http://localhost:3000/_next/static/chunks/node_modules_next_dist_1e8vcs8._.js:1052
[  359186ms] [ERROR] ./app/onboarding/page.tsx:204:14
Error: Unterminated regexp literal
  202 |                 </div>
  203 |               </div>
> 204 |             </PantallaFunnel>
      |              ^^^^^^^^^^^^^^^^
  205 |           )}
  206 |
  207 |           {paso === 'reconocimiento' && (

Parsing ecmascript source code failed

Import traces:
  Client Component Browser:
    ./app/onboarding/page.tsx [Client Component Browser]
    ./app/onboarding/page.tsx [Server Component]

  Client Component SSR:
    ./app/onboarding/page.tsx [Client Component SSR]
    ./app/onboarding/page.tsx [Server Component] @ http://localhost:3000/_next/static/chunks/node_modules_next_dist_1e8vcs8._.js:1052
[  359253ms] [ERROR] ./app/onboarding/page.tsx:204:13
Error: Expression expected
  202 |                 </div>
  203 |               </div>
> 204 |             </PantallaFunnel>
      |             ^
  205 |           )}
  206 |
  207 |           {paso === 'reconocimiento' && (

Parsing ecmascript source code failed

Import traces:
  Client Component Browser:
    ./app/onboarding/page.tsx [Client Component Browser]
    ./app/onboarding/page.tsx [Server Component]

  Client Component SSR:
    ./app/onboarding/page.tsx [Client Component SSR]
    ./app/onboarding/page.tsx [Server Component] @ http://localhost:3000/_next/static/chunks/node_modules_next_dist_1e8vcs8._.js:1052
[  359254ms] [ERROR] ./app/onboarding/page.tsx:204:14
Error: Unterminated regexp literal
  202 |                 </div>
  203 |               </div>
> 204 |             </PantallaFunnel>
      |              ^^^^^^^^^^^^^^^^
  205 |           )}
  206 |
  207 |           {paso === 'reconocimiento' && (

Parsing ecmascript source code failed

Import traces:
  Client Component Browser:
    ./app/onboarding/page.tsx [Client Component Browser]
    ./app/onboarding/page.tsx [Server Component]

  Client Component SSR:
    ./app/onboarding/page.tsx [Client Component SSR]
    ./app/onboarding/page.tsx [Server Component] @ http://localhost:3000/_next/static/chunks/node_modules_next_dist_1e8vcs8._.js:1052
[  359303ms] [ERROR] ./app/onboarding/page.tsx:204:13
Error: Expression expected
  202 |                 </div>
  203 |               </div>
> 204 |             </PantallaFunnel>
      |             ^
  205 |           )}
  206 |
  207 |           {paso === 'reconocimiento' && (

Parsing ecmascript source code failed

Import traces:
  Client Component Browser:
    ./app/onboarding/page.tsx [Client Component Browser]
    ./app/onboarding/page.tsx [Server Component]

  Client Component SSR:
    ./app/onboarding/page.tsx [Client Component SSR]
    ./app/onboarding/page.tsx [Server Component] @ http://localhost:3000/_next/static/chunks/node_modules_next_dist_1e8vcs8._.js:1052
[  359303ms] [ERROR] ./app/onboarding/page.tsx:204:14
Error: Unterminated regexp literal
  202 |                 </div>
  203 |               </div>
> 204 |             </PantallaFunnel>
      |              ^^^^^^^^^^^^^^^^
  205 |           )}
  206 |
  207 |           {paso === 'reconocimiento' && (

Parsing ecmascript source code failed

Import traces:
  Client Component Browser:
    ./app/onboarding/page.tsx [Client Component Browser]
    ./app/onboarding/page.tsx [Server Component]

  Client Component SSR:
    ./app/onboarding/page.tsx [Client Component SSR]
    ./app/onboarding/page.tsx [Server Component] @ http://localhost:3000/_next/static/chunks/node_modules_next_dist_1e8vcs8._.js:1052
[  359343ms] [ERROR] ./app/onboarding/page.tsx:204:13
Error: Expression expected
  202 |                 </div>
  203 |               </div>
> 204 |             </PantallaFunnel>
      |             ^
  205 |           )}
  206 |
  207 |           {paso === 'reconocimiento' && (

Parsing ecmascript source code failed

Import traces:
  Client Component Browser:
    ./app/onboarding/page.tsx [Client Component Browser]
    ./app/onboarding/page.tsx [Server Component]

  Client Component SSR:
    ./app/onboarding/page.tsx [Client Component SSR]
    ./app/onboarding/page.tsx [Server Component] @ http://localhost:3000/_next/static/chunks/node_modules_next_dist_1e8vcs8._.js:1052
[  359343ms] [ERROR] ./app/onboarding/page.tsx:204:14
Error: Unterminated regexp literal
  202 |                 </div>
  203 |               </div>
> 204 |             </PantallaFunnel>
      |              ^^^^^^^^^^^^^^^^
  205 |           )}
  206 |
  207 |           {paso === 'reconocimiento' && (

Parsing ecmascript source code failed

Import traces:
  Client Component Browser:
    ./app/onboarding/page.tsx [Client Component Browser]
    ./app/onboarding/page.tsx [Server Component]

  Client Component SSR:
    ./app/onboarding/page.tsx [Client Component SSR]
    ./app/onboarding/page.tsx [Server Component] @ http://localhost:3000/_next/static/chunks/node_modules_next_dist_1e8vcs8._.js:1052
[  359408ms] [ERROR] ./app/onboarding/page.tsx:204:13
Error: Expression expected
  202 |                 </div>
  203 |               </div>
> 204 |             </PantallaFunnel>
      |             ^
  205 |           )}
  206 |
  207 |           {paso === 'reconocimiento' && (

Parsing ecmascript source code failed

Import traces:
  Client Component Browser:
    ./app/onboarding/page.tsx [Client Component Browser]
    ./app/onboarding/page.tsx [Server Component]

  Client Component SSR:
    ./app/onboarding/page.tsx [Client Component SSR]
    ./app/onboarding/page.tsx [Server Component] @ http://localhost:3000/_next/static/chunks/node_modules_next_dist_1e8vcs8._.js:1052
[  359410ms] [ERROR] ./app/onboarding/page.tsx:204:14
Error: Unterminated regexp literal
  202 |                 </div>
  203 |               </div>
> 204 |             </PantallaFunnel>
      |              ^^^^^^^^^^^^^^^^
  205 |           )}
  206 |
  207 |           {paso === 'reconocimiento' && (

Parsing ecmascript source code failed

Import traces:
  Client Component Browser:
    ./app/onboarding/page.tsx [Client Component Browser]
    ./app/onboarding/page.tsx [Server Component]

  Client Component SSR:
    ./app/onboarding/page.tsx [Client Component SSR]
    ./app/onboarding/page.tsx [Server Component] @ http://localhost:3000/_next/static/chunks/node_modules_next_dist_1e8vcs8._.js:1052
[  359451ms] [ERROR] ./app/onboarding/page.tsx:204:13
Error: Expression expected
  202 |                 </div>
  203 |               </div>
> 204 |             </PantallaFunnel>
      |             ^
  205 |           )}
  206 |
  207 |           {paso === 'reconocimiento' && (

Parsing ecmascript source code failed

Import traces:
  Client Component Browser:
    ./app/onboarding/page.tsx [Client Component Browser]
    ./app/onboarding/page.tsx [Server Component]

  Client Component SSR:
    ./app/onboarding/page.tsx [Client Component SSR]
    ./app/onboarding/page.tsx [Server Component] @ http://localhost:3000/_next/static/chunks/node_modules_next_dist_1e8vcs8._.js:1052
[  359452ms] [ERROR] ./app/onboarding/page.tsx:204:14
Error: Unterminated regexp literal
  202 |                 </div>
  203 |               </div>
> 204 |             </PantallaFunnel>
      |              ^^^^^^^^^^^^^^^^
  205 |           )}
  206 |
  207 |           {paso === 'reconocimiento' && (

Parsing ecmascript source code failed

Import traces:
  Client Component Browser:
    ./app/onboarding/page.tsx [Client Component Browser]
    ./app/onboarding/page.tsx [Server Component]

  Client Component SSR:
    ./app/onboarding/page.tsx [Client Component SSR]
    ./app/onboarding/page.tsx [Server Component] @ http://localhost:3000/_next/static/chunks/node_modules_next_dist_1e8vcs8._.js:1052
[  359492ms] [ERROR] ./app/onboarding/page.tsx:204:13
Error: Expression expected
  202 |                 </div>
  203 |               </div>
> 204 |             </PantallaFunnel>
      |             ^
  205 |           )}
  206 |
  207 |           {paso === 'reconocimiento' && (

Parsing ecmascript source code failed

Import traces:
  Client Component Browser:
    ./app/onboarding/page.tsx [Client Component Browser]
    ./app/onboarding/page.tsx [Server Component]

  Client Component SSR:
    ./app/onboarding/page.tsx [Client Component SSR]
    ./app/onboarding/page.tsx [Server Component] @ http://localhost:3000/_next/static/chunks/node_modules_next_dist_1e8vcs8._.js:1052
[  359492ms] [ERROR] ./app/onboarding/page.tsx:204:14
Error: Unterminated regexp literal
  202 |                 </div>
  203 |               </div>
> 204 |             </PantallaFunnel>
      |              ^^^^^^^^^^^^^^^^
  205 |           )}
  206 |
  207 |           {paso === 'reconocimiento' && (

Parsing ecmascript source code failed

Import traces:
  Client Component Browser:
    ./app/onboarding/page.tsx [Client Component Browser]
    ./app/onboarding/page.tsx [Server Component]

  Client Component SSR:
    ./app/onboarding/page.tsx [Client Component SSR]
    ./app/onboarding/page.tsx [Server Component] @ http://localhost:3000/_next/static/chunks/node_modules_next_dist_1e8vcs8._.js:1052
[  359549ms] [ERROR] ./app/onboarding/page.tsx:204:13
Error: Expression expected
  202 |                 </div>
  203 |               </div>
> 204 |             </PantallaFunnel>
      |             ^
  205 |           )}
  206 |
  207 |           {paso === 'reconocimiento' && (

Parsing ecmascript source code failed

Import traces:
  Client Component Browser:
    ./app/onboarding/page.tsx [Client Component Browser]
    ./app/onboarding/page.tsx [Server Component]

  Client Component SSR:
    ./app/onboarding/page.tsx [Client Component SSR]
    ./app/onboarding/page.tsx [Server Component] @ http://localhost:3000/_next/static/chunks/node_modules_next_dist_1e8vcs8._.js:1052
[  359550ms] [ERROR] ./app/onboarding/page.tsx:204:14
Error: Unterminated regexp literal
  202 |                 </div>
  203 |               </div>
> 204 |             </PantallaFunnel>
      |              ^^^^^^^^^^^^^^^^
  205 |           )}
  206 |
  207 |           {paso === 'reconocimiento' && (

Parsing ecmascript source code failed

Import traces:
  Client Component Browser:
    ./app/onboarding/page.tsx [Client Component Browser]
    ./app/onboarding/page.tsx [Server Component]

  Client Component SSR:
    ./app/onboarding/page.tsx [Client Component SSR]
    ./app/onboarding/page.tsx [Server Component] @ http://localhost:3000/_next/static/chunks/node_modules_next_dist_1e8vcs8._.js:1052
[  359603ms] [ERROR] ./app/onboarding/page.tsx:204:13
Error: Expression expected
  202 |                 </div>
  203 |               </div>
> 204 |             </PantallaFunnel>
      |             ^
  205 |           )}
  206 |
  207 |           {paso === 'reconocimiento' && (

Parsing ecmascript source code failed

Import traces:
  Client Component Browser:
    ./app/onboarding/page.tsx [Client Component Browser]
    ./app/onboarding/page.tsx [Server Component]

  Client Component SSR:
    ./app/onboarding/page.tsx [Client Component SSR]
    ./app/onboarding/page.tsx [Server Component] @ http://localhost:3000/_next/static/chunks/node_modules_next_dist_1e8vcs8._.js:1052
[  359603ms] [ERROR] ./app/onboarding/page.tsx:204:14
Error: Unterminated regexp literal
  202 |                 </div>
  203 |               </div>
> 204 |             </PantallaFunnel>
      |              ^^^^^^^^^^^^^^^^
  205 |           )}
  206 |
  207 |           {paso === 'reconocimiento' && (

Parsing ecmascript source code failed

Import traces:
  Client Component Browser:
    ./app/onboarding/page.tsx [Client Component Browser]
    ./app/onboarding/page.tsx [Server Component]

  Client Component SSR:
    ./app/onboarding/page.tsx [Client Component SSR]
    ./app/onboarding/page.tsx [Server Component] @ http://localhost:3000/_next/static/chunks/node_modules_next_dist_1e8vcs8._.js:1052
[  359650ms] [ERROR] ./app/onboarding/page.tsx:204:13
Error: Expression expected
  202 |                 </div>
  203 |               </div>
> 204 |             </PantallaFunnel>
      |             ^
  205 |           )}
  206 |
  207 |           {paso === 'reconocimiento' && (

Parsing ecmascript source code failed

Import traces:
  Client Component Browser:
    ./app/onboarding/page.tsx [Client Component Browser]
    ./app/onboarding/page.tsx [Server Component]

  Client Component SSR:
    ./app/onboarding/page.tsx [Client Component SSR]
    ./app/onboarding/page.tsx [Server Component] @ http://localhost:3000/_next/static/chunks/node_modules_next_dist_1e8vcs8._.js:1052
[  359653ms] [ERROR] ./app/onboarding/page.tsx:204:14
Error: Unterminated regexp literal
  202 |                 </div>
  203 |               </div>
> 204 |             </PantallaFunnel>
      |              ^^^^^^^^^^^^^^^^
  205 |           )}
  206 |
  207 |           {paso === 'reconocimiento' && (

Parsing ecmascript source code failed

Import traces:
  Client Component Browser:
    ./app/onboarding/page.tsx [Client Component Browser]
    ./app/onboarding/page.tsx [Server Component]

  Client Component SSR:
    ./app/onboarding/page.tsx [Client Component SSR]
    ./app/onboarding/page.tsx [Server Component] @ http://localhost:3000/_next/static/chunks/node_modules_next_dist_1e8vcs8._.js:1052
[  359701ms] [ERROR] ./app/onboarding/page.tsx:204:13
Error: Expression expected
  202 |                 </div>
  203 |               </div>
> 204 |             </PantallaFunnel>
      |             ^
  205 |           )}
  206 |
  207 |           {paso === 'reconocimiento' && (

Parsing ecmascript source code failed

Import traces:
  Client Component Browser:
    ./app/onboarding/page.tsx [Client Component Browser]
    ./app/onboarding/page.tsx [Server Component]

  Client Component SSR:
    ./app/onboarding/page.tsx [Client Component SSR]
    ./app/onboarding/page.tsx [Server Component] @ http://localhost:3000/_next/static/chunks/node_modules_next_dist_1e8vcs8._.js:1052
[  359701ms] [ERROR] ./app/onboarding/page.tsx:204:14
Error: Unterminated regexp literal
  202 |                 </div>
  203 |               </div>
> 204 |             </PantallaFunnel>
      |              ^^^^^^^^^^^^^^^^
  205 |           )}
  206 |
  207 |           {paso === 'reconocimiento' && (

Parsing ecmascript source code failed

Import traces:
  Client Component Browser:
    ./app/onboarding/page.tsx [Client Component Browser]
    ./app/onboarding/page.tsx [Server Component]

  Client Component SSR:
    ./app/onboarding/page.tsx [Client Component SSR]
    ./app/onboarding/page.tsx [Server Component] @ http://localhost:3000/_next/static/chunks/node_modules_next_dist_1e8vcs8._.js:1052
[  359768ms] [ERROR] ./app/onboarding/page.tsx:204:13
Error: Expression expected
  202 |                 </div>
  203 |               </div>
> 204 |             </PantallaFunnel>
      |             ^
  205 |           )}
  206 |
  207 |           {paso === 'reconocimiento' && (

Parsing ecmascript source code failed

Import traces:
  Client Component Browser:
    ./app/onboarding/page.tsx [Client Component Browser]
    ./app/onboarding/page.tsx [Server Component]

  Client Component SSR:
    ./app/onboarding/page.tsx [Client Component SSR]
    ./app/onboarding/page.tsx [Server Component] @ http://localhost:3000/_next/static/chunks/node_modules_next_dist_1e8vcs8._.js:1052
[  359769ms] [ERROR] ./app/onboarding/page.tsx:204:14
Error: Unterminated regexp literal
  202 |                 </div>
  203 |               </div>
> 204 |             </PantallaFunnel>
      |              ^^^^^^^^^^^^^^^^
  205 |           )}
  206 |
  207 |           {paso === 'reconocimiento' && (

Parsing ecmascript source code failed

Import traces:
  Client Component Browser:
    ./app/onboarding/page.tsx [Client Component Browser]
    ./app/onboarding/page.tsx [Server Component]

  Client Component SSR:
    ./app/onboarding/page.tsx [Client Component SSR]
    ./app/onboarding/page.tsx [Server Component] @ http://localhost:3000/_next/static/chunks/node_modules_next_dist_1e8vcs8._.js:1052
[  359816ms] [ERROR] ./app/onboarding/page.tsx:204:13
Error: Expression expected
  202 |                 </div>
  203 |               </div>
> 204 |             </PantallaFunnel>
      |             ^
  205 |           )}
  206 |
  207 |           {paso === 'reconocimiento' && (

Parsing ecmascript source code failed

Import traces:
  Client Component Browser:
    ./app/onboarding/page.tsx [Client Component Browser]
    ./app/onboarding/page.tsx [Server Component]

  Client Component SSR:
    ./app/onboarding/page.tsx [Client Component SSR]
    ./app/onboarding/page.tsx [Server Component] @ http://localhost:3000/_next/static/chunks/node_modules_next_dist_1e8vcs8._.js:1052
[  359817ms] [ERROR] ./app/onboarding/page.tsx:204:14
Error: Unterminated regexp literal
  202 |                 </div>
  203 |               </div>
> 204 |             </PantallaFunnel>
      |              ^^^^^^^^^^^^^^^^
  205 |           )}
  206 |
  207 |           {paso === 'reconocimiento' && (

Parsing ecmascript source code failed

Import traces:
  Client Component Browser:
    ./app/onboarding/page.tsx [Client Component Browser]
    ./app/onboarding/page.tsx [Server Component]

  Client Component SSR:
    ./app/onboarding/page.tsx [Client Component SSR]
    ./app/onboarding/page.tsx [Server Component] @ http://localhost:3000/_next/static/chunks/node_modules_next_dist_1e8vcs8._.js:1052
[  359871ms] [ERROR] ./app/onboarding/page.tsx:204:13
Error: Expression expected
  202 |                 </div>
  203 |               </div>
> 204 |             </PantallaFunnel>
      |             ^
  205 |           )}
  206 |
  207 |           {paso === 'reconocimiento' && (

Parsing ecmascript source code failed

Import traces:
  Client Component Browser:
    ./app/onboarding/page.tsx [Client Component Browser]
    ./app/onboarding/page.tsx [Server Component]

  Client Component SSR:
    ./app/onboarding/page.tsx [Client Component SSR]
    ./app/onboarding/page.tsx [Server Component] @ http://localhost:3000/_next/static/chunks/node_modules_next_dist_1e8vcs8._.js:1052
[  359871ms] [ERROR] ./app/onboarding/page.tsx:204:14
Error: Unterminated regexp literal
  202 |                 </div>
  203 |               </div>
> 204 |             </PantallaFunnel>
      |              ^^^^^^^^^^^^^^^^
  205 |           )}
  206 |
  207 |           {paso === 'reconocimiento' && (

Parsing ecmascript source code failed

Import traces:
  Client Component Browser:
    ./app/onboarding/page.tsx [Client Component Browser]
    ./app/onboarding/page.tsx [Server Component]

  Client Component SSR:
    ./app/onboarding/page.tsx [Client Component SSR]
    ./app/onboarding/page.tsx [Server Component] @ http://localhost:3000/_next/static/chunks/node_modules_next_dist_1e8vcs8._.js:1052
[  359915ms] [ERROR] ./app/onboarding/page.tsx:204:13
Error: Expression expected
  202 |                 </div>
  203 |               </div>
> 204 |             </PantallaFunnel>
      |             ^
  205 |           )}
  206 |
  207 |           {paso === 'reconocimiento' && (

Parsing ecmascript source code failed

Import traces:
  Client Component Browser:
    ./app/onboarding/page.tsx [Client Component Browser]
    ./app/onboarding/page.tsx [Server Component]

  Client Component SSR:
    ./app/onboarding/page.tsx [Client Component SSR]
    ./app/onboarding/page.tsx [Server Component] @ http://localhost:3000/_next/static/chunks/node_modules_next_dist_1e8vcs8._.js:1052
[  359916ms] [ERROR] ./app/onboarding/page.tsx:204:14
Error: Unterminated regexp literal
  202 |                 </div>
  203 |               </div>
> 204 |             </PantallaFunnel>
      |              ^^^^^^^^^^^^^^^^
  205 |           )}
  206 |
  207 |           {paso === 'reconocimiento' && (

Parsing ecmascript source code failed

Import traces:
  Client Component Browser:
    ./app/onboarding/page.tsx [Client Component Browser]
    ./app/onboarding/page.tsx [Server Component]

  Client Component SSR:
    ./app/onboarding/page.tsx [Client Component SSR]
    ./app/onboarding/page.tsx [Server Component] @ http://localhost:3000/_next/static/chunks/node_modules_next_dist_1e8vcs8._.js:1052
[  359960ms] [ERROR] ./app/onboarding/page.tsx:204:13
Error: Expression expected
  202 |                 </div>
  203 |               </div>
> 204 |             </PantallaFunnel>
      |             ^
  205 |           )}
  206 |
  207 |           {paso === 'reconocimiento' && (

Parsing ecmascript source code failed

Import traces:
  Client Component Browser:
    ./app/onboarding/page.tsx [Client Component Browser]
    ./app/onboarding/page.tsx [Server Component]

  Client Component SSR:
    ./app/onboarding/page.tsx [Client Component SSR]
    ./app/onboarding/page.tsx [Server Component] @ http://localhost:3000/_next/static/chunks/node_modules_next_dist_1e8vcs8._.js:1052
[  359960ms] [ERROR] ./app/onboarding/page.tsx:204:14
Error: Unterminated regexp literal
  202 |                 </div>
  203 |               </div>
> 204 |             </PantallaFunnel>
      |              ^^^^^^^^^^^^^^^^
  205 |           )}
  206 |
  207 |           {paso === 'reconocimiento' && (

Parsing ecmascript source code failed

Import traces:
  Client Component Browser:
    ./app/onboarding/page.tsx [Client Component Browser]
    ./app/onboarding/page.tsx [Server Component]

  Client Component SSR:
    ./app/onboarding/page.tsx [Client Component SSR]
    ./app/onboarding/page.tsx [Server Component] @ http://localhost:3000/_next/static/chunks/node_modules_next_dist_1e8vcs8._.js:1052
[  360008ms] [ERROR] ./app/onboarding/page.tsx:204:13
Error: Expression expected
  202 |                 </div>
  203 |               </div>
> 204 |             </PantallaFunnel>
      |             ^
  205 |           )}
  206 |
  207 |           {paso === 'reconocimiento' && (

Parsing ecmascript source code failed

Import traces:
  Client Component Browser:
    ./app/onboarding/page.tsx [Client Component Browser]
    ./app/onboarding/page.tsx [Server Component]

  Client Component SSR:
    ./app/onboarding/page.tsx [Client Component SSR]
    ./app/onboarding/page.tsx [Server Component] @ http://localhost:3000/_next/static/chunks/node_modules_next_dist_1e8vcs8._.js:1052
[  360009ms] [ERROR] ./app/onboarding/page.tsx:204:14
Error: Unterminated regexp literal
  202 |                 </div>
  203 |               </div>
> 204 |             </PantallaFunnel>
      |              ^^^^^^^^^^^^^^^^
  205 |           )}
  206 |
  207 |           {paso === 'reconocimiento' && (

Parsing ecmascript source code failed

Import traces:
  Client Component Browser:
    ./app/onboarding/page.tsx [Client Component Browser]
    ./app/onboarding/page.tsx [Server Component]

  Client Component SSR:
    ./app/onboarding/page.tsx [Client Component SSR]
    ./app/onboarding/page.tsx [Server Component] @ http://localhost:3000/_next/static/chunks/node_modules_next_dist_1e8vcs8._.js:1052
[  360054ms] [ERROR] ./app/onboarding/page.tsx:204:13
Error: Expression expected
  202 |                 </div>
  203 |               </div>
> 204 |             </PantallaFunnel>
      |             ^
  205 |           )}
  206 |
  207 |           {paso === 'reconocimiento' && (

Parsing ecmascript source code failed

Import traces:
  Client Component Browser:
    ./app/onboarding/page.tsx [Client Component Browser]
    ./app/onboarding/page.tsx [Server Component]

  Client Component SSR:
    ./app/onboarding/page.tsx [Client Component SSR]
    ./app/onboarding/page.tsx [Server Component] @ http://localhost:3000/_next/static/chunks/node_modules_next_dist_1e8vcs8._.js:1052
[  360054ms] [ERROR] ./app/onboarding/page.tsx:204:14
Error: Unterminated regexp literal
  202 |                 </div>
  203 |               </div>
> 204 |             </PantallaFunnel>
      |              ^^^^^^^^^^^^^^^^
  205 |           )}
  206 |
  207 |           {paso === 'reconocimiento' && (

Parsing ecmascript source code failed

Import traces:
  Client Component Browser:
    ./app/onboarding/page.tsx [Client Component Browser]
    ./app/onboarding/page.tsx [Server Component]

  Client Component SSR:
    ./app/onboarding/page.tsx [Client Component SSR]
    ./app/onboarding/page.tsx [Server Component] @ http://localhost:3000/_next/static/chunks/node_modules_next_dist_1e8vcs8._.js:1052
[  360094ms] [ERROR] ./app/onboarding/page.tsx:204:13
Error: Expression expected
  202 |                 </div>
  203 |               </div>
> 204 |             </PantallaFunnel>
      |             ^
  205 |           )}
  206 |
  207 |           {paso === 'reconocimiento' && (

Parsing ecmascript source code failed

Import traces:
  Client Component Browser:
    ./app/onboarding/page.tsx [Client Component Browser]
    ./app/onboarding/page.tsx [Server Component]

  Client Component SSR:
    ./app/onboarding/page.tsx [Client Component SSR]
    ./app/onboarding/page.tsx [Server Component] @ http://localhost:3000/_next/static/chunks/node_modules_next_dist_1e8vcs8._.js:1052
[  360094ms] [ERROR] ./app/onboarding/page.tsx:204:14
Error: Unterminated regexp literal
  202 |                 </div>
  203 |               </div>
> 204 |             </PantallaFunnel>
      |              ^^^^^^^^^^^^^^^^
  205 |           )}
  206 |
  207 |           {paso === 'reconocimiento' && (

Parsing ecmascript source code failed

Import traces:
  Client Component Browser:
    ./app/onboarding/page.tsx [Client Component Browser]
    ./app/onboarding/page.tsx [Server Component]

  Client Component SSR:
    ./app/onboarding/page.tsx [Client Component SSR]
    ./app/onboarding/page.tsx [Server Component] @ http://localhost:3000/_next/static/chunks/node_modules_next_dist_1e8vcs8._.js:1052
[  360139ms] [ERROR] ./app/onboarding/page.tsx:204:13
Error: Expression expected
  202 |                 </div>
  203 |               </div>
> 204 |             </PantallaFunnel>
      |             ^
  205 |           )}
  206 |
  207 |           {paso === 'reconocimiento' && (

Parsing ecmascript source code failed

Import traces:
  Client Component Browser:
    ./app/onboarding/page.tsx [Client Component Browser]
    ./app/onboarding/page.tsx [Server Component]

  Client Component SSR:
    ./app/onboarding/page.tsx [Client Component SSR]
    ./app/onboarding/page.tsx [Server Component] @ http://localhost:3000/_next/static/chunks/node_modules_next_dist_1e8vcs8._.js:1052
[  360140ms] [ERROR] ./app/onboarding/page.tsx:204:14
Error: Unterminated regexp literal
  202 |                 </div>
  203 |               </div>
> 204 |             </PantallaFunnel>
      |              ^^^^^^^^^^^^^^^^
  205 |           )}
  206 |
  207 |           {paso === 'reconocimiento' && (

Parsing ecmascript source code failed

Import traces:
  Client Component Browser:
    ./app/onboarding/page.tsx [Client Component Browser]
    ./app/onboarding/page.tsx [Server Component]

  Client Component SSR:
    ./app/onboarding/page.tsx [Client Component SSR]
    ./app/onboarding/page.tsx [Server Component] @ http://localhost:3000/_next/static/chunks/node_modules_next_dist_1e8vcs8._.js:1052
[  360202ms] [ERROR] ./app/onboarding/page.tsx:204:13
Error: Expression expected
  202 |                 </div>
  203 |               </div>
> 204 |             </PantallaFunnel>
      |             ^
  205 |           )}
  206 |
  207 |           {paso === 'reconocimiento' && (

Parsing ecmascript source code failed

Import traces:
  Client Component Browser:
    ./app/onboarding/page.tsx [Client Component Browser]
    ./app/onboarding/page.tsx [Server Component]

  Client Component SSR:
    ./app/onboarding/page.tsx [Client Component SSR]
    ./app/onboarding/page.tsx [Server Component] @ http://localhost:3000/_next/static/chunks/node_modules_next_dist_1e8vcs8._.js:1052
[  360202ms] [ERROR] ./app/onboarding/page.tsx:204:14
Error: Unterminated regexp literal
  202 |                 </div>
  203 |               </div>
> 204 |             </PantallaFunnel>
      |              ^^^^^^^^^^^^^^^^
  205 |           )}
  206 |
  207 |           {paso === 'reconocimiento' && (

Parsing ecmascript source code failed

Import traces:
  Client Component Browser:
    ./app/onboarding/page.tsx [Client Component Browser]
    ./app/onboarding/page.tsx [Server Component]

  Client Component SSR:
    ./app/onboarding/page.tsx [Client Component SSR]
    ./app/onboarding/page.tsx [Server Component] @ http://localhost:3000/_next/static/chunks/node_modules_next_dist_1e8vcs8._.js:1052
[  360254ms] [ERROR] ./app/onboarding/page.tsx:204:13
Error: Expression expected
  202 |                 </div>
  203 |               </div>
> 204 |             </PantallaFunnel>
      |             ^
  205 |           )}
  206 |
  207 |           {paso === 'reconocimiento' && (

Parsing ecmascript source code failed

Import traces:
  Client Component Browser:
    ./app/onboarding/page.tsx [Client Component Browser]
    ./app/onboarding/page.tsx [Server Component]

  Client Component SSR:
    ./app/onboarding/page.tsx [Client Component SSR]
    ./app/onboarding/page.tsx [Server Component] @ http://localhost:3000/_next/static/chunks/node_modules_next_dist_1e8vcs8._.js:1052
[  360254ms] [ERROR] ./app/onboarding/page.tsx:204:14
Error: Unterminated regexp literal
  202 |                 </div>
  203 |               </div>
> 204 |             </PantallaFunnel>
      |              ^^^^^^^^^^^^^^^^
  205 |           )}
  206 |
  207 |           {paso === 'reconocimiento' && (

Parsing ecmascript source code failed

Import traces:
  Client Component Browser:
    ./app/onboarding/page.tsx [Client Component Browser]
    ./app/onboarding/page.tsx [Server Component]

  Client Component SSR:
    ./app/onboarding/page.tsx [Client Component SSR]
    ./app/onboarding/page.tsx [Server Component] @ http://localhost:3000/_next/static/chunks/node_modules_next_dist_1e8vcs8._.js:1052
[  360309ms] [ERROR] ./app/onboarding/page.tsx:204:13
Error: Expression expected
  202 |                 </div>
  203 |               </div>
> 204 |             </PantallaFunnel>
      |             ^
  205 |           )}
  206 |
  207 |           {paso === 'reconocimiento' && (

Parsing ecmascript source code failed

Import traces:
  Client Component Browser:
    ./app/onboarding/page.tsx [Client Component Browser]
    ./app/onboarding/page.tsx [Server Component]

  Client Component SSR:
    ./app/onboarding/page.tsx [Client Component SSR]
    ./app/onboarding/page.tsx [Server Component] @ http://localhost:3000/_next/static/chunks/node_modules_next_dist_1e8vcs8._.js:1052
[  360309ms] [ERROR] ./app/onboarding/page.tsx:204:14
Error: Unterminated regexp literal
  202 |                 </div>
  203 |               </div>
> 204 |             </PantallaFunnel>
      |              ^^^^^^^^^^^^^^^^
  205 |           )}
  206 |
  207 |           {paso === 'reconocimiento' && (

Parsing ecmascript source code failed

Import traces:
  Client Component Browser:
    ./app/onboarding/page.tsx [Client Component Browser]
    ./app/onboarding/page.tsx [Server Component]

  Client Component SSR:
    ./app/onboarding/page.tsx [Client Component SSR]
    ./app/onboarding/page.tsx [Server Component] @ http://localhost:3000/_next/static/chunks/node_modules_next_dist_1e8vcs8._.js:1052
[  360359ms] [ERROR] ./app/onboarding/page.tsx:204:13
Error: Expression expected
  202 |                 </div>
  203 |               </div>
> 204 |             </PantallaFunnel>
      |             ^
  205 |           )}
  206 |
  207 |           {paso === 'reconocimiento' && (

Parsing ecmascript source code failed

Import traces:
  Client Component Browser:
    ./app/onboarding/page.tsx [Client Component Browser]
    ./app/onboarding/page.tsx [Server Component]

  Client Component SSR:
    ./app/onboarding/page.tsx [Client Component SSR]
    ./app/onboarding/page.tsx [Server Component] @ http://localhost:3000/_next/static/chunks/node_modules_next_dist_1e8vcs8._.js:1052
[  360360ms] [ERROR] ./app/onboarding/page.tsx:204:14
Error: Unterminated regexp literal
  202 |                 </div>
  203 |               </div>
> 204 |             </PantallaFunnel>
      |              ^^^^^^^^^^^^^^^^
  205 |           )}
  206 |
  207 |           {paso === 'reconocimiento' && (

Parsing ecmascript source code failed

Import traces:
  Client Component Browser:
    ./app/onboarding/page.tsx [Client Component Browser]
    ./app/onboarding/page.tsx [Server Component]

  Client Component SSR:
    ./app/onboarding/page.tsx [Client Component SSR]
    ./app/onboarding/page.tsx [Server Component] @ http://localhost:3000/_next/static/chunks/node_modules_next_dist_1e8vcs8._.js:1052
[  360410ms] [ERROR] ./app/onboarding/page.tsx:204:13
Error: Expression expected
  202 |                 </div>
  203 |               </div>
> 204 |             </PantallaFunnel>
      |             ^
  205 |           )}
  206 |
  207 |           {paso === 'reconocimiento' && (

Parsing ecmascript source code failed

Import traces:
  Client Component Browser:
    ./app/onboarding/page.tsx [Client Component Browser]
    ./app/onboarding/page.tsx [Server Component]

  Client Component SSR:
    ./app/onboarding/page.tsx [Client Component SSR]
    ./app/onboarding/page.tsx [Server Component] @ http://localhost:3000/_next/static/chunks/node_modules_next_dist_1e8vcs8._.js:1052
[  360410ms] [ERROR] ./app/onboarding/page.tsx:204:14
Error: Unterminated regexp literal
  202 |                 </div>
  203 |               </div>
> 204 |             </PantallaFunnel>
      |              ^^^^^^^^^^^^^^^^
  205 |           )}
  206 |
  207 |           {paso === 'reconocimiento' && (

Parsing ecmascript source code failed

Import traces:
  Client Component Browser:
    ./app/onboarding/page.tsx [Client Component Browser]
    ./app/onboarding/page.tsx [Server Component]

  Client Component SSR:
    ./app/onboarding/page.tsx [Client Component SSR]
    ./app/onboarding/page.tsx [Server Component] @ http://localhost:3000/_next/static/chunks/node_modules_next_dist_1e8vcs8._.js:1052
[  360460ms] [ERROR] ./app/onboarding/page.tsx:204:13
Error: Expression expected
  202 |                 </div>
  203 |               </div>
> 204 |             </PantallaFunnel>
      |             ^
  205 |           )}
  206 |
  207 |           {paso === 'reconocimiento' && (

Parsing ecmascript source code failed

Import traces:
  Client Component Browser:
    ./app/onboarding/page.tsx [Client Component Browser]
    ./app/onboarding/page.tsx [Server Component]

  Client Component SSR:
    ./app/onboarding/page.tsx [Client Component SSR]
    ./app/onboarding/page.tsx [Server Component] @ http://localhost:3000/_next/static/chunks/node_modules_next_dist_1e8vcs8._.js:1052
[  360462ms] [ERROR] ./app/onboarding/page.tsx:204:14
Error: Unterminated regexp literal
  202 |                 </div>
  203 |               </div>
> 204 |             </PantallaFunnel>
      |              ^^^^^^^^^^^^^^^^
  205 |           )}
  206 |
  207 |           {paso === 'reconocimiento' && (

Parsing ecmascript source code failed

Import traces:
  Client Component Browser:
    ./app/onboarding/page.tsx [Client Component Browser]
    ./app/onboarding/page.tsx [Server Component]

  Client Component SSR:
    ./app/onboarding/page.tsx [Client Component SSR]
    ./app/onboarding/page.tsx [Server Component] @ http://localhost:3000/_next/static/chunks/node_modules_next_dist_1e8vcs8._.js:1052
[  360520ms] [ERROR] ./app/onboarding/page.tsx:204:13
Error: Expression expected
  202 |                 </div>
  203 |               </div>
> 204 |             </PantallaFunnel>
      |             ^
  205 |           )}
  206 |
  207 |           {paso === 'reconocimiento' && (

Parsing ecmascript source code failed

Import traces:
  Client Component Browser:
    ./app/onboarding/page.tsx [Client Component Browser]
    ./app/onboarding/page.tsx [Server Component]

  Client Component SSR:
    ./app/onboarding/page.tsx [Client Component SSR]
    ./app/onboarding/page.tsx [Server Component] @ http://localhost:3000/_next/static/chunks/node_modules_next_dist_1e8vcs8._.js:1052
[  360521ms] [ERROR] ./app/onboarding/page.tsx:204:14
Error: Unterminated regexp literal
  202 |                 </div>
  203 |               </div>
> 204 |             </PantallaFunnel>
      |              ^^^^^^^^^^^^^^^^
  205 |           )}
  206 |
  207 |           {paso === 'reconocimiento' && (

Parsing ecmascript source code failed

Import traces:
  Client Component Browser:
    ./app/onboarding/page.tsx [Client Component Browser]
    ./app/onboarding/page.tsx [Server Component]

  Client Component SSR:
    ./app/onboarding/page.tsx [Client Component SSR]
    ./app/onboarding/page.tsx [Server Component] @ http://localhost:3000/_next/static/chunks/node_modules_next_dist_1e8vcs8._.js:1052
[  360576ms] [ERROR] ./app/onboarding/page.tsx:204:13
Error: Expression expected
  202 |                 </div>
  203 |               </div>
> 204 |             </PantallaFunnel>
      |             ^
  205 |           )}
  206 |
  207 |           {paso === 'reconocimiento' && (

Parsing ecmascript source code failed

Import traces:
  Client Component Browser:
    ./app/onboarding/page.tsx [Client Component Browser]
    ./app/onboarding/page.tsx [Server Component]

  Client Component SSR:
    ./app/onboarding/page.tsx [Client Component SSR]
    ./app/onboarding/page.tsx [Server Component] @ http://localhost:3000/_next/static/chunks/node_modules_next_dist_1e8vcs8._.js:1052
[  360576ms] [ERROR] ./app/onboarding/page.tsx:204:14
Error: Unterminated regexp literal
  202 |                 </div>
  203 |               </div>
> 204 |             </PantallaFunnel>
      |              ^^^^^^^^^^^^^^^^
  205 |           )}
  206 |
  207 |           {paso === 'reconocimiento' && (

Parsing ecmascript source code failed

Import traces:
  Client Component Browser:
    ./app/onboarding/page.tsx [Client Component Browser]
    ./app/onboarding/page.tsx [Server Component]

  Client Component SSR:
    ./app/onboarding/page.tsx [Client Component SSR]
    ./app/onboarding/page.tsx [Server Component] @ http://localhost:3000/_next/static/chunks/node_modules_next_dist_1e8vcs8._.js:1052
[  360627ms] [ERROR] ./app/onboarding/page.tsx:204:13
Error: Expression expected
  202 |                 </div>
  203 |               </div>
> 204 |             </PantallaFunnel>
      |             ^
  205 |           )}
  206 |
  207 |           {paso === 'reconocimiento' && (

Parsing ecmascript source code failed

Import traces:
  Client Component Browser:
    ./app/onboarding/page.tsx [Client Component Browser]
    ./app/onboarding/page.tsx [Server Component]

  Client Component SSR:
    ./app/onboarding/page.tsx [Client Component SSR]
    ./app/onboarding/page.tsx [Server Component] @ http://localhost:3000/_next/static/chunks/node_modules_next_dist_1e8vcs8._.js:1052
[  360627ms] [ERROR] ./app/onboarding/page.tsx:204:14
Error: Unterminated regexp literal
  202 |                 </div>
  203 |               </div>
> 204 |             </PantallaFunnel>
      |              ^^^^^^^^^^^^^^^^
  205 |           )}
  206 |
  207 |           {paso === 'reconocimiento' && (

Parsing ecmascript source code failed

Import traces:
  Client Component Browser:
    ./app/onboarding/page.tsx [Client Component Browser]
    ./app/onboarding/page.tsx [Server Component]

  Client Component SSR:
    ./app/onboarding/page.tsx [Client Component SSR]
    ./app/onboarding/page.tsx [Server Component] @ http://localhost:3000/_next/static/chunks/node_modules_next_dist_1e8vcs8._.js:1052
[  360676ms] [ERROR] ./app/onboarding/page.tsx:204:13
Error: Expression expected
  202 |                 </div>
  203 |               </div>
> 204 |             </PantallaFunnel>
      |             ^
  205 |           )}
  206 |
  207 |           {paso === 'reconocimiento' && (

Parsing ecmascript source code failed

Import traces:
  Client Component Browser:
    ./app/onboarding/page.tsx [Client Component Browser]
    ./app/onboarding/page.tsx [Server Component]

  Client Component SSR:
    ./app/onboarding/page.tsx [Client Component SSR]
    ./app/onboarding/page.tsx [Server Component] @ http://localhost:3000/_next/static/chunks/node_modules_next_dist_1e8vcs8._.js:1052
[  360676ms] [ERROR] ./app/onboarding/page.tsx:204:14
Error: Unterminated regexp literal
  202 |                 </div>
  203 |               </div>
> 204 |             </PantallaFunnel>
      |              ^^^^^^^^^^^^^^^^
  205 |           )}
  206 |
  207 |           {paso === 'reconocimiento' && (

Parsing ecmascript source code failed

Import traces:
  Client Component Browser:
    ./app/onboarding/page.tsx [Client Component Browser]
    ./app/onboarding/page.tsx [Server Component]

  Client Component SSR:
    ./app/onboarding/page.tsx [Client Component SSR]
    ./app/onboarding/page.tsx [Server Component] @ http://localhost:3000/_next/static/chunks/node_modules_next_dist_1e8vcs8._.js:1052
[  360741ms] [ERROR] ./app/onboarding/page.tsx:204:13
Error: Expression expected
  202 |                 </div>
  203 |               </div>
> 204 |             </PantallaFunnel>
      |             ^
  205 |           )}
  206 |
  207 |           {paso === 'reconocimiento' && (

Parsing ecmascript source code failed

Import traces:
  Client Component Browser:
    ./app/onboarding/page.tsx [Client Component Browser]
    ./app/onboarding/page.tsx [Server Component]

  Client Component SSR:
    ./app/onboarding/page.tsx [Client Component SSR]
    ./app/onboarding/page.tsx [Server Component] @ http://localhost:3000/_next/static/chunks/node_modules_next_dist_1e8vcs8._.js:1052
[  360742ms] [ERROR] ./app/onboarding/page.tsx:204:14
Error: Unterminated regexp literal
  202 |                 </div>
  203 |               </div>
> 204 |             </PantallaFunnel>
      |              ^^^^^^^^^^^^^^^^
  205 |           )}
  206 |
  207 |           {paso === 'reconocimiento' && (

Parsing ecmascript source code failed

Import traces:
  Client Component Browser:
    ./app/onboarding/page.tsx [Client Component Browser]
    ./app/onboarding/page.tsx [Server Component]

  Client Component SSR:
    ./app/onboarding/page.tsx [Client Component SSR]
    ./app/onboarding/page.tsx [Server Component] @ http://localhost:3000/_next/static/chunks/node_modules_next_dist_1e8vcs8._.js:1052
[  360800ms] [ERROR] ./app/onboarding/page.tsx:204:13
Error: Expression expected
  202 |                 </div>
  203 |               </div>
> 204 |             </PantallaFunnel>
      |             ^
  205 |           )}
  206 |
  207 |           {paso === 'reconocimiento' && (

Parsing ecmascript source code failed

Import traces:
  Client Component Browser:
    ./app/onboarding/page.tsx [Client Component Browser]
    ./app/onboarding/page.tsx [Server Component]

  Client Component SSR:
    ./app/onboarding/page.tsx [Client Component SSR]
    ./app/onboarding/page.tsx [Server Component] @ http://localhost:3000/_next/static/chunks/node_modules_next_dist_1e8vcs8._.js:1052
[  360800ms] [ERROR] ./app/onboarding/page.tsx:204:14
Error: Unterminated regexp literal
  202 |                 </div>
  203 |               </div>
> 204 |             </PantallaFunnel>
      |              ^^^^^^^^^^^^^^^^
  205 |           )}
  206 |
  207 |           {paso === 'reconocimiento' && (

Parsing ecmascript source code failed

Import traces:
  Client Component Browser:
    ./app/onboarding/page.tsx [Client Component Browser]
    ./app/onboarding/page.tsx [Server Component]

  Client Component SSR:
    ./app/onboarding/page.tsx [Client Component SSR]
    ./app/onboarding/page.tsx [Server Component] @ http://localhost:3000/_next/static/chunks/node_modules_next_dist_1e8vcs8._.js:1052
[  360852ms] [ERROR] ./app/onboarding/page.tsx:204:13
Error: Expression expected
  202 |                 </div>
  203 |               </div>
> 204 |             </PantallaFunnel>
      |             ^
  205 |           )}
  206 |
  207 |           {paso === 'reconocimiento' && (

Parsing ecmascript source code failed

Import traces:
  Client Component Browser:
    ./app/onboarding/page.tsx [Client Component Browser]
    ./app/onboarding/page.tsx [Server Component]

  Client Component SSR:
    ./app/onboarding/page.tsx [Client Component SSR]
    ./app/onboarding/page.tsx [Server Component] @ http://localhost:3000/_next/static/chunks/node_modules_next_dist_1e8vcs8._.js:1052
[  360853ms] [ERROR] ./app/onboarding/page.tsx:204:14
Error: Unterminated regexp literal
  202 |                 </div>
  203 |               </div>
> 204 |             </PantallaFunnel>
      |              ^^^^^^^^^^^^^^^^
  205 |           )}
  206 |
  207 |           {paso === 'reconocimiento' && (

Parsing ecmascript source code failed

Import traces:
  Client Component Browser:
    ./app/onboarding/page.tsx [Client Component Browser]
    ./app/onboarding/page.tsx [Server Component]

  Client Component SSR:
    ./app/onboarding/page.tsx [Client Component SSR]
    ./app/onboarding/page.tsx [Server Component] @ http://localhost:3000/_next/static/chunks/node_modules_next_dist_1e8vcs8._.js:1052
[  360903ms] [ERROR] ./app/onboarding/page.tsx:204:13
Error: Expression expected
  202 |                 </div>
  203 |               </div>
> 204 |             </PantallaFunnel>
      |             ^
  205 |           )}
  206 |
  207 |           {paso === 'reconocimiento' && (

Parsing ecmascript source code failed

Import traces:
  Client Component Browser:
    ./app/onboarding/page.tsx [Client Component Browser]
    ./app/onboarding/page.tsx [Server Component]

  Client Component SSR:
    ./app/onboarding/page.tsx [Client Component SSR]
    ./app/onboarding/page.tsx [Server Component] @ http://localhost:3000/_next/static/chunks/node_modules_next_dist_1e8vcs8._.js:1052
[  360903ms] [ERROR] ./app/onboarding/page.tsx:204:14
Error: Unterminated regexp literal
  202 |                 </div>
  203 |               </div>
> 204 |             </PantallaFunnel>
      |              ^^^^^^^^^^^^^^^^
  205 |           )}
  206 |
  207 |           {paso === 'reconocimiento' && (

Parsing ecmascript source code failed

Import traces:
  Client Component Browser:
    ./app/onboarding/page.tsx [Client Component Browser]
    ./app/onboarding/page.tsx [Server Component]

  Client Component SSR:
    ./app/onboarding/page.tsx [Client Component SSR]
    ./app/onboarding/page.tsx [Server Component] @ http://localhost:3000/_next/static/chunks/node_modules_next_dist_1e8vcs8._.js:1052
[  360948ms] [ERROR] ./app/onboarding/page.tsx:204:13
Error: Expression expected
  202 |                 </div>
  203 |               </div>
> 204 |             </PantallaFunnel>
      |             ^
  205 |           )}
  206 |
  207 |           {paso === 'reconocimiento' && (

Parsing ecmascript source code failed

Import traces:
  Client Component Browser:
    ./app/onboarding/page.tsx [Client Component Browser]
    ./app/onboarding/page.tsx [Server Component]

  Client Component SSR:
    ./app/onboarding/page.tsx [Client Component SSR]
    ./app/onboarding/page.tsx [Server Component] @ http://localhost:3000/_next/static/chunks/node_modules_next_dist_1e8vcs8._.js:1052
[  360949ms] [ERROR] ./app/onboarding/page.tsx:204:14
Error: Unterminated regexp literal
  202 |                 </div>
  203 |               </div>
> 204 |             </PantallaFunnel>
      |              ^^^^^^^^^^^^^^^^
  205 |           )}
  206 |
  207 |           {paso === 'reconocimiento' && (

Parsing ecmascript source code failed

Import traces:
  Client Component Browser:
    ./app/onboarding/page.tsx [Client Component Browser]
    ./app/onboarding/page.tsx [Server Component]

  Client Component SSR:
    ./app/onboarding/page.tsx [Client Component SSR]
    ./app/onboarding/page.tsx [Server Component] @ http://localhost:3000/_next/static/chunks/node_modules_next_dist_1e8vcs8._.js:1052
[  360994ms] [ERROR] ./app/onboarding/page.tsx:204:13
Error: Expression expected
  202 |                 </div>
  203 |               </div>
> 204 |             </PantallaFunnel>
      |             ^
  205 |           )}
  206 |
  207 |           {paso === 'reconocimiento' && (

Parsing ecmascript source code failed

Import traces:
  Client Component Browser:
    ./app/onboarding/page.tsx [Client Component Browser]
    ./app/onboarding/page.tsx [Server Component]

  Client Component SSR:
    ./app/onboarding/page.tsx [Client Component SSR]
    ./app/onboarding/page.tsx [Server Component] @ http://localhost:3000/_next/static/chunks/node_modules_next_dist_1e8vcs8._.js:1052
[  360994ms] [ERROR] ./app/onboarding/page.tsx:204:14
Error: Unterminated regexp literal
  202 |                 </div>
  203 |               </div>
> 204 |             </PantallaFunnel>
      |              ^^^^^^^^^^^^^^^^
  205 |           )}
  206 |
  207 |           {paso === 'reconocimiento' && (

Parsing ecmascript source code failed

Import traces:
  Client Component Browser:
    ./app/onboarding/page.tsx [Client Component Browser]
    ./app/onboarding/page.tsx [Server Component]

  Client Component SSR:
    ./app/onboarding/page.tsx [Client Component SSR]
    ./app/onboarding/page.tsx [Server Component] @ http://localhost:3000/_next/static/chunks/node_modules_next_dist_1e8vcs8._.js:1052
[  361046ms] [ERROR] ./app/onboarding/page.tsx:204:13
Error: Expression expected
  202 |                 </div>
  203 |               </div>
> 204 |             </PantallaFunnel>
      |             ^
  205 |           )}
  206 |
  207 |           {paso === 'reconocimiento' && (

Parsing ecmascript source code failed

Import traces:
  Client Component Browser:
    ./app/onboarding/page.tsx [Client Component Browser]
    ./app/onboarding/page.tsx [Server Component]

  Client Component SSR:
    ./app/onboarding/page.tsx [Client Component SSR]
    ./app/onboarding/page.tsx [Server Component] @ http://localhost:3000/_next/static/chunks/node_modules_next_dist_1e8vcs8._.js:1052
[  361048ms] [ERROR] ./app/onboarding/page.tsx:204:14
Error: Unterminated regexp literal
  202 |                 </div>
  203 |               </div>
> 204 |             </PantallaFunnel>
      |              ^^^^^^^^^^^^^^^^
  205 |           )}
  206 |
  207 |           {paso === 'reconocimiento' && (

Parsing ecmascript source code failed

Import traces:
  Client Component Browser:
    ./app/onboarding/page.tsx [Client Component Browser]
    ./app/onboarding/page.tsx [Server Component]

  Client Component SSR:
    ./app/onboarding/page.tsx [Client Component SSR]
    ./app/onboarding/page.tsx [Server Component] @ http://localhost:3000/_next/static/chunks/node_modules_next_dist_1e8vcs8._.js:1052
[  361115ms] [ERROR] ./app/onboarding/page.tsx:204:13
Error: Expression expected
  202 |                 </div>
  203 |               </div>
> 204 |             </PantallaFunnel>
      |             ^
  205 |           )}
  206 |
  207 |           {paso === 'reconocimiento' && (

Parsing ecmascript source code failed

Import traces:
  Client Component Browser:
    ./app/onboarding/page.tsx [Client Component Browser]
    ./app/onboarding/page.tsx [Server Component]

  Client Component SSR:
    ./app/onboarding/page.tsx [Client Component SSR]
    ./app/onboarding/page.tsx [Server Component] @ http://localhost:3000/_next/static/chunks/node_modules_next_dist_1e8vcs8._.js:1052
[  361116ms] [ERROR] ./app/onboarding/page.tsx:204:14
Error: Unterminated regexp literal
  202 |                 </div>
  203 |               </div>
> 204 |             </PantallaFunnel>
      |              ^^^^^^^^^^^^^^^^
  205 |           )}
  206 |
  207 |           {paso === 'reconocimiento' && (

Parsing ecmascript source code failed

Import traces:
  Client Component Browser:
    ./app/onboarding/page.tsx [Client Component Browser]
    ./app/onboarding/page.tsx [Server Component]

  Client Component SSR:
    ./app/onboarding/page.tsx [Client Component SSR]
    ./app/onboarding/page.tsx [Server Component] @ http://localhost:3000/_next/static/chunks/node_modules_next_dist_1e8vcs8._.js:1052
[  361169ms] [ERROR] ./app/onboarding/page.tsx:204:13
Error: Expression expected
  202 |                 </div>
  203 |               </div>
> 204 |             </PantallaFunnel>
      |             ^
  205 |           )}
  206 |
  207 |           {paso === 'reconocimiento' && (

Parsing ecmascript source code failed

Import traces:
  Client Component Browser:
    ./app/onboarding/page.tsx [Client Component Browser]
    ./app/onboarding/page.tsx [Server Component]

  Client Component SSR:
    ./app/onboarding/page.tsx [Client Component SSR]
    ./app/onboarding/page.tsx [Server Component] @ http://localhost:3000/_next/static/chunks/node_modules_next_dist_1e8vcs8._.js:1052
[  361169ms] [ERROR] ./app/onboarding/page.tsx:204:14
Error: Unterminated regexp literal
  202 |                 </div>
  203 |               </div>
> 204 |             </PantallaFunnel>
      |              ^^^^^^^^^^^^^^^^
  205 |           )}
  206 |
  207 |           {paso === 'reconocimiento' && (

Parsing ecmascript source code failed

Import traces:
  Client Component Browser:
    ./app/onboarding/page.tsx [Client Component Browser]
    ./app/onboarding/page.tsx [Server Component]

  Client Component SSR:
    ./app/onboarding/page.tsx [Client Component SSR]
    ./app/onboarding/page.tsx [Server Component] @ http://localhost:3000/_next/static/chunks/node_modules_next_dist_1e8vcs8._.js:1052
[  361217ms] [ERROR] ./app/onboarding/page.tsx:204:13
Error: Expression expected
  202 |                 </div>
  203 |               </div>
> 204 |             </PantallaFunnel>
      |             ^
  205 |           )}
  206 |
  207 |           {paso === 'reconocimiento' && (

Parsing ecmascript source code failed

Import traces:
  Client Component Browser:
    ./app/onboarding/page.tsx [Client Component Browser]
    ./app/onboarding/page.tsx [Server Component]

  Client Component SSR:
    ./app/onboarding/page.tsx [Client Component SSR]
    ./app/onboarding/page.tsx [Server Component] @ http://localhost:3000/_next/static/chunks/node_modules_next_dist_1e8vcs8._.js:1052
[  361218ms] [ERROR] ./app/onboarding/page.tsx:204:14
Error: Unterminated regexp literal
  202 |                 </div>
  203 |               </div>
> 204 |             </PantallaFunnel>
      |              ^^^^^^^^^^^^^^^^
  205 |           )}
  206 |
  207 |           {paso === 'reconocimiento' && (

Parsing ecmascript source code failed

Import traces:
  Client Component Browser:
    ./app/onboarding/page.tsx [Client Component Browser]
    ./app/onboarding/page.tsx [Server Component]

  Client Component SSR:
    ./app/onboarding/page.tsx [Client Component SSR]
    ./app/onboarding/page.tsx [Server Component] @ http://localhost:3000/_next/static/chunks/node_modules_next_dist_1e8vcs8._.js:1052
[  361269ms] [ERROR] ./app/onboarding/page.tsx:204:13
Error: Expression expected
  202 |                 </div>
  203 |               </div>
> 204 |             </PantallaFunnel>
      |             ^
  205 |           )}
  206 |
  207 |           {paso === 'reconocimiento' && (

Parsing ecmascript source code failed

Import traces:
  Client Component Browser:
    ./app/onboarding/page.tsx [Client Component Browser]
    ./app/onboarding/page.tsx [Server Component]

  Client Component SSR:
    ./app/onboarding/page.tsx [Client Component SSR]
    ./app/onboarding/page.tsx [Server Component] @ http://localhost:3000/_next/static/chunks/node_modules_next_dist_1e8vcs8._.js:1052
[  361269ms] [ERROR] ./app/onboarding/page.tsx:204:14
Error: Unterminated regexp literal
  202 |                 </div>
  203 |               </div>
> 204 |             </PantallaFunnel>
      |              ^^^^^^^^^^^^^^^^
  205 |           )}
  206 |
  207 |           {paso === 'reconocimiento' && (

Parsing ecmascript source code failed

Import traces:
  Client Component Browser:
    ./app/onboarding/page.tsx [Client Component Browser]
    ./app/onboarding/page.tsx [Server Component]

  Client Component SSR:
    ./app/onboarding/page.tsx [Client Component SSR]
    ./app/onboarding/page.tsx [Server Component] @ http://localhost:3000/_next/static/chunks/node_modules_next_dist_1e8vcs8._.js:1052
[  361317ms] [ERROR] ./app/onboarding/page.tsx:204:13
Error: Expression expected
  202 |                 </div>
  203 |               </div>
> 204 |             </PantallaFunnel>
      |             ^
  205 |           )}
  206 |
  207 |           {paso === 'reconocimiento' && (

Parsing ecmascript source code failed

Import traces:
  Client Component Browser:
    ./app/onboarding/page.tsx [Client Component Browser]
    ./app/onboarding/page.tsx [Server Component]

  Client Component SSR:
    ./app/onboarding/page.tsx [Client Component SSR]
    ./app/onboarding/page.tsx [Server Component] @ http://localhost:3000/_next/static/chunks/node_modules_next_dist_1e8vcs8._.js:1052
[  361317ms] [ERROR] ./app/onboarding/page.tsx:204:14
Error: Unterminated regexp literal
  202 |                 </div>
  203 |               </div>
> 204 |             </PantallaFunnel>
      |              ^^^^^^^^^^^^^^^^
  205 |           )}
  206 |
  207 |           {paso === 'reconocimiento' && (

Parsing ecmascript source code failed

Import traces:
  Client Component Browser:
    ./app/onboarding/page.tsx [Client Component Browser]
    ./app/onboarding/page.tsx [Server Component]

  Client Component SSR:
    ./app/onboarding/page.tsx [Client Component SSR]
    ./app/onboarding/page.tsx [Server Component] @ http://localhost:3000/_next/static/chunks/node_modules_next_dist_1e8vcs8._.js:1052
[  361359ms] [ERROR] ./app/onboarding/page.tsx:204:13
Error: Expression expected
  202 |                 </div>
  203 |               </div>
> 204 |             </PantallaFunnel>
      |             ^
  205 |           )}
  206 |
  207 |           {paso === 'reconocimiento' && (

Parsing ecmascript source code failed

Import traces:
  Client Component Browser:
    ./app/onboarding/page.tsx [Client Component Browser]
    ./app/onboarding/page.tsx [Server Component]

  Client Component SSR:
    ./app/onboarding/page.tsx [Client Component SSR]
    ./app/onboarding/page.tsx [Server Component] @ http://localhost:3000/_next/static/chunks/node_modules_next_dist_1e8vcs8._.js:1052
[  361360ms] [ERROR] ./app/onboarding/page.tsx:204:14
Error: Unterminated regexp literal
  202 |                 </div>
  203 |               </div>
> 204 |             </PantallaFunnel>
      |              ^^^^^^^^^^^^^^^^
  205 |           )}
  206 |
  207 |           {paso === 'reconocimiento' && (

Parsing ecmascript source code failed

Import traces:
  Client Component Browser:
    ./app/onboarding/page.tsx [Client Component Browser]
    ./app/onboarding/page.tsx [Server Component]

  Client Component SSR:
    ./app/onboarding/page.tsx [Client Component SSR]
    ./app/onboarding/page.tsx [Server Component] @ http://localhost:3000/_next/static/chunks/node_modules_next_dist_1e8vcs8._.js:1052
[  361419ms] [ERROR] ./app/onboarding/page.tsx:204:13
Error: Expression expected
  202 |                 </div>
  203 |               </div>
> 204 |             </PantallaFunnel>
      |             ^
  205 |           )}
  206 |
  207 |           {paso === 'reconocimiento' && (

Parsing ecmascript source code failed

Import traces:
  Client Component Browser:
    ./app/onboarding/page.tsx [Client Component Browser]
    ./app/onboarding/page.tsx [Server Component]

  Client Component SSR:
    ./app/onboarding/page.tsx [Client Component SSR]
    ./app/onboarding/page.tsx [Server Component] @ http://localhost:3000/_next/static/chunks/node_modules_next_dist_1e8vcs8._.js:1052
[  361421ms] [ERROR] ./app/onboarding/page.tsx:204:14
Error: Unterminated regexp literal
  202 |                 </div>
  203 |               </div>
> 204 |             </PantallaFunnel>
      |              ^^^^^^^^^^^^^^^^
  205 |           )}
  206 |
  207 |           {paso === 'reconocimiento' && (

Parsing ecmascript source code failed

Import traces:
  Client Component Browser:
    ./app/onboarding/page.tsx [Client Component Browser]
    ./app/onboarding/page.tsx [Server Component]

  Client Component SSR:
    ./app/onboarding/page.tsx [Client Component SSR]
    ./app/onboarding/page.tsx [Server Component] @ http://localhost:3000/_next/static/chunks/node_modules_next_dist_1e8vcs8._.js:1052
[  361469ms] [ERROR] ./app/onboarding/page.tsx:204:13
Error: Expression expected
  202 |                 </div>
  203 |               </div>
> 204 |             </PantallaFunnel>
      |             ^
  205 |           )}
  206 |
  207 |           {paso === 'reconocimiento' && (

Parsing ecmascript source code failed

Import traces:
  Client Component Browser:
    ./app/onboarding/page.tsx [Client Component Browser]
    ./app/onboarding/page.tsx [Server Component]

  Client Component SSR:
    ./app/onboarding/page.tsx [Client Component SSR]
    ./app/onboarding/page.tsx [Server Component] @ http://localhost:3000/_next/static/chunks/node_modules_next_dist_1e8vcs8._.js:1052
[  361471ms] [ERROR] ./app/onboarding/page.tsx:204:14
Error: Unterminated regexp literal
  202 |                 </div>
  203 |               </div>
> 204 |             </PantallaFunnel>
      |              ^^^^^^^^^^^^^^^^
  205 |           )}
  206 |
  207 |           {paso === 'reconocimiento' && (

Parsing ecmascript source code failed

Import traces:
  Client Component Browser:
    ./app/onboarding/page.tsx [Client Component Browser]
    ./app/onboarding/page.tsx [Server Component]

  Client Component SSR:
    ./app/onboarding/page.tsx [Client Component SSR]
    ./app/onboarding/page.tsx [Server Component] @ http://localhost:3000/_next/static/chunks/node_modules_next_dist_1e8vcs8._.js:1052
[  361531ms] [ERROR] ./app/onboarding/page.tsx:204:13
Error: Expression expected
  202 |                 </div>
  203 |               </div>
> 204 |             </PantallaFunnel>
      |             ^
  205 |           )}
  206 |
  207 |           {paso === 'reconocimiento' && (

Parsing ecmascript source code failed

Import traces:
  Client Component Browser:
    ./app/onboarding/page.tsx [Client Component Browser]
    ./app/onboarding/page.tsx [Server Component]

  Client Component SSR:
    ./app/onboarding/page.tsx [Client Component SSR]
    ./app/onboarding/page.tsx [Server Component] @ http://localhost:3000/_next/static/chunks/node_modules_next_dist_1e8vcs8._.js:1052
[  361532ms] [ERROR] ./app/onboarding/page.tsx:204:14
Error: Unterminated regexp literal
  202 |                 </div>
  203 |               </div>
> 204 |             </PantallaFunnel>
      |              ^^^^^^^^^^^^^^^^
  205 |           )}
  206 |
  207 |           {paso === 'reconocimiento' && (

Parsing ecmascript source code failed

Import traces:
  Client Component Browser:
    ./app/onboarding/page.tsx [Client Component Browser]
    ./app/onboarding/page.tsx [Server Component]

  Client Component SSR:
    ./app/onboarding/page.tsx [Client Component SSR]
    ./app/onboarding/page.tsx [Server Component] @ http://localhost:3000/_next/static/chunks/node_modules_next_dist_1e8vcs8._.js:1052
[  361572ms] [ERROR] ./app/onboarding/page.tsx:204:13
Error: Expression expected
  202 |                 </div>
  203 |               </div>
> 204 |             </PantallaFunnel>
      |             ^
  205 |           )}
  206 |
  207 |           {paso === 'reconocimiento' && (

Parsing ecmascript source code failed

Import traces:
  Client Component Browser:
    ./app/onboarding/page.tsx [Client Component Browser]
    ./app/onboarding/page.tsx [Server Component]

  Client Component SSR:
    ./app/onboarding/page.tsx [Client Component SSR]
    ./app/onboarding/page.tsx [Server Component] @ http://localhost:3000/_next/static/chunks/node_modules_next_dist_1e8vcs8._.js:1052
[  361573ms] [ERROR] ./app/onboarding/page.tsx:204:14
Error: Unterminated regexp literal
  202 |                 </div>
  203 |               </div>
> 204 |             </PantallaFunnel>
      |              ^^^^^^^^^^^^^^^^
  205 |           )}
  206 |
  207 |           {paso === 'reconocimiento' && (

Parsing ecmascript source code failed

Import traces:
  Client Component Browser:
    ./app/onboarding/page.tsx [Client Component Browser]
    ./app/onboarding/page.tsx [Server Component]

  Client Component SSR:
    ./app/onboarding/page.tsx [Client Component SSR]
    ./app/onboarding/page.tsx [Server Component] @ http://localhost:3000/_next/static/chunks/node_modules_next_dist_1e8vcs8._.js:1052
[  361633ms] [ERROR] ./app/onboarding/page.tsx:204:13
Error: Expression expected
  202 |                 </div>
  203 |               </div>
> 204 |             </PantallaFunnel>
      |             ^
  205 |           )}
  206 |
  207 |           {paso === 'reconocimiento' && (

Parsing ecmascript source code failed

Import traces:
  Client Component Browser:
    ./app/onboarding/page.tsx [Client Component Browser]
    ./app/onboarding/page.tsx [Server Component]

  Client Component SSR:
    ./app/onboarding/page.tsx [Client Component SSR]
    ./app/onboarding/page.tsx [Server Component] @ http://localhost:3000/_next/static/chunks/node_modules_next_dist_1e8vcs8._.js:1052
[  361634ms] [ERROR] ./app/onboarding/page.tsx:204:14
Error: Unterminated regexp literal
  202 |                 </div>
  203 |               </div>
> 204 |             </PantallaFunnel>
      |              ^^^^^^^^^^^^^^^^
  205 |           )}
  206 |
  207 |           {paso === 'reconocimiento' && (

Parsing ecmascript source code failed

Import traces:
  Client Component Browser:
    ./app/onboarding/page.tsx [Client Component Browser]
    ./app/onboarding/page.tsx [Server Component]

  Client Component SSR:
    ./app/onboarding/page.tsx [Client Component SSR]
    ./app/onboarding/page.tsx [Server Component] @ http://localhost:3000/_next/static/chunks/node_modules_next_dist_1e8vcs8._.js:1052
[  361700ms] [ERROR] ./app/onboarding/page.tsx:204:13
Error: Expression expected
  202 |                 </div>
  203 |               </div>
> 204 |             </PantallaFunnel>
      |             ^
  205 |           )}
  206 |
  207 |           {paso === 'reconocimiento' && (

Parsing ecmascript source code failed

Import traces:
  Client Component Browser:
    ./app/onboarding/page.tsx [Client Component Browser]
    ./app/onboarding/page.tsx [Server Component]

  Client Component SSR:
    ./app/onboarding/page.tsx [Client Component SSR]
    ./app/onboarding/page.tsx [Server Component] @ http://localhost:3000/_next/static/chunks/node_modules_next_dist_1e8vcs8._.js:1052
[  361700ms] [ERROR] ./app/onboarding/page.tsx:204:14
Error: Unterminated regexp literal
  202 |                 </div>
  203 |               </div>
> 204 |             </PantallaFunnel>
      |              ^^^^^^^^^^^^^^^^
  205 |           )}
  206 |
  207 |           {paso === 'reconocimiento' && (

Parsing ecmascript source code failed

Import traces:
  Client Component Browser:
    ./app/onboarding/page.tsx [Client Component Browser]
    ./app/onboarding/page.tsx [Server Component]

  Client Component SSR:
    ./app/onboarding/page.tsx [Client Component SSR]
    ./app/onboarding/page.tsx [Server Component] @ http://localhost:3000/_next/static/chunks/node_modules_next_dist_1e8vcs8._.js:1052
[  361753ms] [ERROR] ./app/onboarding/page.tsx:204:13
Error: Expression expected
  202 |                 </div>
  203 |               </div>
> 204 |             </PantallaFunnel>
      |             ^
  205 |           )}
  206 |
  207 |           {paso === 'reconocimiento' && (

Parsing ecmascript source code failed

Import traces:
  Client Component Browser:
    ./app/onboarding/page.tsx [Client Component Browser]
    ./app/onboarding/page.tsx [Server Component]

  Client Component SSR:
    ./app/onboarding/page.tsx [Client Component SSR]
    ./app/onboarding/page.tsx [Server Component] @ http://localhost:3000/_next/static/chunks/node_modules_next_dist_1e8vcs8._.js:1052
[  361753ms] [ERROR] ./app/onboarding/page.tsx:204:14
Error: Unterminated regexp literal
  202 |                 </div>
  203 |               </div>
> 204 |             </PantallaFunnel>
      |              ^^^^^^^^^^^^^^^^
  205 |           )}
  206 |
  207 |           {paso === 'reconocimiento' && (

Parsing ecmascript source code failed

Import traces:
  Client Component Browser:
    ./app/onboarding/page.tsx [Client Component Browser]
    ./app/onboarding/page.tsx [Server Component]

  Client Component SSR:
    ./app/onboarding/page.tsx [Client Component SSR]
    ./app/onboarding/page.tsx [Server Component] @ http://localhost:3000/_next/static/chunks/node_modules_next_dist_1e8vcs8._.js:1052
[  361821ms] [ERROR] ./app/onboarding/page.tsx:204:13
Error: Expression expected
  202 |                 </div>
  203 |               </div>
> 204 |             </PantallaFunnel>
      |             ^
  205 |           )}
  206 |
  207 |           {paso === 'reconocimiento' && (

Parsing ecmascript source code failed

Import traces:
  Client Component Browser:
    ./app/onboarding/page.tsx [Client Component Browser]
    ./app/onboarding/page.tsx [Server Component]

  Client Component SSR:
    ./app/onboarding/page.tsx [Client Component SSR]
    ./app/onboarding/page.tsx [Server Component] @ http://localhost:3000/_next/static/chunks/node_modules_next_dist_1e8vcs8._.js:1052
[  361822ms] [ERROR] ./app/onboarding/page.tsx:204:14
Error: Unterminated regexp literal
  202 |                 </div>
  203 |               </div>
> 204 |             </PantallaFunnel>
      |              ^^^^^^^^^^^^^^^^
  205 |           )}
  206 |
  207 |           {paso === 'reconocimiento' && (

Parsing ecmascript source code failed

Import traces:
  Client Component Browser:
    ./app/onboarding/page.tsx [Client Component Browser]
    ./app/onboarding/page.tsx [Server Component]

  Client Component SSR:
    ./app/onboarding/page.tsx [Client Component SSR]
    ./app/onboarding/page.tsx [Server Component] @ http://localhost:3000/_next/static/chunks/node_modules_next_dist_1e8vcs8._.js:1052
[  361859ms] [ERROR] ./app/onboarding/page.tsx:204:13
Error: Expression expected
  202 |                 </div>
  203 |               </div>
> 204 |             </PantallaFunnel>
      |             ^
  205 |           )}
  206 |
  207 |           {paso === 'reconocimiento' && (

Parsing ecmascript source code failed

Import traces:
  Client Component Browser:
    ./app/onboarding/page.tsx [Client Component Browser]
    ./app/onboarding/page.tsx [Server Component]

  Client Component SSR:
    ./app/onboarding/page.tsx [Client Component SSR]
    ./app/onboarding/page.tsx [Server Component] @ http://localhost:3000/_next/static/chunks/node_modules_next_dist_1e8vcs8._.js:1052
[  361860ms] [ERROR] ./app/onboarding/page.tsx:204:14
Error: Unterminated regexp literal
  202 |                 </div>
  203 |               </div>
> 204 |             </PantallaFunnel>
      |              ^^^^^^^^^^^^^^^^
  205 |           )}
  206 |
  207 |           {paso === 'reconocimiento' && (

Parsing ecmascript source code failed

Import traces:
  Client Component Browser:
    ./app/onboarding/page.tsx [Client Component Browser]
    ./app/onboarding/page.tsx [Server Component]

  Client Component SSR:
    ./app/onboarding/page.tsx [Client Component SSR]
    ./app/onboarding/page.tsx [Server Component] @ http://localhost:3000/_next/static/chunks/node_modules_next_dist_1e8vcs8._.js:1052
[  361919ms] [ERROR] ./app/onboarding/page.tsx:204:13
Error: Expression expected
  202 |                 </div>
  203 |               </div>
> 204 |             </PantallaFunnel>
      |             ^
  205 |           )}
  206 |
  207 |           {paso === 'reconocimiento' && (

Parsing ecmascript source code failed

Import traces:
  Client Component Browser:
    ./app/onboarding/page.tsx [Client Component Browser]
    ./app/onboarding/page.tsx [Server Component]

  Client Component SSR:
    ./app/onboarding/page.tsx [Client Component SSR]
    ./app/onboarding/page.tsx [Server Component] @ http://localhost:3000/_next/static/chunks/node_modules_next_dist_1e8vcs8._.js:1052
[  361919ms] [ERROR] ./app/onboarding/page.tsx:204:14
Error: Unterminated regexp literal
  202 |                 </div>
  203 |               </div>
> 204 |             </PantallaFunnel>
      |              ^^^^^^^^^^^^^^^^
  205 |           )}
  206 |
  207 |           {paso === 'reconocimiento' && (

Parsing ecmascript source code failed

Import traces:
  Client Component Browser:
    ./app/onboarding/page.tsx [Client Component Browser]
    ./app/onboarding/page.tsx [Server Component]

  Client Component SSR:
    ./app/onboarding/page.tsx [Client Component SSR]
    ./app/onboarding/page.tsx [Server Component] @ http://localhost:3000/_next/static/chunks/node_modules_next_dist_1e8vcs8._.js:1052
[  361973ms] [ERROR] ./app/onboarding/page.tsx:204:13
Error: Expression expected
  202 |                 </div>
  203 |               </div>
> 204 |             </PantallaFunnel>
      |             ^
  205 |           )}
  206 |
  207 |           {paso === 'reconocimiento' && (

Parsing ecmascript source code failed

Import traces:
  Client Component Browser:
    ./app/onboarding/page.tsx [Client Component Browser]
    ./app/onboarding/page.tsx [Server Component]

  Client Component SSR:
    ./app/onboarding/page.tsx [Client Component SSR]
    ./app/onboarding/page.tsx [Server Component] @ http://localhost:3000/_next/static/chunks/node_modules_next_dist_1e8vcs8._.js:1052
[  361973ms] [ERROR] ./app/onboarding/page.tsx:204:14
Error: Unterminated regexp literal
  202 |                 </div>
  203 |               </div>
> 204 |             </PantallaFunnel>
      |              ^^^^^^^^^^^^^^^^
  205 |           )}
  206 |
  207 |           {paso === 'reconocimiento' && (

Parsing ecmascript source code failed

Import traces:
  Client Component Browser:
    ./app/onboarding/page.tsx [Client Component Browser]
    ./app/onboarding/page.tsx [Server Component]

  Client Component SSR:
    ./app/onboarding/page.tsx [Client Component SSR]
    ./app/onboarding/page.tsx [Server Component] @ http://localhost:3000/_next/static/chunks/node_modules_next_dist_1e8vcs8._.js:1052
[  362023ms] [ERROR] ./app/onboarding/page.tsx:204:13
Error: Expression expected
  202 |                 </div>
  203 |               </div>
> 204 |             </PantallaFunnel>
      |             ^
  205 |           )}
  206 |
  207 |           {paso === 'reconocimiento' && (

Parsing ecmascript source code failed

Import traces:
  Client Component Browser:
    ./app/onboarding/page.tsx [Client Component Browser]
    ./app/onboarding/page.tsx [Server Component]

  Client Component SSR:
    ./app/onboarding/page.tsx [Client Component SSR]
    ./app/onboarding/page.tsx [Server Component] @ http://localhost:3000/_next/static/chunks/node_modules_next_dist_1e8vcs8._.js:1052
[  362025ms] [ERROR] ./app/onboarding/page.tsx:204:14
Error: Unterminated regexp literal
  202 |                 </div>
  203 |               </div>
> 204 |             </PantallaFunnel>
      |              ^^^^^^^^^^^^^^^^
  205 |           )}
  206 |
  207 |           {paso === 'reconocimiento' && (

Parsing ecmascript source code failed

Import traces:
  Client Component Browser:
    ./app/onboarding/page.tsx [Client Component Browser]
    ./app/onboarding/page.tsx [Server Component]

  Client Component SSR:
    ./app/onboarding/page.tsx [Client Component SSR]
    ./app/onboarding/page.tsx [Server Component] @ http://localhost:3000/_next/static/chunks/node_modules_next_dist_1e8vcs8._.js:1052
[  362072ms] [ERROR] ./app/onboarding/page.tsx:204:13
Error: Expression expected
  202 |                 </div>
  203 |               </div>
> 204 |             </PantallaFunnel>
      |             ^
  205 |           )}
  206 |
  207 |           {paso === 'reconocimiento' && (

Parsing ecmascript source code failed

Import traces:
  Client Component Browser:
    ./app/onboarding/page.tsx [Client Component Browser]
    ./app/onboarding/page.tsx [Server Component]

  Client Component SSR:
    ./app/onboarding/page.tsx [Client Component SSR]
    ./app/onboarding/page.tsx [Server Component] @ http://localhost:3000/_next/static/chunks/node_modules_next_dist_1e8vcs8._.js:1052
[  362073ms] [ERROR] ./app/onboarding/page.tsx:204:14
Error: Unterminated regexp literal
  202 |                 </div>
  203 |               </div>
> 204 |             </PantallaFunnel>
      |              ^^^^^^^^^^^^^^^^
  205 |           )}
  206 |
  207 |           {paso === 'reconocimiento' && (

Parsing ecmascript source code failed

Import traces:
  Client Component Browser:
    ./app/onboarding/page.tsx [Client Component Browser]
    ./app/onboarding/page.tsx [Server Component]

  Client Component SSR:
    ./app/onboarding/page.tsx [Client Component SSR]
    ./app/onboarding/page.tsx [Server Component] @ http://localhost:3000/_next/static/chunks/node_modules_next_dist_1e8vcs8._.js:1052
[  362128ms] [ERROR] ./app/onboarding/page.tsx:204:13
Error: Expression expected
  202 |                 </div>
  203 |               </div>
> 204 |             </PantallaFunnel>
      |             ^
  205 |           )}
  206 |
  207 |           {paso === 'reconocimiento' && (

Parsing ecmascript source code failed

Import traces:
  Client Component Browser:
    ./app/onboarding/page.tsx [Client Component Browser]
    ./app/onboarding/page.tsx [Server Component]

  Client Component SSR:
    ./app/onboarding/page.tsx [Client Component SSR]
    ./app/onboarding/page.tsx [Server Component] @ http://localhost:3000/_next/static/chunks/node_modules_next_dist_1e8vcs8._.js:1052
[  362129ms] [ERROR] ./app/onboarding/page.tsx:204:14
Error: Unterminated regexp literal
  202 |                 </div>
  203 |               </div>
> 204 |             </PantallaFunnel>
      |              ^^^^^^^^^^^^^^^^
  205 |           )}
  206 |
  207 |           {paso === 'reconocimiento' && (

Parsing ecmascript source code failed

Import traces:
  Client Component Browser:
    ./app/onboarding/page.tsx [Client Component Browser]
    ./app/onboarding/page.tsx [Server Component]

  Client Component SSR:
    ./app/onboarding/page.tsx [Client Component SSR]
    ./app/onboarding/page.tsx [Server Component] @ http://localhost:3000/_next/static/chunks/node_modules_next_dist_1e8vcs8._.js:1052
[  362192ms] [ERROR] ./app/onboarding/page.tsx:204:13
Error: Expression expected
  202 |                 </div>
  203 |               </div>
> 204 |             </PantallaFunnel>
      |             ^
  205 |           )}
  206 |
  207 |           {paso === 'reconocimiento' && (

Parsing ecmascript source code failed

Import traces:
  Client Component Browser:
    ./app/onboarding/page.tsx [Client Component Browser]
    ./app/onboarding/page.tsx [Server Component]

  Client Component SSR:
    ./app/onboarding/page.tsx [Client Component SSR]
    ./app/onboarding/page.tsx [Server Component] @ http://localhost:3000/_next/static/chunks/node_modules_next_dist_1e8vcs8._.js:1052
[  362192ms] [ERROR] ./app/onboarding/page.tsx:204:14
Error: Unterminated regexp literal
  202 |                 </div>
  203 |               </div>
> 204 |             </PantallaFunnel>
      |              ^^^^^^^^^^^^^^^^
  205 |           )}
  206 |
  207 |           {paso === 'reconocimiento' && (

Parsing ecmascript source code failed

Import traces:
  Client Component Browser:
    ./app/onboarding/page.tsx [Client Component Browser]
    ./app/onboarding/page.tsx [Server Component]

  Client Component SSR:
    ./app/onboarding/page.tsx [Client Component SSR]
    ./app/onboarding/page.tsx [Server Component] @ http://localhost:3000/_next/static/chunks/node_modules_next_dist_1e8vcs8._.js:1052
[  362242ms] [ERROR] ./app/onboarding/page.tsx:204:13
Error: Expression expected
  202 |                 </div>
  203 |               </div>
> 204 |             </PantallaFunnel>
      |             ^
  205 |           )}
  206 |
  207 |           {paso === 'reconocimiento' && (

Parsing ecmascript source code failed

Import traces:
  Client Component Browser:
    ./app/onboarding/page.tsx [Client Component Browser]
    ./app/onboarding/page.tsx [Server Component]

  Client Component SSR:
    ./app/onboarding/page.tsx [Client Component SSR]
    ./app/onboarding/page.tsx [Server Component] @ http://localhost:3000/_next/static/chunks/node_modules_next_dist_1e8vcs8._.js:1052
[  362242ms] [ERROR] ./app/onboarding/page.tsx:204:14
Error: Unterminated regexp literal
  202 |                 </div>
  203 |               </div>
> 204 |             </PantallaFunnel>
      |              ^^^^^^^^^^^^^^^^
  205 |           )}
  206 |
  207 |           {paso === 'reconocimiento' && (

Parsing ecmascript source code failed

Import traces:
  Client Component Browser:
    ./app/onboarding/page.tsx [Client Component Browser]
    ./app/onboarding/page.tsx [Server Component]

  Client Component SSR:
    ./app/onboarding/page.tsx [Client Component SSR]
    ./app/onboarding/page.tsx [Server Component] @ http://localhost:3000/_next/static/chunks/node_modules_next_dist_1e8vcs8._.js:1052
[  362291ms] [ERROR] ./app/onboarding/page.tsx:204:13
Error: Expression expected
  202 |                 </div>
  203 |               </div>
> 204 |             </PantallaFunnel>
      |             ^
  205 |           )}
  206 |
  207 |           {paso === 'reconocimiento' && (

Parsing ecmascript source code failed

Import traces:
  Client Component Browser:
    ./app/onboarding/page.tsx [Client Component Browser]
    ./app/onboarding/page.tsx [Server Component]

  Client Component SSR:
    ./app/onboarding/page.tsx [Client Component SSR]
    ./app/onboarding/page.tsx [Server Component] @ http://localhost:3000/_next/static/chunks/node_modules_next_dist_1e8vcs8._.js:1052
[  362291ms] [ERROR] ./app/onboarding/page.tsx:204:14
Error: Unterminated regexp literal
  202 |                 </div>
  203 |               </div>
> 204 |             </PantallaFunnel>
      |              ^^^^^^^^^^^^^^^^
  205 |           )}
  206 |
  207 |           {paso === 'reconocimiento' && (

Parsing ecmascript source code failed

Import traces:
  Client Component Browser:
    ./app/onboarding/page.tsx [Client Component Browser]
    ./app/onboarding/page.tsx [Server Component]

  Client Component SSR:
    ./app/onboarding/page.tsx [Client Component SSR]
    ./app/onboarding/page.tsx [Server Component] @ http://localhost:3000/_next/static/chunks/node_modules_next_dist_1e8vcs8._.js:1052
[  362342ms] [ERROR] ./app/onboarding/page.tsx:204:13
Error: Expression expected
  202 |                 </div>
  203 |               </div>
> 204 |             </PantallaFunnel>
      |             ^
  205 |           )}
  206 |
  207 |           {paso === 'reconocimiento' && (

Parsing ecmascript source code failed

Import traces:
  Client Component Browser:
    ./app/onboarding/page.tsx [Client Component Browser]
    ./app/onboarding/page.tsx [Server Component]

  Client Component SSR:
    ./app/onboarding/page.tsx [Client Component SSR]
    ./app/onboarding/page.tsx [Server Component] @ http://localhost:3000/_next/static/chunks/node_modules_next_dist_1e8vcs8._.js:1052
[  362343ms] [ERROR] ./app/onboarding/page.tsx:204:14
Error: Unterminated regexp literal
  202 |                 </div>
  203 |               </div>
> 204 |             </PantallaFunnel>
      |              ^^^^^^^^^^^^^^^^
  205 |           )}
  206 |
  207 |           {paso === 'reconocimiento' && (

Parsing ecmascript source code failed

Import traces:
  Client Component Browser:
    ./app/onboarding/page.tsx [Client Component Browser]
    ./app/onboarding/page.tsx [Server Component]

  Client Component SSR:
    ./app/onboarding/page.tsx [Client Component SSR]
    ./app/onboarding/page.tsx [Server Component] @ http://localhost:3000/_next/static/chunks/node_modules_next_dist_1e8vcs8._.js:1052
[  362385ms] [ERROR] ./app/onboarding/page.tsx:204:13
Error: Expression expected
  202 |                 </div>
  203 |               </div>
> 204 |             </PantallaFunnel>
      |             ^
  205 |           )}
  206 |
  207 |           {paso === 'reconocimiento' && (

Parsing ecmascript source code failed

Import traces:
  Client Component Browser:
    ./app/onboarding/page.tsx [Client Component Browser]
    ./app/onboarding/page.tsx [Server Component]

  Client Component SSR:
    ./app/onboarding/page.tsx [Client Component SSR]
    ./app/onboarding/page.tsx [Server Component] @ http://localhost:3000/_next/static/chunks/node_modules_next_dist_1e8vcs8._.js:1052
[  362385ms] [ERROR] ./app/onboarding/page.tsx:204:14
Error: Unterminated regexp literal
  202 |                 </div>
  203 |               </div>
> 204 |             </PantallaFunnel>
      |              ^^^^^^^^^^^^^^^^
  205 |           )}
  206 |
  207 |           {paso === 'reconocimiento' && (

Parsing ecmascript source code failed

Import traces:
  Client Component Browser:
    ./app/onboarding/page.tsx [Client Component Browser]
    ./app/onboarding/page.tsx [Server Component]

  Client Component SSR:
    ./app/onboarding/page.tsx [Client Component SSR]
    ./app/onboarding/page.tsx [Server Component] @ http://localhost:3000/_next/static/chunks/node_modules_next_dist_1e8vcs8._.js:1052
[  362436ms] [ERROR] ./app/onboarding/page.tsx:204:13
Error: Expression expected
  202 |                 </div>
  203 |               </div>
> 204 |             </PantallaFunnel>
      |             ^
  205 |           )}
  206 |
  207 |           {paso === 'reconocimiento' && (

Parsing ecmascript source code failed

Import traces:
  Client Component Browser:
    ./app/onboarding/page.tsx [Client Component Browser]
    ./app/onboarding/page.tsx [Server Component]

  Client Component SSR:
    ./app/onboarding/page.tsx [Client Component SSR]
    ./app/onboarding/page.tsx [Server Component] @ http://localhost:3000/_next/static/chunks/node_modules_next_dist_1e8vcs8._.js:1052
[  362436ms] [ERROR] ./app/onboarding/page.tsx:204:14
Error: Unterminated regexp literal
  202 |                 </div>
  203 |               </div>
> 204 |             </PantallaFunnel>
      |              ^^^^^^^^^^^^^^^^
  205 |           )}
  206 |
  207 |           {paso === 'reconocimiento' && (

Parsing ecmascript source code failed

Import traces:
  Client Component Browser:
    ./app/onboarding/page.tsx [Client Component Browser]
    ./app/onboarding/page.tsx [Server Component]

  Client Component SSR:
    ./app/onboarding/page.tsx [Client Component SSR]
    ./app/onboarding/page.tsx [Server Component] @ http://localhost:3000/_next/static/chunks/node_modules_next_dist_1e8vcs8._.js:1052
[  362475ms] [ERROR] ./app/onboarding/page.tsx:204:13
Error: Expression expected
  202 |                 </div>
  203 |               </div>
> 204 |             </PantallaFunnel>
      |             ^
  205 |           )}
  206 |
  207 |           {paso === 'reconocimiento' && (

Parsing ecmascript source code failed

Import traces:
  Client Component Browser:
    ./app/onboarding/page.tsx [Client Component Browser]
    ./app/onboarding/page.tsx [Server Component]

  Client Component SSR:
    ./app/onboarding/page.tsx [Client Component SSR]
    ./app/onboarding/page.tsx [Server Component] @ http://localhost:3000/_next/static/chunks/node_modules_next_dist_1e8vcs8._.js:1052
[  362476ms] [ERROR] ./app/onboarding/page.tsx:204:14
Error: Unterminated regexp literal
  202 |                 </div>
  203 |               </div>
> 204 |             </PantallaFunnel>
      |              ^^^^^^^^^^^^^^^^
  205 |           )}
  206 |
  207 |           {paso === 'reconocimiento' && (

Parsing ecmascript source code failed

Import traces:
  Client Component Browser:
    ./app/onboarding/page.tsx [Client Component Browser]
    ./app/onboarding/page.tsx [Server Component]

  Client Component SSR:
    ./app/onboarding/page.tsx [Client Component SSR]
    ./app/onboarding/page.tsx [Server Component] @ http://localhost:3000/_next/static/chunks/node_modules_next_dist_1e8vcs8._.js:1052
[  362534ms] [ERROR] ./app/onboarding/page.tsx:204:13
Error: Expression expected
  202 |                 </div>
  203 |               </div>
> 204 |             </PantallaFunnel>
      |             ^
  205 |           )}
  206 |
  207 |           {paso === 'reconocimiento' && (

Parsing ecmascript source code failed

Import traces:
  Client Component Browser:
    ./app/onboarding/page.tsx [Client Component Browser]
    ./app/onboarding/page.tsx [Server Component]

  Client Component SSR:
    ./app/onboarding/page.tsx [Client Component SSR]
    ./app/onboarding/page.tsx [Server Component] @ http://localhost:3000/_next/static/chunks/node_modules_next_dist_1e8vcs8._.js:1052
[  362534ms] [ERROR] ./app/onboarding/page.tsx:204:14
Error: Unterminated regexp literal
  202 |                 </div>
  203 |               </div>
> 204 |             </PantallaFunnel>
      |              ^^^^^^^^^^^^^^^^
  205 |           )}
  206 |
  207 |           {paso === 'reconocimiento' && (

Parsing ecmascript source code failed

Import traces:
  Client Component Browser:
    ./app/onboarding/page.tsx [Client Component Browser]
    ./app/onboarding/page.tsx [Server Component]

  Client Component SSR:
    ./app/onboarding/page.tsx [Client Component SSR]
    ./app/onboarding/page.tsx [Server Component] @ http://localhost:3000/_next/static/chunks/node_modules_next_dist_1e8vcs8._.js:1052
[  362579ms] [ERROR] ./app/onboarding/page.tsx:204:13
Error: Expression expected
  202 |                 </div>
  203 |               </div>
> 204 |             </PantallaFunnel>
      |             ^
  205 |           )}
  206 |
  207 |           {paso === 'reconocimiento' && (

Parsing ecmascript source code failed

Import traces:
  Client Component Browser:
    ./app/onboarding/page.tsx [Client Component Browser]
    ./app/onboarding/page.tsx [Server Component]

  Client Component SSR:
    ./app/onboarding/page.tsx [Client Component SSR]
    ./app/onboarding/page.tsx [Server Component] @ http://localhost:3000/_next/static/chunks/node_modules_next_dist_1e8vcs8._.js:1052
[  362580ms] [ERROR] ./app/onboarding/page.tsx:204:14
Error: Unterminated regexp literal
  202 |                 </div>
  203 |               </div>
> 204 |             </PantallaFunnel>
      |              ^^^^^^^^^^^^^^^^
  205 |           )}
  206 |
  207 |           {paso === 'reconocimiento' && (

Parsing ecmascript source code failed

Import traces:
  Client Component Browser:
    ./app/onboarding/page.tsx [Client Component Browser]
    ./app/onboarding/page.tsx [Server Component]

  Client Component SSR:
    ./app/onboarding/page.tsx [Client Component SSR]
    ./app/onboarding/page.tsx [Server Component] @ http://localhost:3000/_next/static/chunks/node_modules_next_dist_1e8vcs8._.js:1052
[  362629ms] [ERROR] ./app/onboarding/page.tsx:204:13
Error: Expression expected
  202 |                 </div>
  203 |               </div>
> 204 |             </PantallaFunnel>
      |             ^
  205 |           )}
  206 |
  207 |           {paso === 'reconocimiento' && (

Parsing ecmascript source code failed

Import traces:
  Client Component Browser:
    ./app/onboarding/page.tsx [Client Component Browser]
    ./app/onboarding/page.tsx [Server Component]

  Client Component SSR:
    ./app/onboarding/page.tsx [Client Component SSR]
    ./app/onboarding/page.tsx [Server Component] @ http://localhost:3000/_next/static/chunks/node_modules_next_dist_1e8vcs8._.js:1052
[  362629ms] [ERROR] ./app/onboarding/page.tsx:204:14
Error: Unterminated regexp literal
  202 |                 </div>
  203 |               </div>
> 204 |             </PantallaFunnel>
      |              ^^^^^^^^^^^^^^^^
  205 |           )}
  206 |
  207 |           {paso === 'reconocimiento' && (

Parsing ecmascript source code failed

Import traces:
  Client Component Browser:
    ./app/onboarding/page.tsx [Client Component Browser]
    ./app/onboarding/page.tsx [Server Component]

  Client Component SSR:
    ./app/onboarding/page.tsx [Client Component SSR]
    ./app/onboarding/page.tsx [Server Component] @ http://localhost:3000/_next/static/chunks/node_modules_next_dist_1e8vcs8._.js:1052
[  362675ms] [ERROR] ./app/onboarding/page.tsx:204:13
Error: Expression expected
  202 |                 </div>
  203 |               </div>
> 204 |             </PantallaFunnel>
      |             ^
  205 |           )}
  206 |
  207 |           {paso === 'reconocimiento' && (

Parsing ecmascript source code failed

Import traces:
  Client Component Browser:
    ./app/onboarding/page.tsx [Client Component Browser]
    ./app/onboarding/page.tsx [Server Component]

  Client Component SSR:
    ./app/onboarding/page.tsx [Client Component SSR]
    ./app/onboarding/page.tsx [Server Component] @ http://localhost:3000/_next/static/chunks/node_modules_next_dist_1e8vcs8._.js:1052
[  362676ms] [ERROR] ./app/onboarding/page.tsx:204:14
Error: Unterminated regexp literal
  202 |                 </div>
  203 |               </div>
> 204 |             </PantallaFunnel>
      |              ^^^^^^^^^^^^^^^^
  205 |           )}
  206 |
  207 |           {paso === 'reconocimiento' && (

Parsing ecmascript source code failed

Import traces:
  Client Component Browser:
    ./app/onboarding/page.tsx [Client Component Browser]
    ./app/onboarding/page.tsx [Server Component]

  Client Component SSR:
    ./app/onboarding/page.tsx [Client Component SSR]
    ./app/onboarding/page.tsx [Server Component] @ http://localhost:3000/_next/static/chunks/node_modules_next_dist_1e8vcs8._.js:1052
[  362718ms] [ERROR] ./app/onboarding/page.tsx:204:13
Error: Expression expected
  202 |                 </div>
  203 |               </div>
> 204 |             </PantallaFunnel>
      |             ^
  205 |           )}
  206 |
  207 |           {paso === 'reconocimiento' && (

Parsing ecmascript source code failed

Import traces:
  Client Component Browser:
    ./app/onboarding/page.tsx [Client Component Browser]
    ./app/onboarding/page.tsx [Server Component]

  Client Component SSR:
    ./app/onboarding/page.tsx [Client Component SSR]
    ./app/onboarding/page.tsx [Server Component] @ http://localhost:3000/_next/static/chunks/node_modules_next_dist_1e8vcs8._.js:1052
[  362718ms] [ERROR] ./app/onboarding/page.tsx:204:14
Error: Unterminated regexp literal
  202 |                 </div>
  203 |               </div>
> 204 |             </PantallaFunnel>
      |              ^^^^^^^^^^^^^^^^
  205 |           )}
  206 |
  207 |           {paso === 'reconocimiento' && (

Parsing ecmascript source code failed

Import traces:
  Client Component Browser:
    ./app/onboarding/page.tsx [Client Component Browser]
    ./app/onboarding/page.tsx [Server Component]

  Client Component SSR:
    ./app/onboarding/page.tsx [Client Component SSR]
    ./app/onboarding/page.tsx [Server Component] @ http://localhost:3000/_next/static/chunks/node_modules_next_dist_1e8vcs8._.js:1052
[  362782ms] [ERROR] ./app/onboarding/page.tsx:204:13
Error: Expression expected
  202 |                 </div>
  203 |               </div>
> 204 |             </PantallaFunnel>
      |             ^
  205 |           )}
  206 |
  207 |           {paso === 'reconocimiento' && (

Parsing ecmascript source code failed

Import traces:
  Client Component Browser:
    ./app/onboarding/page.tsx [Client Component Browser]
    ./app/onboarding/page.tsx [Server Component]

  Client Component SSR:
    ./app/onboarding/page.tsx [Client Component SSR]
    ./app/onboarding/page.tsx [Server Component] @ http://localhost:3000/_next/static/chunks/node_modules_next_dist_1e8vcs8._.js:1052
[  362783ms] [ERROR] ./app/onboarding/page.tsx:204:14
Error: Unterminated regexp literal
  202 |                 </div>
  203 |               </div>
> 204 |             </PantallaFunnel>
      |              ^^^^^^^^^^^^^^^^
  205 |           )}
  206 |
  207 |           {paso === 'reconocimiento' && (

Parsing ecmascript source code failed

Import traces:
  Client Component Browser:
    ./app/onboarding/page.tsx [Client Component Browser]
    ./app/onboarding/page.tsx [Server Component]

  Client Component SSR:
    ./app/onboarding/page.tsx [Client Component SSR]
    ./app/onboarding/page.tsx [Server Component] @ http://localhost:3000/_next/static/chunks/node_modules_next_dist_1e8vcs8._.js:1052
[  362835ms] [ERROR] ./app/onboarding/page.tsx:204:13
Error: Expression expected
  202 |                 </div>
  203 |               </div>
> 204 |             </PantallaFunnel>
      |             ^
  205 |           )}
  206 |
  207 |           {paso === 'reconocimiento' && (

Parsing ecmascript source code failed

Import traces:
  Client Component Browser:
    ./app/onboarding/page.tsx [Client Component Browser]
    ./app/onboarding/page.tsx [Server Component]

  Client Component SSR:
    ./app/onboarding/page.tsx [Client Component SSR]
    ./app/onboarding/page.tsx [Server Component] @ http://localhost:3000/_next/static/chunks/node_modules_next_dist_1e8vcs8._.js:1052
[  362835ms] [ERROR] ./app/onboarding/page.tsx:204:14
Error: Unterminated regexp literal
  202 |                 </div>
  203 |               </div>
> 204 |             </PantallaFunnel>
      |              ^^^^^^^^^^^^^^^^
  205 |           )}
  206 |
  207 |           {paso === 'reconocimiento' && (

Parsing ecmascript source code failed

Import traces:
  Client Component Browser:
    ./app/onboarding/page.tsx [Client Component Browser]
    ./app/onboarding/page.tsx [Server Component]

  Client Component SSR:
    ./app/onboarding/page.tsx [Client Component SSR]
    ./app/onboarding/page.tsx [Server Component] @ http://localhost:3000/_next/static/chunks/node_modules_next_dist_1e8vcs8._.js:1052
[  362882ms] [ERROR] ./app/onboarding/page.tsx:204:13
Error: Expression expected
  202 |                 </div>
  203 |               </div>
> 204 |             </PantallaFunnel>
      |             ^
  205 |           )}
  206 |
  207 |           {paso === 'reconocimiento' && (

Parsing ecmascript source code failed

Import traces:
  Client Component Browser:
    ./app/onboarding/page.tsx [Client Component Browser]
    ./app/onboarding/page.tsx [Server Component]

  Client Component SSR:
    ./app/onboarding/page.tsx [Client Component SSR]
    ./app/onboarding/page.tsx [Server Component] @ http://localhost:3000/_next/static/chunks/node_modules_next_dist_1e8vcs8._.js:1052
[  362882ms] [ERROR] ./app/onboarding/page.tsx:204:14
Error: Unterminated regexp literal
  202 |                 </div>
  203 |               </div>
> 204 |             </PantallaFunnel>
      |              ^^^^^^^^^^^^^^^^
  205 |           )}
  206 |
  207 |           {paso === 'reconocimiento' && (

Parsing ecmascript source code failed

Import traces:
  Client Component Browser:
    ./app/onboarding/page.tsx [Client Component Browser]
    ./app/onboarding/page.tsx [Server Component]

  Client Component SSR:
    ./app/onboarding/page.tsx [Client Component SSR]
    ./app/onboarding/page.tsx [Server Component] @ http://localhost:3000/_next/static/chunks/node_modules_next_dist_1e8vcs8._.js:1052
[  362932ms] [ERROR] ./app/onboarding/page.tsx:204:13
Error: Expression expected
  202 |                 </div>
  203 |               </div>
> 204 |             </PantallaFunnel>
      |             ^
  205 |           )}
  206 |
  207 |           {paso === 'reconocimiento' && (

Parsing ecmascript source code failed

Import traces:
  Client Component Browser:
    ./app/onboarding/page.tsx [Client Component Browser]
    ./app/onboarding/page.tsx [Server Component]

  Client Component SSR:
    ./app/onboarding/page.tsx [Client Component SSR]
    ./app/onboarding/page.tsx [Server Component] @ http://localhost:3000/_next/static/chunks/node_modules_next_dist_1e8vcs8._.js:1052
[  362933ms] [ERROR] ./app/onboarding/page.tsx:204:14
Error: Unterminated regexp literal
  202 |                 </div>
  203 |               </div>
> 204 |             </PantallaFunnel>
      |              ^^^^^^^^^^^^^^^^
  205 |           )}
  206 |
  207 |           {paso === 'reconocimiento' && (

Parsing ecmascript source code failed

Import traces:
  Client Component Browser:
    ./app/onboarding/page.tsx [Client Component Browser]
    ./app/onboarding/page.tsx [Server Component]

  Client Component SSR:
    ./app/onboarding/page.tsx [Client Component SSR]
    ./app/onboarding/page.tsx [Server Component] @ http://localhost:3000/_next/static/chunks/node_modules_next_dist_1e8vcs8._.js:1052
[  362974ms] [ERROR] ./app/onboarding/page.tsx:204:13
Error: Expression expected
  202 |                 </div>
  203 |               </div>
> 204 |             </PantallaFunnel>
      |             ^
  205 |           )}
  206 |
  207 |           {paso === 'reconocimiento' && (

Parsing ecmascript source code failed

Import traces:
  Client Component Browser:
    ./app/onboarding/page.tsx [Client Component Browser]
    ./app/onboarding/page.tsx [Server Component]

  Client Component SSR:
    ./app/onboarding/page.tsx [Client Component SSR]
    ./app/onboarding/page.tsx [Server Component] @ http://localhost:3000/_next/static/chunks/node_modules_next_dist_1e8vcs8._.js:1052
[  362975ms] [ERROR] ./app/onboarding/page.tsx:204:14
Error: Unterminated regexp literal
  202 |                 </div>
  203 |               </div>
> 204 |             </PantallaFunnel>
      |              ^^^^^^^^^^^^^^^^
  205 |           )}
  206 |
  207 |           {paso === 'reconocimiento' && (

Parsing ecmascript source code failed

Import traces:
  Client Component Browser:
    ./app/onboarding/page.tsx [Client Component Browser]
    ./app/onboarding/page.tsx [Server Component]

  Client Component SSR:
    ./app/onboarding/page.tsx [Client Component SSR]
    ./app/onboarding/page.tsx [Server Component] @ http://localhost:3000/_next/static/chunks/node_modules_next_dist_1e8vcs8._.js:1052
[  363029ms] [ERROR] ./app/onboarding/page.tsx:204:13
Error: Expression expected
  202 |                 </div>
  203 |               </div>
> 204 |             </PantallaFunnel>
      |             ^
  205 |           )}
  206 |
  207 |           {paso === 'reconocimiento' && (

Parsing ecmascript source code failed

Import traces:
  Client Component Browser:
    ./app/onboarding/page.tsx [Client Component Browser]
    ./app/onboarding/page.tsx [Server Component]

  Client Component SSR:
    ./app/onboarding/page.tsx [Client Component SSR]
    ./app/onboarding/page.tsx [Server Component] @ http://localhost:3000/_next/static/chunks/node_modules_next_dist_1e8vcs8._.js:1052
[  363031ms] [ERROR] ./app/onboarding/page.tsx:204:14
Error: Unterminated regexp literal
  202 |                 </div>
  203 |               </div>
> 204 |             </PantallaFunnel>
      |              ^^^^^^^^^^^^^^^^
  205 |           )}
  206 |
  207 |           {paso === 'reconocimiento' && (

Parsing ecmascript source code failed

Import traces:
  Client Component Browser:
    ./app/onboarding/page.tsx [Client Component Browser]
    ./app/onboarding/page.tsx [Server Component]

  Client Component SSR:
    ./app/onboarding/page.tsx [Client Component SSR]
    ./app/onboarding/page.tsx [Server Component] @ http://localhost:3000/_next/static/chunks/node_modules_next_dist_1e8vcs8._.js:1052
[  363078ms] [ERROR] ./app/onboarding/page.tsx:204:13
Error: Expression expected
  202 |                 </div>
  203 |               </div>
> 204 |             </PantallaFunnel>
      |             ^
  205 |           )}
  206 |
  207 |           {paso === 'reconocimiento' && (

Parsing ecmascript source code failed

Import traces:
  Client Component Browser:
    ./app/onboarding/page.tsx [Client Component Browser]
    ./app/onboarding/page.tsx [Server Component]

  Client Component SSR:
    ./app/onboarding/page.tsx [Client Component SSR]
    ./app/onboarding/page.tsx [Server Component] @ http://localhost:3000/_next/static/chunks/node_modules_next_dist_1e8vcs8._.js:1052
[  363078ms] [ERROR] ./app/onboarding/page.tsx:204:14
Error: Unterminated regexp literal
  202 |                 </div>
  203 |               </div>
> 204 |             </PantallaFunnel>
      |              ^^^^^^^^^^^^^^^^
  205 |           )}
  206 |
  207 |           {paso === 'reconocimiento' && (

Parsing ecmascript source code failed

Import traces:
  Client Component Browser:
    ./app/onboarding/page.tsx [Client Component Browser]
    ./app/onboarding/page.tsx [Server Component]

  Client Component SSR:
    ./app/onboarding/page.tsx [Client Component SSR]
    ./app/onboarding/page.tsx [Server Component] @ http://localhost:3000/_next/static/chunks/node_modules_next_dist_1e8vcs8._.js:1052
[  363130ms] [ERROR] ./app/onboarding/page.tsx:204:13
Error: Expression expected
  202 |                 </div>
  203 |               </div>
> 204 |             </PantallaFunnel>
      |             ^
  205 |           )}
  206 |
  207 |           {paso === 'reconocimiento' && (

Parsing ecmascript source code failed

Import traces:
  Client Component Browser:
    ./app/onboarding/page.tsx [Client Component Browser]
    ./app/onboarding/page.tsx [Server Component]

  Client Component SSR:
    ./app/onboarding/page.tsx [Client Component SSR]
    ./app/onboarding/page.tsx [Server Component] @ http://localhost:3000/_next/static/chunks/node_modules_next_dist_1e8vcs8._.js:1052
[  363131ms] [ERROR] ./app/onboarding/page.tsx:204:14
Error: Unterminated regexp literal
  202 |                 </div>
  203 |               </div>
> 204 |             </PantallaFunnel>
      |              ^^^^^^^^^^^^^^^^
  205 |           )}
  206 |
  207 |           {paso === 'reconocimiento' && (

Parsing ecmascript source code failed

Import traces:
  Client Component Browser:
    ./app/onboarding/page.tsx [Client Component Browser]
    ./app/onboarding/page.tsx [Server Component]

  Client Component SSR:
    ./app/onboarding/page.tsx [Client Component SSR]
    ./app/onboarding/page.tsx [Server Component] @ http://localhost:3000/_next/static/chunks/node_modules_next_dist_1e8vcs8._.js:1052
[  363178ms] [ERROR] ./app/onboarding/page.tsx:204:13
Error: Expression expected
  202 |                 </div>
  203 |               </div>
> 204 |             </PantallaFunnel>
      |             ^
  205 |           )}
  206 |
  207 |           {paso === 'reconocimiento' && (

Parsing ecmascript source code failed

Import traces:
  Client Component Browser:
    ./app/onboarding/page.tsx [Client Component Browser]
    ./app/onboarding/page.tsx [Server Component]

  Client Component SSR:
    ./app/onboarding/page.tsx [Client Component SSR]
    ./app/onboarding/page.tsx [Server Component] @ http://localhost:3000/_next/static/chunks/node_modules_next_dist_1e8vcs8._.js:1052
[  363178ms] [ERROR] ./app/onboarding/page.tsx:204:14
Error: Unterminated regexp literal
  202 |                 </div>
  203 |               </div>
> 204 |             </PantallaFunnel>
      |              ^^^^^^^^^^^^^^^^
  205 |           )}
  206 |
  207 |           {paso === 'reconocimiento' && (

Parsing ecmascript source code failed

Import traces:
  Client Component Browser:
    ./app/onboarding/page.tsx [Client Component Browser]
    ./app/onboarding/page.tsx [Server Component]

  Client Component SSR:
    ./app/onboarding/page.tsx [Client Component SSR]
    ./app/onboarding/page.tsx [Server Component] @ http://localhost:3000/_next/static/chunks/node_modules_next_dist_1e8vcs8._.js:1052
[  363224ms] [ERROR] ./app/onboarding/page.tsx:204:13
Error: Expression expected
  202 |                 </div>
  203 |               </div>
> 204 |             </PantallaFunnel>
      |             ^
  205 |           )}
  206 |
  207 |           {paso === 'reconocimiento' && (

Parsing ecmascript source code failed

Import traces:
  Client Component Browser:
    ./app/onboarding/page.tsx [Client Component Browser]
    ./app/onboarding/page.tsx [Server Component]

  Client Component SSR:
    ./app/onboarding/page.tsx [Client Component SSR]
    ./app/onboarding/page.tsx [Server Component] @ http://localhost:3000/_next/static/chunks/node_modules_next_dist_1e8vcs8._.js:1052
[  363225ms] [ERROR] ./app/onboarding/page.tsx:204:14
Error: Unterminated regexp literal
  202 |                 </div>
  203 |               </div>
> 204 |             </PantallaFunnel>
      |              ^^^^^^^^^^^^^^^^
  205 |           )}
  206 |
  207 |           {paso === 'reconocimiento' && (

Parsing ecmascript source code failed

Import traces:
  Client Component Browser:
    ./app/onboarding/page.tsx [Client Component Browser]
    ./app/onboarding/page.tsx [Server Component]

  Client Component SSR:
    ./app/onboarding/page.tsx [Client Component SSR]
    ./app/onboarding/page.tsx [Server Component] @ http://localhost:3000/_next/static/chunks/node_modules_next_dist_1e8vcs8._.js:1052
[  363272ms] [ERROR] ./app/onboarding/page.tsx:204:13
Error: Expression expected
  202 |                 </div>
  203 |               </div>
> 204 |             </PantallaFunnel>
      |             ^
  205 |           )}
  206 |
  207 |           {paso === 'reconocimiento' && (

Parsing ecmascript source code failed

Import traces:
  Client Component Browser:
    ./app/onboarding/page.tsx [Client Component Browser]
    ./app/onboarding/page.tsx [Server Component]

  Client Component SSR:
    ./app/onboarding/page.tsx [Client Component SSR]
    ./app/onboarding/page.tsx [Server Component] @ http://localhost:3000/_next/static/chunks/node_modules_next_dist_1e8vcs8._.js:1052
[  363272ms] [ERROR] ./app/onboarding/page.tsx:204:14
Error: Unterminated regexp literal
  202 |                 </div>
  203 |               </div>
> 204 |             </PantallaFunnel>
      |              ^^^^^^^^^^^^^^^^
  205 |           )}
  206 |
  207 |           {paso === 'reconocimiento' && (

Parsing ecmascript source code failed

Import traces:
  Client Component Browser:
    ./app/onboarding/page.tsx [Client Component Browser]
    ./app/onboarding/page.tsx [Server Component]

  Client Component SSR:
    ./app/onboarding/page.tsx [Client Component SSR]
    ./app/onboarding/page.tsx [Server Component] @ http://localhost:3000/_next/static/chunks/node_modules_next_dist_1e8vcs8._.js:1052
[  363328ms] [ERROR] ./app/onboarding/page.tsx:204:13
Error: Expression expected
  202 |                 </div>
  203 |               </div>
> 204 |             </PantallaFunnel>
      |             ^
  205 |           )}
  206 |
  207 |           {paso === 'reconocimiento' && (

Parsing ecmascript source code failed

Import traces:
  Client Component Browser:
    ./app/onboarding/page.tsx [Client Component Browser]
    ./app/onboarding/page.tsx [Server Component]

  Client Component SSR:
    ./app/onboarding/page.tsx [Client Component SSR]
    ./app/onboarding/page.tsx [Server Component] @ http://localhost:3000/_next/static/chunks/node_modules_next_dist_1e8vcs8._.js:1052
[  363328ms] [ERROR] ./app/onboarding/page.tsx:204:14
Error: Unterminated regexp literal
  202 |                 </div>
  203 |               </div>
> 204 |             </PantallaFunnel>
      |              ^^^^^^^^^^^^^^^^
  205 |           )}
  206 |
  207 |           {paso === 'reconocimiento' && (

Parsing ecmascript source code failed

Import traces:
  Client Component Browser:
    ./app/onboarding/page.tsx [Client Component Browser]
    ./app/onboarding/page.tsx [Server Component]

  Client Component SSR:
    ./app/onboarding/page.tsx [Client Component SSR]
    ./app/onboarding/page.tsx [Server Component] @ http://localhost:3000/_next/static/chunks/node_modules_next_dist_1e8vcs8._.js:1052
[  363376ms] [ERROR] ./app/onboarding/page.tsx:204:13
Error: Expression expected
  202 |                 </div>
  203 |               </div>
> 204 |             </PantallaFunnel>
      |             ^
  205 |           )}
  206 |
  207 |           {paso === 'reconocimiento' && (

Parsing ecmascript source code failed

Import traces:
  Client Component Browser:
    ./app/onboarding/page.tsx [Client Component Browser]
    ./app/onboarding/page.tsx [Server Component]

  Client Component SSR:
    ./app/onboarding/page.tsx [Client Component SSR]
    ./app/onboarding/page.tsx [Server Component] @ http://localhost:3000/_next/static/chunks/node_modules_next_dist_1e8vcs8._.js:1052
[  363376ms] [ERROR] ./app/onboarding/page.tsx:204:14
Error: Unterminated regexp literal
  202 |                 </div>
  203 |               </div>
> 204 |             </PantallaFunnel>
      |              ^^^^^^^^^^^^^^^^
  205 |           )}
  206 |
  207 |           {paso === 'reconocimiento' && (

Parsing ecmascript source code failed

Import traces:
  Client Component Browser:
    ./app/onboarding/page.tsx [Client Component Browser]
    ./app/onboarding/page.tsx [Server Component]

  Client Component SSR:
    ./app/onboarding/page.tsx [Client Component SSR]
    ./app/onboarding/page.tsx [Server Component] @ http://localhost:3000/_next/static/chunks/node_modules_next_dist_1e8vcs8._.js:1052
[  363450ms] [ERROR] ./app/onboarding/page.tsx:204:13
Error: Expression expected
  202 |                 </div>
  203 |               </div>
> 204 |             </PantallaFunnel>
      |             ^
  205 |           )}
  206 |
  207 |           {paso === 'reconocimiento' && (

Parsing ecmascript source code failed

Import traces:
  Client Component Browser:
    ./app/onboarding/page.tsx [Client Component Browser]
    ./app/onboarding/page.tsx [Server Component]

  Client Component SSR:
    ./app/onboarding/page.tsx [Client Component SSR]
    ./app/onboarding/page.tsx [Server Component] @ http://localhost:3000/_next/static/chunks/node_modules_next_dist_1e8vcs8._.js:1052
[  363452ms] [ERROR] ./app/onboarding/page.tsx:204:14
Error: Unterminated regexp literal
  202 |                 </div>
  203 |               </div>
> 204 |             </PantallaFunnel>
      |              ^^^^^^^^^^^^^^^^
  205 |           )}
  206 |
  207 |           {paso === 'reconocimiento' && (

Parsing ecmascript source code failed

Import traces:
  Client Component Browser:
    ./app/onboarding/page.tsx [Client Component Browser]
    ./app/onboarding/page.tsx [Server Component]

  Client Component SSR:
    ./app/onboarding/page.tsx [Client Component SSR]
    ./app/onboarding/page.tsx [Server Component] @ http://localhost:3000/_next/static/chunks/node_modules_next_dist_1e8vcs8._.js:1052
[  363502ms] [ERROR] ./app/onboarding/page.tsx:204:13
Error: Expression expected
  202 |                 </div>
  203 |               </div>
> 204 |             </PantallaFunnel>
      |             ^
  205 |           )}
  206 |
  207 |           {paso === 'reconocimiento' && (

Parsing ecmascript source code failed

Import traces:
  Client Component Browser:
    ./app/onboarding/page.tsx [Client Component Browser]
    ./app/onboarding/page.tsx [Server Component]

  Client Component SSR:
    ./app/onboarding/page.tsx [Client Component SSR]
    ./app/onboarding/page.tsx [Server Component] @ http://localhost:3000/_next/static/chunks/node_modules_next_dist_1e8vcs8._.js:1052
[  363502ms] [ERROR] ./app/onboarding/page.tsx:204:14
Error: Unterminated regexp literal
  202 |                 </div>
  203 |               </div>
> 204 |             </PantallaFunnel>
      |              ^^^^^^^^^^^^^^^^
  205 |           )}
  206 |
  207 |           {paso === 'reconocimiento' && (

Parsing ecmascript source code failed

Import traces:
  Client Component Browser:
    ./app/onboarding/page.tsx [Client Component Browser]
    ./app/onboarding/page.tsx [Server Component]

  Client Component SSR:
    ./app/onboarding/page.tsx [Client Component SSR]
    ./app/onboarding/page.tsx [Server Component] @ http://localhost:3000/_next/static/chunks/node_modules_next_dist_1e8vcs8._.js:1052
[  363550ms] [ERROR] ./app/onboarding/page.tsx:204:13
Error: Expression expected
  202 |                 </div>
  203 |               </div>
> 204 |             </PantallaFunnel>
      |             ^
  205 |           )}
  206 |
  207 |           {paso === 'reconocimiento' && (

Parsing ecmascript source code failed

Import traces:
  Client Component Browser:
    ./app/onboarding/page.tsx [Client Component Browser]
    ./app/onboarding/page.tsx [Server Component]

  Client Component SSR:
    ./app/onboarding/page.tsx [Client Component SSR]
    ./app/onboarding/page.tsx [Server Component] @ http://localhost:3000/_next/static/chunks/node_modules_next_dist_1e8vcs8._.js:1052
[  363551ms] [ERROR] ./app/onboarding/page.tsx:204:14
Error: Unterminated regexp literal
  202 |                 </div>
  203 |               </div>
> 204 |             </PantallaFunnel>
      |              ^^^^^^^^^^^^^^^^
  205 |           )}
  206 |
  207 |           {paso === 'reconocimiento' && (

Parsing ecmascript source code failed

Import traces:
  Client Component Browser:
    ./app/onboarding/page.tsx [Client Component Browser]
    ./app/onboarding/page.tsx [Server Component]

  Client Component SSR:
    ./app/onboarding/page.tsx [Client Component SSR]
    ./app/onboarding/page.tsx [Server Component] @ http://localhost:3000/_next/static/chunks/node_modules_next_dist_1e8vcs8._.js:1052
[  363604ms] [ERROR] ./app/onboarding/page.tsx:204:13
Error: Expression expected
  202 |                 </div>
  203 |               </div>
> 204 |             </PantallaFunnel>
      |             ^
  205 |           )}
  206 |
  207 |           {paso === 'reconocimiento' && (

Parsing ecmascript source code failed

Import traces:
  Client Component Browser:
    ./app/onboarding/page.tsx [Client Component Browser]
    ./app/onboarding/page.tsx [Server Component]

  Client Component SSR:
    ./app/onboarding/page.tsx [Client Component SSR]
    ./app/onboarding/page.tsx [Server Component] @ http://localhost:3000/_next/static/chunks/node_modules_next_dist_1e8vcs8._.js:1052
[  363604ms] [ERROR] ./app/onboarding/page.tsx:204:14
Error: Unterminated regexp literal
  202 |                 </div>
  203 |               </div>
> 204 |             </PantallaFunnel>
      |              ^^^^^^^^^^^^^^^^
  205 |           )}
  206 |
  207 |           {paso === 'reconocimiento' && (

Parsing ecmascript source code failed

Import traces:
  Client Component Browser:
    ./app/onboarding/page.tsx [Client Component Browser]
    ./app/onboarding/page.tsx [Server Component]

  Client Component SSR:
    ./app/onboarding/page.tsx [Client Component SSR]
    ./app/onboarding/page.tsx [Server Component] @ http://localhost:3000/_next/static/chunks/node_modules_next_dist_1e8vcs8._.js:1052
[  363657ms] [ERROR] ./app/onboarding/page.tsx:204:13
Error: Expression expected
  202 |                 </div>
  203 |               </div>
> 204 |             </PantallaFunnel>
      |             ^
  205 |           )}
  206 |
  207 |           {paso === 'reconocimiento' && (

Parsing ecmascript source code failed

Import traces:
  Client Component Browser:
    ./app/onboarding/page.tsx [Client Component Browser]
    ./app/onboarding/page.tsx [Server Component]

  Client Component SSR:
    ./app/onboarding/page.tsx [Client Component SSR]
    ./app/onboarding/page.tsx [Server Component] @ http://localhost:3000/_next/static/chunks/node_modules_next_dist_1e8vcs8._.js:1052
[  363660ms] [ERROR] ./app/onboarding/page.tsx:204:14
Error: Unterminated regexp literal
  202 |                 </div>
  203 |               </div>
> 204 |             </PantallaFunnel>
      |              ^^^^^^^^^^^^^^^^
  205 |           )}
  206 |
  207 |           {paso === 'reconocimiento' && (

Parsing ecmascript source code failed

Import traces:
  Client Component Browser:
    ./app/onboarding/page.tsx [Client Component Browser]
    ./app/onboarding/page.tsx [Server Component]

  Client Component SSR:
    ./app/onboarding/page.tsx [Client Component SSR]
    ./app/onboarding/page.tsx [Server Component] @ http://localhost:3000/_next/static/chunks/node_modules_next_dist_1e8vcs8._.js:1052
[  363713ms] [ERROR] ./app/onboarding/page.tsx:204:13
Error: Expression expected
  202 |                 </div>
  203 |               </div>
> 204 |             </PantallaFunnel>
      |             ^
  205 |           )}
  206 |
  207 |           {paso === 'reconocimiento' && (

Parsing ecmascript source code failed

Import traces:
  Client Component Browser:
    ./app/onboarding/page.tsx [Client Component Browser]
    ./app/onboarding/page.tsx [Server Component]

  Client Component SSR:
    ./app/onboarding/page.tsx [Client Component SSR]
    ./app/onboarding/page.tsx [Server Component] @ http://localhost:3000/_next/static/chunks/node_modules_next_dist_1e8vcs8._.js:1052
[  363714ms] [ERROR] ./app/onboarding/page.tsx:204:14
Error: Unterminated regexp literal
  202 |                 </div>
  203 |               </div>
> 204 |             </PantallaFunnel>
      |              ^^^^^^^^^^^^^^^^
  205 |           )}
  206 |
  207 |           {paso === 'reconocimiento' && (

Parsing ecmascript source code failed

Import traces:
  Client Component Browser:
    ./app/onboarding/page.tsx [Client Component Browser]
    ./app/onboarding/page.tsx [Server Component]

  Client Component SSR:
    ./app/onboarding/page.tsx [Client Component SSR]
    ./app/onboarding/page.tsx [Server Component] @ http://localhost:3000/_next/static/chunks/node_modules_next_dist_1e8vcs8._.js:1052
[  363781ms] [ERROR] ./app/onboarding/page.tsx:204:13
Error: Expression expected
  202 |                 </div>
  203 |               </div>
> 204 |             </PantallaFunnel>
      |             ^
  205 |           )}
  206 |
  207 |           {paso === 'reconocimiento' && (

Parsing ecmascript source code failed

Import traces:
  Client Component Browser:
    ./app/onboarding/page.tsx [Client Component Browser]
    ./app/onboarding/page.tsx [Server Component]

  Client Component SSR:
    ./app/onboarding/page.tsx [Client Component SSR]
    ./app/onboarding/page.tsx [Server Component] @ http://localhost:3000/_next/static/chunks/node_modules_next_dist_1e8vcs8._.js:1052
[  363783ms] [ERROR] ./app/onboarding/page.tsx:204:14
Error: Unterminated regexp literal
  202 |                 </div>
  203 |               </div>
> 204 |             </PantallaFunnel>
      |              ^^^^^^^^^^^^^^^^
  205 |           )}
  206 |
  207 |           {paso === 'reconocimiento' && (

Parsing ecmascript source code failed

Import traces:
  Client Component Browser:
    ./app/onboarding/page.tsx [Client Component Browser]
    ./app/onboarding/page.tsx [Server Component]

  Client Component SSR:
    ./app/onboarding/page.tsx [Client Component SSR]
    ./app/onboarding/page.tsx [Server Component] @ http://localhost:3000/_next/static/chunks/node_modules_next_dist_1e8vcs8._.js:1052
[  363835ms] [ERROR] ./app/onboarding/page.tsx:204:13
Error: Expression expected
  202 |                 </div>
  203 |               </div>
> 204 |             </PantallaFunnel>
      |             ^
  205 |           )}
  206 |
  207 |           {paso === 'reconocimiento' && (

Parsing ecmascript source code failed

Import traces:
  Client Component Browser:
    ./app/onboarding/page.tsx [Client Component Browser]
    ./app/onboarding/page.tsx [Server Component]

  Client Component SSR:
    ./app/onboarding/page.tsx [Client Component SSR]
    ./app/onboarding/page.tsx [Server Component] @ http://localhost:3000/_next/static/chunks/node_modules_next_dist_1e8vcs8._.js:1052
[  363835ms] [ERROR] ./app/onboarding/page.tsx:204:14
Error: Unterminated regexp literal
  202 |                 </div>
  203 |               </div>
> 204 |             </PantallaFunnel>
      |              ^^^^^^^^^^^^^^^^
  205 |           )}
  206 |
  207 |           {paso === 'reconocimiento' && (

Parsing ecmascript source code failed

Import traces:
  Client Component Browser:
    ./app/onboarding/page.tsx [Client Component Browser]
    ./app/onboarding/page.tsx [Server Component]

  Client Component SSR:
    ./app/onboarding/page.tsx [Client Component SSR]
    ./app/onboarding/page.tsx [Server Component] @ http://localhost:3000/_next/static/chunks/node_modules_next_dist_1e8vcs8._.js:1052
[  363901ms] [ERROR] ./app/onboarding/page.tsx:204:13
Error: Expression expected
  202 |                 </div>
  203 |               </div>
> 204 |             </PantallaFunnel>
      |             ^
  205 |           )}
  206 |
  207 |           {paso === 'reconocimiento' && (

Parsing ecmascript source code failed

Import traces:
  Client Component Browser:
    ./app/onboarding/page.tsx [Client Component Browser]
    ./app/onboarding/page.tsx [Server Component]

  Client Component SSR:
    ./app/onboarding/page.tsx [Client Component SSR]
    ./app/onboarding/page.tsx [Server Component] @ http://localhost:3000/_next/static/chunks/node_modules_next_dist_1e8vcs8._.js:1052
[  363901ms] [ERROR] ./app/onboarding/page.tsx:204:14
Error: Unterminated regexp literal
  202 |                 </div>
  203 |               </div>
> 204 |             </PantallaFunnel>
      |              ^^^^^^^^^^^^^^^^
  205 |           )}
  206 |
  207 |           {paso === 'reconocimiento' && (

Parsing ecmascript source code failed

Import traces:
  Client Component Browser:
    ./app/onboarding/page.tsx [Client Component Browser]
    ./app/onboarding/page.tsx [Server Component]

  Client Component SSR:
    ./app/onboarding/page.tsx [Client Component SSR]
    ./app/onboarding/page.tsx [Server Component] @ http://localhost:3000/_next/static/chunks/node_modules_next_dist_1e8vcs8._.js:1052
[  363958ms] [ERROR] ./app/onboarding/page.tsx:204:13
Error: Expression expected
  202 |                 </div>
  203 |               </div>
> 204 |             </PantallaFunnel>
      |             ^
  205 |           )}
  206 |
  207 |           {paso === 'reconocimiento' && (

Parsing ecmascript source code failed

Import traces:
  Client Component Browser:
    ./app/onboarding/page.tsx [Client Component Browser]
    ./app/onboarding/page.tsx [Server Component]

  Client Component SSR:
    ./app/onboarding/page.tsx [Client Component SSR]
    ./app/onboarding/page.tsx [Server Component] @ http://localhost:3000/_next/static/chunks/node_modules_next_dist_1e8vcs8._.js:1052
[  363959ms] [ERROR] ./app/onboarding/page.tsx:204:14
Error: Unterminated regexp literal
  202 |                 </div>
  203 |               </div>
> 204 |             </PantallaFunnel>
      |              ^^^^^^^^^^^^^^^^
  205 |           )}
  206 |
  207 |           {paso === 'reconocimiento' && (

Parsing ecmascript source code failed

Import traces:
  Client Component Browser:
    ./app/onboarding/page.tsx [Client Component Browser]
    ./app/onboarding/page.tsx [Server Component]

  Client Component SSR:
    ./app/onboarding/page.tsx [Client Component SSR]
    ./app/onboarding/page.tsx [Server Component] @ http://localhost:3000/_next/static/chunks/node_modules_next_dist_1e8vcs8._.js:1052
[  364003ms] [ERROR] ./app/onboarding/page.tsx:204:13
Error: Expression expected
  202 |                 </div>
  203 |               </div>
> 204 |             </PantallaFunnel>
      |             ^
  205 |           )}
  206 |
  207 |           {paso === 'reconocimiento' && (

Parsing ecmascript source code failed

Import traces:
  Client Component Browser:
    ./app/onboarding/page.tsx [Client Component Browser]
    ./app/onboarding/page.tsx [Server Component]

  Client Component SSR:
    ./app/onboarding/page.tsx [Client Component SSR]
    ./app/onboarding/page.tsx [Server Component] @ http://localhost:3000/_next/static/chunks/node_modules_next_dist_1e8vcs8._.js:1052
[  364005ms] [ERROR] ./app/onboarding/page.tsx:204:14
Error: Unterminated regexp literal
  202 |                 </div>
  203 |               </div>
> 204 |             </PantallaFunnel>
      |              ^^^^^^^^^^^^^^^^
  205 |           )}
  206 |
  207 |           {paso === 'reconocimiento' && (

Parsing ecmascript source code failed

Import traces:
  Client Component Browser:
    ./app/onboarding/page.tsx [Client Component Browser]
    ./app/onboarding/page.tsx [Server Component]

  Client Component SSR:
    ./app/onboarding/page.tsx [Client Component SSR]
    ./app/onboarding/page.tsx [Server Component] @ http://localhost:3000/_next/static/chunks/node_modules_next_dist_1e8vcs8._.js:1052
[  364056ms] [ERROR] ./app/onboarding/page.tsx:204:13
Error: Expression expected
  202 |                 </div>
  203 |               </div>
> 204 |             </PantallaFunnel>
      |             ^
  205 |           )}
  206 |
  207 |           {paso === 'reconocimiento' && (

Parsing ecmascript source code failed

Import traces:
  Client Component Browser:
    ./app/onboarding/page.tsx [Client Component Browser]
    ./app/onboarding/page.tsx [Server Component]

  Client Component SSR:
    ./app/onboarding/page.tsx [Client Component SSR]
    ./app/onboarding/page.tsx [Server Component] @ http://localhost:3000/_next/static/chunks/node_modules_next_dist_1e8vcs8._.js:1052
[  364056ms] [ERROR] ./app/onboarding/page.tsx:204:14
Error: Unterminated regexp literal
  202 |                 </div>
  203 |               </div>
> 204 |             </PantallaFunnel>
      |              ^^^^^^^^^^^^^^^^
  205 |           )}
  206 |
  207 |           {paso === 'reconocimiento' && (

Parsing ecmascript source code failed

Import traces:
  Client Component Browser:
    ./app/onboarding/page.tsx [Client Component Browser]
    ./app/onboarding/page.tsx [Server Component]

  Client Component SSR:
    ./app/onboarding/page.tsx [Client Component SSR]
    ./app/onboarding/page.tsx [Server Component] @ http://localhost:3000/_next/static/chunks/node_modules_next_dist_1e8vcs8._.js:1052
[  364109ms] [ERROR] ./app/onboarding/page.tsx:204:13
Error: Expression expected
  202 |                 </div>
  203 |               </div>
> 204 |             </PantallaFunnel>
      |             ^
  205 |           )}
  206 |
  207 |           {paso === 'reconocimiento' && (

Parsing ecmascript source code failed

Import traces:
  Client Component Browser:
    ./app/onboarding/page.tsx [Client Component Browser]
    ./app/onboarding/page.tsx [Server Component]

  Client Component SSR:
    ./app/onboarding/page.tsx [Client Component SSR]
    ./app/onboarding/page.tsx [Server Component] @ http://localhost:3000/_next/static/chunks/node_modules_next_dist_1e8vcs8._.js:1052
[  364109ms] [ERROR] ./app/onboarding/page.tsx:204:14
Error: Unterminated regexp literal
  202 |                 </div>
  203 |               </div>
> 204 |             </PantallaFunnel>
      |              ^^^^^^^^^^^^^^^^
  205 |           )}
  206 |
  207 |           {paso === 'reconocimiento' && (

Parsing ecmascript source code failed

Import traces:
  Client Component Browser:
    ./app/onboarding/page.tsx [Client Component Browser]
    ./app/onboarding/page.tsx [Server Component]

  Client Component SSR:
    ./app/onboarding/page.tsx [Client Component SSR]
    ./app/onboarding/page.tsx [Server Component] @ http://localhost:3000/_next/static/chunks/node_modules_next_dist_1e8vcs8._.js:1052
[  364153ms] [ERROR] ./app/onboarding/page.tsx:204:13
Error: Expression expected
  202 |                 </div>
  203 |               </div>
> 204 |             </PantallaFunnel>
      |             ^
  205 |           )}
  206 |
  207 |           {paso === 'reconocimiento' && (

Parsing ecmascript source code failed

Import traces:
  Client Component Browser:
    ./app/onboarding/page.tsx [Client Component Browser]
    ./app/onboarding/page.tsx [Server Component]

  Client Component SSR:
    ./app/onboarding/page.tsx [Client Component SSR]
    ./app/onboarding/page.tsx [Server Component] @ http://localhost:3000/_next/static/chunks/node_modules_next_dist_1e8vcs8._.js:1052
[  364156ms] [ERROR] ./app/onboarding/page.tsx:204:14
Error: Unterminated regexp literal
  202 |                 </div>
  203 |               </div>
> 204 |             </PantallaFunnel>
      |              ^^^^^^^^^^^^^^^^
  205 |           )}
  206 |
  207 |           {paso === 'reconocimiento' && (

Parsing ecmascript source code failed

Import traces:
  Client Component Browser:
    ./app/onboarding/page.tsx [Client Component Browser]
    ./app/onboarding/page.tsx [Server Component]

  Client Component SSR:
    ./app/onboarding/page.tsx [Client Component SSR]
    ./app/onboarding/page.tsx [Server Component] @ http://localhost:3000/_next/static/chunks/node_modules_next_dist_1e8vcs8._.js:1052
[  364213ms] [ERROR] ./app/onboarding/page.tsx:204:13
Error: Expression expected
  202 |                 </div>
  203 |               </div>
> 204 |             </PantallaFunnel>
      |             ^
  205 |           )}
  206 |
  207 |           {paso === 'reconocimiento' && (

Parsing ecmascript source code failed

Import traces:
  Client Component Browser:
    ./app/onboarding/page.tsx [Client Component Browser]
    ./app/onboarding/page.tsx [Server Component]

  Client Component SSR:
    ./app/onboarding/page.tsx [Client Component SSR]
    ./app/onboarding/page.tsx [Server Component] @ http://localhost:3000/_next/static/chunks/node_modules_next_dist_1e8vcs8._.js:1052
[  364216ms] [ERROR] ./app/onboarding/page.tsx:204:14
Error: Unterminated regexp literal
  202 |                 </div>
  203 |               </div>
> 204 |             </PantallaFunnel>
      |              ^^^^^^^^^^^^^^^^
  205 |           )}
  206 |
  207 |           {paso === 'reconocimiento' && (

Parsing ecmascript source code failed

Import traces:
  Client Component Browser:
    ./app/onboarding/page.tsx [Client Component Browser]
    ./app/onboarding/page.tsx [Server Component]

  Client Component SSR:
    ./app/onboarding/page.tsx [Client Component SSR]
    ./app/onboarding/page.tsx [Server Component] @ http://localhost:3000/_next/static/chunks/node_modules_next_dist_1e8vcs8._.js:1052
[  364276ms] [ERROR] ./app/onboarding/page.tsx:204:13
Error: Expression expected
  202 |                 </div>
  203 |               </div>
> 204 |             </PantallaFunnel>
      |             ^
  205 |           )}
  206 |
  207 |           {paso === 'reconocimiento' && (

Parsing ecmascript source code failed

Import traces:
  Client Component Browser:
    ./app/onboarding/page.tsx [Client Component Browser]
    ./app/onboarding/page.tsx [Server Component]

  Client Component SSR:
    ./app/onboarding/page.tsx [Client Component SSR]
    ./app/onboarding/page.tsx [Server Component] @ http://localhost:3000/_next/static/chunks/node_modules_next_dist_1e8vcs8._.js:1052
[  364276ms] [ERROR] ./app/onboarding/page.tsx:204:14
Error: Unterminated regexp literal
  202 |                 </div>
  203 |               </div>
> 204 |             </PantallaFunnel>
      |              ^^^^^^^^^^^^^^^^
  205 |           )}
  206 |
  207 |           {paso === 'reconocimiento' && (

Parsing ecmascript source code failed

Import traces:
  Client Component Browser:
    ./app/onboarding/page.tsx [Client Component Browser]
    ./app/onboarding/page.tsx [Server Component]

  Client Component SSR:
    ./app/onboarding/page.tsx [Client Component SSR]
    ./app/onboarding/page.tsx [Server Component] @ http://localhost:3000/_next/static/chunks/node_modules_next_dist_1e8vcs8._.js:1052
[  364326ms] [ERROR] ./app/onboarding/page.tsx:204:13
Error: Expression expected
  202 |                 </div>
  203 |               </div>
> 204 |             </PantallaFunnel>
      |             ^
  205 |           )}
  206 |
  207 |           {paso === 'reconocimiento' && (

Parsing ecmascript source code failed

Import traces:
  Client Component Browser:
    ./app/onboarding/page.tsx [Client Component Browser]
    ./app/onboarding/page.tsx [Server Component]

  Client Component SSR:
    ./app/onboarding/page.tsx [Client Component SSR]
    ./app/onboarding/page.tsx [Server Component] @ http://localhost:3000/_next/static/chunks/node_modules_next_dist_1e8vcs8._.js:1052
[  364326ms] [ERROR] ./app/onboarding/page.tsx:204:14
Error: Unterminated regexp literal
  202 |                 </div>
  203 |               </div>
> 204 |             </PantallaFunnel>
      |              ^^^^^^^^^^^^^^^^
  205 |           )}
  206 |
  207 |           {paso === 'reconocimiento' && (

Parsing ecmascript source code failed

Import traces:
  Client Component Browser:
    ./app/onboarding/page.tsx [Client Component Browser]
    ./app/onboarding/page.tsx [Server Component]

  Client Component SSR:
    ./app/onboarding/page.tsx [Client Component SSR]
    ./app/onboarding/page.tsx [Server Component] @ http://localhost:3000/_next/static/chunks/node_modules_next_dist_1e8vcs8._.js:1052
[  364387ms] [ERROR] ./app/onboarding/page.tsx:204:13
Error: Expression expected
  202 |                 </div>
  203 |               </div>
> 204 |             </PantallaFunnel>
      |             ^
  205 |           )}
  206 |
  207 |           {paso === 'reconocimiento' && (

Parsing ecmascript source code failed

Import traces:
  Client Component Browser:
    ./app/onboarding/page.tsx [Client Component Browser]
    ./app/onboarding/page.tsx [Server Component]

  Client Component SSR:
    ./app/onboarding/page.tsx [Client Component SSR]
    ./app/onboarding/page.tsx [Server Component] @ http://localhost:3000/_next/static/chunks/node_modules_next_dist_1e8vcs8._.js:1052
[  364387ms] [ERROR] ./app/onboarding/page.tsx:204:14
Error: Unterminated regexp literal
  202 |                 </div>
  203 |               </div>
> 204 |             </PantallaFunnel>
      |              ^^^^^^^^^^^^^^^^
  205 |           )}
  206 |
  207 |           {paso === 'reconocimiento' && (

Parsing ecmascript source code failed

Import traces:
  Client Component Browser:
    ./app/onboarding/page.tsx [Client Component Browser]
    ./app/onboarding/page.tsx [Server Component]

  Client Component SSR:
    ./app/onboarding/page.tsx [Client Component SSR]
    ./app/onboarding/page.tsx [Server Component] @ http://localhost:3000/_next/static/chunks/node_modules_next_dist_1e8vcs8._.js:1052
[  364427ms] [ERROR] ./app/onboarding/page.tsx:204:13
Error: Expression expected
  202 |                 </div>
  203 |               </div>
> 204 |             </PantallaFunnel>
      |             ^
  205 |           )}
  206 |
  207 |           {paso === 'reconocimiento' && (

Parsing ecmascript source code failed

Import traces:
  Client Component Browser:
    ./app/onboarding/page.tsx [Client Component Browser]
    ./app/onboarding/page.tsx [Server Component]

  Client Component SSR:
    ./app/onboarding/page.tsx [Client Component SSR]
    ./app/onboarding/page.tsx [Server Component] @ http://localhost:3000/_next/static/chunks/node_modules_next_dist_1e8vcs8._.js:1052
[  364427ms] [ERROR] ./app/onboarding/page.tsx:204:14
Error: Unterminated regexp literal
  202 |                 </div>
  203 |               </div>
> 204 |             </PantallaFunnel>
      |              ^^^^^^^^^^^^^^^^
  205 |           )}
  206 |
  207 |           {paso === 'reconocimiento' && (

Parsing ecmascript source code failed

Import traces:
  Client Component Browser:
    ./app/onboarding/page.tsx [Client Component Browser]
    ./app/onboarding/page.tsx [Server Component]

  Client Component SSR:
    ./app/onboarding/page.tsx [Client Component SSR]
    ./app/onboarding/page.tsx [Server Component] @ http://localhost:3000/_next/static/chunks/node_modules_next_dist_1e8vcs8._.js:1052
[  364471ms] [ERROR] ./app/onboarding/page.tsx:204:13
Error: Expression expected
  202 |                 </div>
  203 |               </div>
> 204 |             </PantallaFunnel>
      |             ^
  205 |           )}
  206 |
  207 |           {paso === 'reconocimiento' && (

Parsing ecmascript source code failed

Import traces:
  Client Component Browser:
    ./app/onboarding/page.tsx [Client Component Browser]
    ./app/onboarding/page.tsx [Server Component]

  Client Component SSR:
    ./app/onboarding/page.tsx [Client Component SSR]
    ./app/onboarding/page.tsx [Server Component] @ http://localhost:3000/_next/static/chunks/node_modules_next_dist_1e8vcs8._.js:1052
[  364471ms] [ERROR] ./app/onboarding/page.tsx:204:14
Error: Unterminated regexp literal
  202 |                 </div>
  203 |               </div>
> 204 |             </PantallaFunnel>
      |              ^^^^^^^^^^^^^^^^
  205 |           )}
  206 |
  207 |           {paso === 'reconocimiento' && (

Parsing ecmascript source code failed

Import traces:
  Client Component Browser:
    ./app/onboarding/page.tsx [Client Component Browser]
    ./app/onboarding/page.tsx [Server Component]

  Client Component SSR:
    ./app/onboarding/page.tsx [Client Component SSR]
    ./app/onboarding/page.tsx [Server Component] @ http://localhost:3000/_next/static/chunks/node_modules_next_dist_1e8vcs8._.js:1052
[  364518ms] [ERROR] ./app/onboarding/page.tsx:204:13
Error: Expression expected
  202 |                 </div>
  203 |               </div>
> 204 |             </PantallaFunnel>
      |             ^
  205 |           )}
  206 |
  207 |           {paso === 'reconocimiento' && (

Parsing ecmascript source code failed

Import traces:
  Client Component Browser:
    ./app/onboarding/page.tsx [Client Component Browser]
    ./app/onboarding/page.tsx [Server Component]

  Client Component SSR:
    ./app/onboarding/page.tsx [Client Component SSR]
    ./app/onboarding/page.tsx [Server Component] @ http://localhost:3000/_next/static/chunks/node_modules_next_dist_1e8vcs8._.js:1052
[  364518ms] [ERROR] ./app/onboarding/page.tsx:204:14
Error: Unterminated regexp literal
  202 |                 </div>
  203 |               </div>
> 204 |             </PantallaFunnel>
      |              ^^^^^^^^^^^^^^^^
  205 |           )}
  206 |
  207 |           {paso === 'reconocimiento' && (

Parsing ecmascript source code failed

Import traces:
  Client Component Browser:
    ./app/onboarding/page.tsx [Client Component Browser]
    ./app/onboarding/page.tsx [Server Component]

  Client Component SSR:
    ./app/onboarding/page.tsx [Client Component SSR]
    ./app/onboarding/page.tsx [Server Component] @ http://localhost:3000/_next/static/chunks/node_modules_next_dist_1e8vcs8._.js:1052
[  364568ms] [ERROR] ./app/onboarding/page.tsx:204:13
Error: Expression expected
  202 |                 </div>
  203 |               </div>
> 204 |             </PantallaFunnel>
      |             ^
  205 |           )}
  206 |
  207 |           {paso === 'reconocimiento' && (

Parsing ecmascript source code failed

Import traces:
  Client Component Browser:
    ./app/onboarding/page.tsx [Client Component Browser]
    ./app/onboarding/page.tsx [Server Component]

  Client Component SSR:
    ./app/onboarding/page.tsx [Client Component SSR]
    ./app/onboarding/page.tsx [Server Component] @ http://localhost:3000/_next/static/chunks/node_modules_next_dist_1e8vcs8._.js:1052
[  364568ms] [ERROR] ./app/onboarding/page.tsx:204:14
Error: Unterminated regexp literal
  202 |                 </div>
  203 |               </div>
> 204 |             </PantallaFunnel>
      |              ^^^^^^^^^^^^^^^^
  205 |           )}
  206 |
  207 |           {paso === 'reconocimiento' && (

Parsing ecmascript source code failed

Import traces:
  Client Component Browser:
    ./app/onboarding/page.tsx [Client Component Browser]
    ./app/onboarding/page.tsx [Server Component]

  Client Component SSR:
    ./app/onboarding/page.tsx [Client Component SSR]
    ./app/onboarding/page.tsx [Server Component] @ http://localhost:3000/_next/static/chunks/node_modules_next_dist_1e8vcs8._.js:1052
[  364621ms] [ERROR] ./app/onboarding/page.tsx:204:13
Error: Expression expected
  202 |                 </div>
  203 |               </div>
> 204 |             </PantallaFunnel>
      |             ^
  205 |           )}
  206 |
  207 |           {paso === 'reconocimiento' && (

Parsing ecmascript source code failed

Import traces:
  Client Component Browser:
    ./app/onboarding/page.tsx [Client Component Browser]
    ./app/onboarding/page.tsx [Server Component]

  Client Component SSR:
    ./app/onboarding/page.tsx [Client Component SSR]
    ./app/onboarding/page.tsx [Server Component] @ http://localhost:3000/_next/static/chunks/node_modules_next_dist_1e8vcs8._.js:1052
[  364621ms] [ERROR] ./app/onboarding/page.tsx:204:14
Error: Unterminated regexp literal
  202 |                 </div>
  203 |               </div>
> 204 |             </PantallaFunnel>
      |              ^^^^^^^^^^^^^^^^
  205 |           )}
  206 |
  207 |           {paso === 'reconocimiento' && (

Parsing ecmascript source code failed

Import traces:
  Client Component Browser:
    ./app/onboarding/page.tsx [Client Component Browser]
    ./app/onboarding/page.tsx [Server Component]

  Client Component SSR:
    ./app/onboarding/page.tsx [Client Component SSR]
    ./app/onboarding/page.tsx [Server Component] @ http://localhost:3000/_next/static/chunks/node_modules_next_dist_1e8vcs8._.js:1052
[  364669ms] [ERROR] ./app/onboarding/page.tsx:204:13
Error: Expression expected
  202 |                 </div>
  203 |               </div>
> 204 |             </PantallaFunnel>
      |             ^
  205 |           )}
  206 |
  207 |           {paso === 'reconocimiento' && (

Parsing ecmascript source code failed

Import traces:
  Client Component Browser:
    ./app/onboarding/page.tsx [Client Component Browser]
    ./app/onboarding/page.tsx [Server Component]

  Client Component SSR:
    ./app/onboarding/page.tsx [Client Component SSR]
    ./app/onboarding/page.tsx [Server Component] @ http://localhost:3000/_next/static/chunks/node_modules_next_dist_1e8vcs8._.js:1052
[  364670ms] [ERROR] ./app/onboarding/page.tsx:204:14
Error: Unterminated regexp literal
  202 |                 </div>
  203 |               </div>
> 204 |             </PantallaFunnel>
      |              ^^^^^^^^^^^^^^^^
  205 |           )}
  206 |
  207 |           {paso === 'reconocimiento' && (

Parsing ecmascript source code failed

Import traces:
  Client Component Browser:
    ./app/onboarding/page.tsx [Client Component Browser]
    ./app/onboarding/page.tsx [Server Component]

  Client Component SSR:
    ./app/onboarding/page.tsx [Client Component SSR]
    ./app/onboarding/page.tsx [Server Component] @ http://localhost:3000/_next/static/chunks/node_modules_next_dist_1e8vcs8._.js:1052
[  364889ms] [LOG] [Fast Refresh] rebuilding @ http://localhost:3000/_next/static/chunks/node_modules_next_dist_1e8vcs8._.js:776
[  364975ms] [LOG] [Fast Refresh] done in 96ms @ http://localhost:3000/_next/static/chunks/node_modules_next_dist_1e8vcs8._.js:776
[  365025ms] [LOG] [Fast Refresh] done in 96ms @ http://localhost:3000/_next/static/chunks/node_modules_next_dist_1e8vcs8._.js:776
[  365073ms] [LOG] [Fast Refresh] done in 96ms @ http://localhost:3000/_next/static/chunks/node_modules_next_dist_1e8vcs8._.js:776
[  365118ms] [LOG] [Fast Refresh] done in 96ms @ http://localhost:3000/_next/static/chunks/node_modules_next_dist_1e8vcs8._.js:776
[  365169ms] [LOG] [Fast Refresh] done in 96ms @ http://localhost:3000/_next/static/chunks/node_modules_next_dist_1e8vcs8._.js:776
[  365218ms] [LOG] [Fast Refresh] done in 96ms @ http://localhost:3000/_next/static/chunks/node_modules_next_dist_1e8vcs8._.js:776
[  365278ms] [LOG] [Fast Refresh] done in 96ms @ http://localhost:3000/_next/static/chunks/node_modules_next_dist_1e8vcs8._.js:776
[  365335ms] [LOG] [Fast Refresh] done in 96ms @ http://localhost:3000/_next/static/chunks/node_modules_next_dist_1e8vcs8._.js:776
[  365390ms] [LOG] [Fast Refresh] done in 96ms @ http://localhost:3000/_next/static/chunks/node_modules_next_dist_1e8vcs8._.js:776
[  365439ms] [LOG] [Fast Refresh] done in 96ms @ http://localhost:3000/_next/static/chunks/node_modules_next_dist_1e8vcs8._.js:776
[  365489ms] [LOG] [Fast Refresh] done in 96ms @ http://localhost:3000/_next/static/chunks/node_modules_next_dist_1e8vcs8._.js:776
[  365547ms] [LOG] [Fast Refresh] done in 96ms @ http://localhost:3000/_next/static/chunks/node_modules_next_dist_1e8vcs8._.js:776
[  365596ms] [LOG] [Fast Refresh] done in 96ms @ http://localhost:3000/_next/static/chunks/node_modules_next_dist_1e8vcs8._.js:776
[  365636ms] [LOG] [Fast Refresh] done in 96ms @ http://localhost:3000/_next/static/chunks/node_modules_next_dist_1e8vcs8._.js:776
[  365680ms] [LOG] [Fast Refresh] done in 96ms @ http://localhost:3000/_next/static/chunks/node_modules_next_dist_1e8vcs8._.js:776
[  365735ms] [LOG] [Fast Refresh] done in 96ms @ http://localhost:3000/_next/static/chunks/node_modules_next_dist_1e8vcs8._.js:776
[  365783ms] [LOG] [Fast Refresh] done in 96ms @ http://localhost:3000/_next/static/chunks/node_modules_next_dist_1e8vcs8._.js:776
[  365823ms] [LOG] [Fast Refresh] done in 96ms @ http://localhost:3000/_next/static/chunks/node_modules_next_dist_1e8vcs8._.js:776
[  365873ms] [LOG] [Fast Refresh] done in 96ms @ http://localhost:3000/_next/static/chunks/node_modules_next_dist_1e8vcs8._.js:776
[  365932ms] [LOG] [Fast Refresh] done in 96ms @ http://localhost:3000/_next/static/chunks/node_modules_next_dist_1e8vcs8._.js:776
[  366001ms] [LOG] [Fast Refresh] done in 96ms @ http://localhost:3000/_next/static/chunks/node_modules_next_dist_1e8vcs8._.js:776
[  366053ms] [LOG] [Fast Refresh] done in 96ms @ http://localhost:3000/_next/static/chunks/node_modules_next_dist_1e8vcs8._.js:776
[  366103ms] [LOG] [Fast Refresh] done in 96ms @ http://localhost:3000/_next/static/chunks/node_modules_next_dist_1e8vcs8._.js:776
[  366151ms] [LOG] [Fast Refresh] done in 96ms @ http://localhost:3000/_next/static/chunks/node_modules_next_dist_1e8vcs8._.js:776
[  366210ms] [LOG] [Fast Refresh] done in 96ms @ http://localhost:3000/_next/static/chunks/node_modules_next_dist_1e8vcs8._.js:776
[  366257ms] [LOG] [Fast Refresh] done in 96ms @ http://localhost:3000/_next/static/chunks/node_modules_next_dist_1e8vcs8._.js:776
[  366308ms] [LOG] [Fast Refresh] done in 96ms @ http://localhost:3000/_next/static/chunks/node_modules_next_dist_1e8vcs8._.js:776
[  366356ms] [LOG] [Fast Refresh] done in 96ms @ http://localhost:3000/_next/static/chunks/node_modules_next_dist_1e8vcs8._.js:776
[  366407ms] [LOG] [Fast Refresh] done in 96ms @ http://localhost:3000/_next/static/chunks/node_modules_next_dist_1e8vcs8._.js:776
[  366466ms] [LOG] [Fast Refresh] done in 96ms @ http://localhost:3000/_next/static/chunks/node_modules_next_dist_1e8vcs8._.js:776
[  366523ms] [LOG] [Fast Refresh] done in 96ms @ http://localhost:3000/_next/static/chunks/node_modules_next_dist_1e8vcs8._.js:776
[  366578ms] [LOG] [Fast Refresh] done in 96ms @ http://localhost:3000/_next/static/chunks/node_modules_next_dist_1e8vcs8._.js:776
[  366636ms] [LOG] [Fast Refresh] done in 96ms @ http://localhost:3000/_next/static/chunks/node_modules_next_dist_1e8vcs8._.js:776
[  366687ms] [LOG] [Fast Refresh] done in 96ms @ http://localhost:3000/_next/static/chunks/node_modules_next_dist_1e8vcs8._.js:776
[  366749ms] [LOG] [Fast Refresh] done in 96ms @ http://localhost:3000/_next/static/chunks/node_modules_next_dist_1e8vcs8._.js:776
[  366804ms] [LOG] [Fast Refresh] done in 96ms @ http://localhost:3000/_next/static/chunks/node_modules_next_dist_1e8vcs8._.js:776
[  366853ms] [LOG] [Fast Refresh] done in 96ms @ http://localhost:3000/_next/static/chunks/node_modules_next_dist_1e8vcs8._.js:776
[  366913ms] [LOG] [Fast Refresh] done in 96ms @ http://localhost:3000/_next/static/chunks/node_modules_next_dist_1e8vcs8._.js:776
[  366961ms] [LOG] [Fast Refresh] done in 96ms @ http://localhost:3000/_next/static/chunks/node_modules_next_dist_1e8vcs8._.js:776
[  367020ms] [LOG] [Fast Refresh] done in 96ms @ http://localhost:3000/_next/static/chunks/node_modules_next_dist_1e8vcs8._.js:776
[  367068ms] [LOG] [Fast Refresh] done in 96ms @ http://localhost:3000/_next/static/chunks/node_modules_next_dist_1e8vcs8._.js:776
[  367110ms] [LOG] [Fast Refresh] done in 96ms @ http://localhost:3000/_next/static/chunks/node_modules_next_dist_1e8vcs8._.js:776
[  367152ms] [LOG] [Fast Refresh] done in 96ms @ http://localhost:3000/_next/static/chunks/node_modules_next_dist_1e8vcs8._.js:776
[  367216ms] [LOG] [Fast Refresh] done in 96ms @ http://localhost:3000/_next/static/chunks/node_modules_next_dist_1e8vcs8._.js:776
[  367268ms] [LOG] [Fast Refresh] done in 96ms @ http://localhost:3000/_next/static/chunks/node_modules_next_dist_1e8vcs8._.js:776
[  367319ms] [LOG] [Fast Refresh] done in 96ms @ http://localhost:3000/_next/static/chunks/node_modules_next_dist_1e8vcs8._.js:776
[  367368ms] [LOG] [Fast Refresh] done in 96ms @ http://localhost:3000/_next/static/chunks/node_modules_next_dist_1e8vcs8._.js:776
[  367418ms] [LOG] [Fast Refresh] done in 96ms @ http://localhost:3000/_next/static/chunks/node_modules_next_dist_1e8vcs8._.js:776
[  367457ms] [LOG] [Fast Refresh] done in 96ms @ http://localhost:3000/_next/static/chunks/node_modules_next_dist_1e8vcs8._.js:776
[  367505ms] [LOG] [Fast Refresh] done in 96ms @ http://localhost:3000/_next/static/chunks/node_modules_next_dist_1e8vcs8._.js:776
[  367554ms] [LOG] [Fast Refresh] done in 96ms @ http://localhost:3000/_next/static/chunks/node_modules_next_dist_1e8vcs8._.js:776
[  367603ms] [LOG] [Fast Refresh] done in 96ms @ http://localhost:3000/_next/static/chunks/node_modules_next_dist_1e8vcs8._.js:776
[  367652ms] [LOG] [Fast Refresh] done in 96ms @ http://localhost:3000/_next/static/chunks/node_modules_next_dist_1e8vcs8._.js:776
[  367692ms] [LOG] [Fast Refresh] done in 96ms @ http://localhost:3000/_next/static/chunks/node_modules_next_dist_1e8vcs8._.js:776
[  367741ms] [LOG] [Fast Refresh] done in 96ms @ http://localhost:3000/_next/static/chunks/node_modules_next_dist_1e8vcs8._.js:776
[  367801ms] [LOG] [Fast Refresh] done in 96ms @ http://localhost:3000/_next/static/chunks/node_modules_next_dist_1e8vcs8._.js:776
[  367854ms] [LOG] [Fast Refresh] done in 96ms @ http://localhost:3000/_next/static/chunks/node_modules_next_dist_1e8vcs8._.js:776
[  367906ms] [LOG] [Fast Refresh] done in 96ms @ http://localhost:3000/_next/static/chunks/node_modules_next_dist_1e8vcs8._.js:776
[  367952ms] [LOG] [Fast Refresh] done in 96ms @ http://localhost:3000/_next/static/chunks/node_modules_next_dist_1e8vcs8._.js:776
[  368002ms] [LOG] [Fast Refresh] done in 96ms @ http://localhost:3000/_next/static/chunks/node_modules_next_dist_1e8vcs8._.js:776
[  368057ms] [LOG] [Fast Refresh] done in 96ms @ http://localhost:3000/_next/static/chunks/node_modules_next_dist_1e8vcs8._.js:776
[  368106ms] [LOG] [Fast Refresh] done in 96ms @ http://localhost:3000/_next/static/chunks/node_modules_next_dist_1e8vcs8._.js:776
[  368165ms] [LOG] [Fast Refresh] done in 96ms @ http://localhost:3000/_next/static/chunks/node_modules_next_dist_1e8vcs8._.js:776
[  368206ms] [LOG] [Fast Refresh] done in 96ms @ http://localhost:3000/_next/static/chunks/node_modules_next_dist_1e8vcs8._.js:776
[  368256ms] [LOG] [Fast Refresh] done in 96ms @ http://localhost:3000/_next/static/chunks/node_modules_next_dist_1e8vcs8._.js:776
[  368322ms] [LOG] [Fast Refresh] done in 96ms @ http://localhost:3000/_next/static/chunks/node_modules_next_dist_1e8vcs8._.js:776
[  368372ms] [LOG] [Fast Refresh] done in 96ms @ http://localhost:3000/_next/static/chunks/node_modules_next_dist_1e8vcs8._.js:776
[  368422ms] [LOG] [Fast Refresh] done in 96ms @ http://localhost:3000/_next/static/chunks/node_modules_next_dist_1e8vcs8._.js:776
[  368478ms] [LOG] [Fast Refresh] done in 96ms @ http://localhost:3000/_next/static/chunks/node_modules_next_dist_1e8vcs8._.js:776
[  368518ms] [LOG] [Fast Refresh] done in 96ms @ http://localhost:3000/_next/static/chunks/node_modules_next_dist_1e8vcs8._.js:776
[  368577ms] [LOG] [Fast Refresh] done in 96ms @ http://localhost:3000/_next/static/chunks/node_modules_next_dist_1e8vcs8._.js:776
[  368622ms] [LOG] [Fast Refresh] done in 96ms @ http://localhost:3000/_next/static/chunks/node_modules_next_dist_1e8vcs8._.js:776
[  368677ms] [LOG] [Fast Refresh] done in 96ms @ http://localhost:3000/_next/static/chunks/node_modules_next_dist_1e8vcs8._.js:776
[  368722ms] [LOG] [Fast Refresh] done in 96ms @ http://localhost:3000/_next/static/chunks/node_modules_next_dist_1e8vcs8._.js:776
[  368768ms] [LOG] [Fast Refresh] done in 96ms @ http://localhost:3000/_next/static/chunks/node_modules_next_dist_1e8vcs8._.js:776
[  368825ms] [LOG] [Fast Refresh] done in 96ms @ http://localhost:3000/_next/static/chunks/node_modules_next_dist_1e8vcs8._.js:776
[  368874ms] [LOG] [Fast Refresh] done in 96ms @ http://localhost:3000/_next/static/chunks/node_modules_next_dist_1e8vcs8._.js:776
[  402321ms] [LOG] [Fast Refresh] rebuilding @ http://localhost:3000/_next/static/chunks/node_modules_next_dist_1e8vcs8._.js:776
[  402437ms] [LOG] [Fast Refresh] done in 103ms @ http://localhost:3000/_next/static/chunks/node_modules_next_dist_1e8vcs8._.js:776
[  402502ms] [LOG] [Fast Refresh] done in 103ms @ http://localhost:3000/_next/static/chunks/node_modules_next_dist_1e8vcs8._.js:776
[  402570ms] [LOG] [Fast Refresh] done in 103ms @ http://localhost:3000/_next/static/chunks/node_modules_next_dist_1e8vcs8._.js:776
[  402620ms] [LOG] [Fast Refresh] done in 103ms @ http://localhost:3000/_next/static/chunks/node_modules_next_dist_1e8vcs8._.js:776
[  402683ms] [LOG] [Fast Refresh] done in 103ms @ http://localhost:3000/_next/static/chunks/node_modules_next_dist_1e8vcs8._.js:776
[  402737ms] [LOG] [Fast Refresh] done in 103ms @ http://localhost:3000/_next/static/chunks/node_modules_next_dist_1e8vcs8._.js:776
[  402778ms] [LOG] [Fast Refresh] done in 103ms @ http://localhost:3000/_next/static/chunks/node_modules_next_dist_1e8vcs8._.js:776
[  402827ms] [LOG] [Fast Refresh] done in 103ms @ http://localhost:3000/_next/static/chunks/node_modules_next_dist_1e8vcs8._.js:776
[  402883ms] [LOG] [Fast Refresh] done in 103ms @ http://localhost:3000/_next/static/chunks/node_modules_next_dist_1e8vcs8._.js:776
[  402949ms] [LOG] [Fast Refresh] done in 103ms @ http://localhost:3000/_next/static/chunks/node_modules_next_dist_1e8vcs8._.js:776
[  402998ms] [LOG] [Fast Refresh] done in 103ms @ http://localhost:3000/_next/static/chunks/node_modules_next_dist_1e8vcs8._.js:776
[  403036ms] [LOG] [Fast Refresh] done in 103ms @ http://localhost:3000/_next/static/chunks/node_modules_next_dist_1e8vcs8._.js:776
[  403086ms] [LOG] [Fast Refresh] done in 103ms @ http://localhost:3000/_next/static/chunks/node_modules_next_dist_1e8vcs8._.js:776
[  403136ms] [LOG] [Fast Refresh] done in 103ms @ http://localhost:3000/_next/static/chunks/node_modules_next_dist_1e8vcs8._.js:776
[  403184ms] [LOG] [Fast Refresh] done in 103ms @ http://localhost:3000/_next/static/chunks/node_modules_next_dist_1e8vcs8._.js:776
[  403236ms] [LOG] [Fast Refresh] done in 103ms @ http://localhost:3000/_next/static/chunks/node_modules_next_dist_1e8vcs8._.js:776
[  403286ms] [LOG] [Fast Refresh] done in 103ms @ http://localhost:3000/_next/static/chunks/node_modules_next_dist_1e8vcs8._.js:776
[  403328ms] [LOG] [Fast Refresh] done in 103ms @ http://localhost:3000/_next/static/chunks/node_modules_next_dist_1e8vcs8._.js:776
[  403377ms] [LOG] [Fast Refresh] done in 103ms @ http://localhost:3000/_next/static/chunks/node_modules_next_dist_1e8vcs8._.js:776
[  403427ms] [LOG] [Fast Refresh] done in 103ms @ http://localhost:3000/_next/static/chunks/node_modules_next_dist_1e8vcs8._.js:776
[  403477ms] [LOG] [Fast Refresh] done in 103ms @ http://localhost:3000/_next/static/chunks/node_modules_next_dist_1e8vcs8._.js:776
[  403525ms] [LOG] [Fast Refresh] done in 103ms @ http://localhost:3000/_next/static/chunks/node_modules_next_dist_1e8vcs8._.js:776
[  403600ms] [LOG] [Fast Refresh] done in 103ms @ http://localhost:3000/_next/static/chunks/node_modules_next_dist_1e8vcs8._.js:776
[  403651ms] [LOG] [Fast Refresh] done in 103ms @ http://localhost:3000/_next/static/chunks/node_modules_next_dist_1e8vcs8._.js:776
[  403687ms] [LOG] [Fast Refresh] done in 103ms @ http://localhost:3000/_next/static/chunks/node_modules_next_dist_1e8vcs8._.js:776
[  403738ms] [LOG] [Fast Refresh] done in 103ms @ http://localhost:3000/_next/static/chunks/node_modules_next_dist_1e8vcs8._.js:776
[  403797ms] [LOG] [Fast Refresh] done in 103ms @ http://localhost:3000/_next/static/chunks/node_modules_next_dist_1e8vcs8._.js:776
[  403847ms] [LOG] [Fast Refresh] done in 103ms @ http://localhost:3000/_next/static/chunks/node_modules_next_dist_1e8vcs8._.js:776
[  403899ms] [LOG] [Fast Refresh] done in 103ms @ http://localhost:3000/_next/static/chunks/node_modules_next_dist_1e8vcs8._.js:776
[  403953ms] [LOG] [Fast Refresh] done in 103ms @ http://localhost:3000/_next/static/chunks/node_modules_next_dist_1e8vcs8._.js:776
[  404003ms] [LOG] [Fast Refresh] done in 103ms @ http://localhost:3000/_next/static/chunks/node_modules_next_dist_1e8vcs8._.js:776
[  404050ms] [LOG] [Fast Refresh] done in 103ms @ http://localhost:3000/_next/static/chunks/node_modules_next_dist_1e8vcs8._.js:776
[  404093ms] [LOG] [Fast Refresh] done in 103ms @ http://localhost:3000/_next/static/chunks/node_modules_next_dist_1e8vcs8._.js:776
[  404142ms] [LOG] [Fast Refresh] done in 103ms @ http://localhost:3000/_next/static/chunks/node_modules_next_dist_1e8vcs8._.js:776
[  404191ms] [LOG] [Fast Refresh] done in 103ms @ http://localhost:3000/_next/static/chunks/node_modules_next_dist_1e8vcs8._.js:776
[  404239ms] [LOG] [Fast Refresh] done in 103ms @ http://localhost:3000/_next/static/chunks/node_modules_next_dist_1e8vcs8._.js:776
[  404289ms] [LOG] [Fast Refresh] done in 103ms @ http://localhost:3000/_next/static/chunks/node_modules_next_dist_1e8vcs8._.js:776
[  404348ms] [LOG] [Fast Refresh] done in 103ms @ http://localhost:3000/_next/static/chunks/node_modules_next_dist_1e8vcs8._.js:776
[  404387ms] [LOG] [Fast Refresh] done in 103ms @ http://localhost:3000/_next/static/chunks/node_modules_next_dist_1e8vcs8._.js:776
[  404436ms] [LOG] [Fast Refresh] done in 103ms @ http://localhost:3000/_next/static/chunks/node_modules_next_dist_1e8vcs8._.js:776
[  404496ms] [LOG] [Fast Refresh] done in 103ms @ http://localhost:3000/_next/static/chunks/node_modules_next_dist_1e8vcs8._.js:776
[  404535ms] [LOG] [Fast Refresh] done in 103ms @ http://localhost:3000/_next/static/chunks/node_modules_next_dist_1e8vcs8._.js:776
[  404584ms] [LOG] [Fast Refresh] done in 103ms @ http://localhost:3000/_next/static/chunks/node_modules_next_dist_1e8vcs8._.js:776
[  404627ms] [LOG] [Fast Refresh] done in 103ms @ http://localhost:3000/_next/static/chunks/node_modules_next_dist_1e8vcs8._.js:776
[  404676ms] [LOG] [Fast Refresh] done in 103ms @ http://localhost:3000/_next/static/chunks/node_modules_next_dist_1e8vcs8._.js:776
[  404726ms] [LOG] [Fast Refresh] done in 103ms @ http://localhost:3000/_next/static/chunks/node_modules_next_dist_1e8vcs8._.js:776
[  404776ms] [LOG] [Fast Refresh] done in 103ms @ http://localhost:3000/_next/static/chunks/node_modules_next_dist_1e8vcs8._.js:776
[  404818ms] [LOG] [Fast Refresh] done in 103ms @ http://localhost:3000/_next/static/chunks/node_modules_next_dist_1e8vcs8._.js:776
[  404867ms] [LOG] [Fast Refresh] done in 103ms @ http://localhost:3000/_next/static/chunks/node_modules_next_dist_1e8vcs8._.js:776
[  404909ms] [LOG] [Fast Refresh] done in 103ms @ http://localhost:3000/_next/static/chunks/node_modules_next_dist_1e8vcs8._.js:776
[  404958ms] [LOG] [Fast Refresh] done in 103ms @ http://localhost:3000/_next/static/chunks/node_modules_next_dist_1e8vcs8._.js:776
[  405004ms] [LOG] [Fast Refresh] done in 103ms @ http://localhost:3000/_next/static/chunks/node_modules_next_dist_1e8vcs8._.js:776
[  405058ms] [LOG] [Fast Refresh] done in 103ms @ http://localhost:3000/_next/static/chunks/node_modules_next_dist_1e8vcs8._.js:776
[  405108ms] [LOG] [Fast Refresh] done in 103ms @ http://localhost:3000/_next/static/chunks/node_modules_next_dist_1e8vcs8._.js:776
[  405157ms] [LOG] [Fast Refresh] done in 103ms @ http://localhost:3000/_next/static/chunks/node_modules_next_dist_1e8vcs8._.js:776
[  405199ms] [LOG] [Fast Refresh] done in 103ms @ http://localhost:3000/_next/static/chunks/node_modules_next_dist_1e8vcs8._.js:776
[  405242ms] [LOG] [Fast Refresh] done in 103ms @ http://localhost:3000/_next/static/chunks/node_modules_next_dist_1e8vcs8._.js:776
[  405293ms] [LOG] [Fast Refresh] done in 103ms @ http://localhost:3000/_next/static/chunks/node_modules_next_dist_1e8vcs8._.js:776
[  405343ms] [LOG] [Fast Refresh] done in 103ms @ http://localhost:3000/_next/static/chunks/node_modules_next_dist_1e8vcs8._.js:776
[  405391ms] [LOG] [Fast Refresh] done in 103ms @ http://localhost:3000/_next/static/chunks/node_modules_next_dist_1e8vcs8._.js:776
[  405440ms] [LOG] [Fast Refresh] done in 103ms @ http://localhost:3000/_next/static/chunks/node_modules_next_dist_1e8vcs8._.js:776
[  405489ms] [LOG] [Fast Refresh] done in 103ms @ http://localhost:3000/_next/static/chunks/node_modules_next_dist_1e8vcs8._.js:776
[  405537ms] [LOG] [Fast Refresh] done in 103ms @ http://localhost:3000/_next/static/chunks/node_modules_next_dist_1e8vcs8._.js:776
[  405587ms] [LOG] [Fast Refresh] done in 103ms @ http://localhost:3000/_next/static/chunks/node_modules_next_dist_1e8vcs8._.js:776
[  405637ms] [LOG] [Fast Refresh] done in 103ms @ http://localhost:3000/_next/static/chunks/node_modules_next_dist_1e8vcs8._.js:776
[  405694ms] [LOG] [Fast Refresh] done in 103ms @ http://localhost:3000/_next/static/chunks/node_modules_next_dist_1e8vcs8._.js:776
[  405740ms] [LOG] [Fast Refresh] done in 103ms @ http://localhost:3000/_next/static/chunks/node_modules_next_dist_1e8vcs8._.js:776
[  405784ms] [LOG] [Fast Refresh] done in 103ms @ http://localhost:3000/_next/static/chunks/node_modules_next_dist_1e8vcs8._.js:776
[  405839ms] [LOG] [Fast Refresh] done in 103ms @ http://localhost:3000/_next/static/chunks/node_modules_next_dist_1e8vcs8._.js:776
[  405888ms] [LOG] [Fast Refresh] done in 103ms @ http://localhost:3000/_next/static/chunks/node_modules_next_dist_1e8vcs8._.js:776
[  405937ms] [LOG] [Fast Refresh] done in 103ms @ http://localhost:3000/_next/static/chunks/node_modules_next_dist_1e8vcs8._.js:776
[  405985ms] [LOG] [Fast Refresh] done in 103ms @ http://localhost:3000/_next/static/chunks/node_modules_next_dist_1e8vcs8._.js:776
[  406036ms] [LOG] [Fast Refresh] done in 103ms @ http://localhost:3000/_next/static/chunks/node_modules_next_dist_1e8vcs8._.js:776
[  425325ms] [LOG] [Fast Refresh] rebuilding @ http://localhost:3000/_next/static/chunks/node_modules_next_dist_1e8vcs8._.js:776
[  425383ms] [LOG] [Fast Refresh] done in 30ms @ http://localhost:3000/_next/static/chunks/node_modules_next_dist_1e8vcs8._.js:776
[  425442ms] [LOG] [Fast Refresh] done in 30ms @ http://localhost:3000/_next/static/chunks/node_modules_next_dist_1e8vcs8._.js:776
[  425489ms] [LOG] [Fast Refresh] done in 30ms @ http://localhost:3000/_next/static/chunks/node_modules_next_dist_1e8vcs8._.js:776
[  425537ms] [LOG] [Fast Refresh] done in 30ms @ http://localhost:3000/_next/static/chunks/node_modules_next_dist_1e8vcs8._.js:776
[  425589ms] [LOG] [Fast Refresh] done in 30ms @ http://localhost:3000/_next/static/chunks/node_modules_next_dist_1e8vcs8._.js:776
[  425651ms] [LOG] [Fast Refresh] done in 30ms @ http://localhost:3000/_next/static/chunks/node_modules_next_dist_1e8vcs8._.js:776
[  425706ms] [LOG] [Fast Refresh] done in 30ms @ http://localhost:3000/_next/static/chunks/node_modules_next_dist_1e8vcs8._.js:776
[  425754ms] [LOG] [Fast Refresh] done in 30ms @ http://localhost:3000/_next/static/chunks/node_modules_next_dist_1e8vcs8._.js:776
[  425806ms] [LOG] [Fast Refresh] done in 30ms @ http://localhost:3000/_next/static/chunks/node_modules_next_dist_1e8vcs8._.js:776
[  425856ms] [LOG] [Fast Refresh] done in 30ms @ http://localhost:3000/_next/static/chunks/node_modules_next_dist_1e8vcs8._.js:776
[  425908ms] [LOG] [Fast Refresh] done in 30ms @ http://localhost:3000/_next/static/chunks/node_modules_next_dist_1e8vcs8._.js:776
[  425955ms] [LOG] [Fast Refresh] done in 30ms @ http://localhost:3000/_next/static/chunks/node_modules_next_dist_1e8vcs8._.js:776
[  426012ms] [LOG] [Fast Refresh] done in 30ms @ http://localhost:3000/_next/static/chunks/node_modules_next_dist_1e8vcs8._.js:776
[  426055ms] [LOG] [Fast Refresh] done in 30ms @ http://localhost:3000/_next/static/chunks/node_modules_next_dist_1e8vcs8._.js:776
[  426100ms] [LOG] [Fast Refresh] done in 30ms @ http://localhost:3000/_next/static/chunks/node_modules_next_dist_1e8vcs8._.js:776
[  426166ms] [LOG] [Fast Refresh] done in 30ms @ http://localhost:3000/_next/static/chunks/node_modules_next_dist_1e8vcs8._.js:776
[  426221ms] [LOG] [Fast Refresh] done in 30ms @ http://localhost:3000/_next/static/chunks/node_modules_next_dist_1e8vcs8._.js:776
[  426280ms] [LOG] [Fast Refresh] done in 30ms @ http://localhost:3000/_next/static/chunks/node_modules_next_dist_1e8vcs8._.js:776
[  426320ms] [LOG] [Fast Refresh] done in 30ms @ http://localhost:3000/_next/static/chunks/node_modules_next_dist_1e8vcs8._.js:776
[  426371ms] [LOG] [Fast Refresh] done in 30ms @ http://localhost:3000/_next/static/chunks/node_modules_next_dist_1e8vcs8._.js:776
[  426410ms] [LOG] [Fast Refresh] done in 30ms @ http://localhost:3000/_next/static/chunks/node_modules_next_dist_1e8vcs8._.js:776
[  426468ms] [LOG] [Fast Refresh] done in 30ms @ http://localhost:3000/_next/static/chunks/node_modules_next_dist_1e8vcs8._.js:776
[  426510ms] [LOG] [Fast Refresh] done in 30ms @ http://localhost:3000/_next/static/chunks/node_modules_next_dist_1e8vcs8._.js:776
[  426567ms] [LOG] [Fast Refresh] done in 30ms @ http://localhost:3000/_next/static/chunks/node_modules_next_dist_1e8vcs8._.js:776
[  426617ms] [LOG] [Fast Refresh] done in 30ms @ http://localhost:3000/_next/static/chunks/node_modules_next_dist_1e8vcs8._.js:776
[  426666ms] [LOG] [Fast Refresh] done in 30ms @ http://localhost:3000/_next/static/chunks/node_modules_next_dist_1e8vcs8._.js:776
[  426714ms] [LOG] [Fast Refresh] done in 30ms @ http://localhost:3000/_next/static/chunks/node_modules_next_dist_1e8vcs8._.js:776
[  426758ms] [LOG] [Fast Refresh] done in 30ms @ http://localhost:3000/_next/static/chunks/node_modules_next_dist_1e8vcs8._.js:776
[  426813ms] [LOG] [Fast Refresh] done in 30ms @ http://localhost:3000/_next/static/chunks/node_modules_next_dist_1e8vcs8._.js:776
[  426876ms] [LOG] [Fast Refresh] done in 30ms @ http://localhost:3000/_next/static/chunks/node_modules_next_dist_1e8vcs8._.js:776
[  426924ms] [LOG] [Fast Refresh] done in 30ms @ http://localhost:3000/_next/static/chunks/node_modules_next_dist_1e8vcs8._.js:776
[  426974ms] [LOG] [Fast Refresh] done in 30ms @ http://localhost:3000/_next/static/chunks/node_modules_next_dist_1e8vcs8._.js:776
[  427016ms] [LOG] [Fast Refresh] done in 30ms @ http://localhost:3000/_next/static/chunks/node_modules_next_dist_1e8vcs8._.js:776
[  427066ms] [LOG] [Fast Refresh] done in 30ms @ http://localhost:3000/_next/static/chunks/node_modules_next_dist_1e8vcs8._.js:776
[  427117ms] [LOG] [Fast Refresh] done in 30ms @ http://localhost:3000/_next/static/chunks/node_modules_next_dist_1e8vcs8._.js:776
[  427166ms] [LOG] [Fast Refresh] done in 30ms @ http://localhost:3000/_next/static/chunks/node_modules_next_dist_1e8vcs8._.js:776
[  427221ms] [LOG] [Fast Refresh] done in 30ms @ http://localhost:3000/_next/static/chunks/node_modules_next_dist_1e8vcs8._.js:776
[  427276ms] [LOG] [Fast Refresh] done in 30ms @ http://localhost:3000/_next/static/chunks/node_modules_next_dist_1e8vcs8._.js:776
[  427326ms] [LOG] [Fast Refresh] done in 30ms @ http://localhost:3000/_next/static/chunks/node_modules_next_dist_1e8vcs8._.js:776
[  427368ms] [LOG] [Fast Refresh] done in 30ms @ http://localhost:3000/_next/static/chunks/node_modules_next_dist_1e8vcs8._.js:776
[  427415ms] [LOG] [Fast Refresh] done in 30ms @ http://localhost:3000/_next/static/chunks/node_modules_next_dist_1e8vcs8._.js:776
[  427477ms] [LOG] [Fast Refresh] done in 30ms @ http://localhost:3000/_next/static/chunks/node_modules_next_dist_1e8vcs8._.js:776
[  427520ms] [LOG] [Fast Refresh] done in 30ms @ http://localhost:3000/_next/static/chunks/node_modules_next_dist_1e8vcs8._.js:776
[  427570ms] [LOG] [Fast Refresh] done in 30ms @ http://localhost:3000/_next/static/chunks/node_modules_next_dist_1e8vcs8._.js:776
[  427626ms] [LOG] [Fast Refresh] done in 30ms @ http://localhost:3000/_next/static/chunks/node_modules_next_dist_1e8vcs8._.js:776
[  427685ms] [LOG] [Fast Refresh] done in 30ms @ http://localhost:3000/_next/static/chunks/node_modules_next_dist_1e8vcs8._.js:776
[  427735ms] [LOG] [Fast Refresh] done in 30ms @ http://localhost:3000/_next/static/chunks/node_modules_next_dist_1e8vcs8._.js:776
[  427784ms] [LOG] [Fast Refresh] done in 30ms @ http://localhost:3000/_next/static/chunks/node_modules_next_dist_1e8vcs8._.js:776
[  427827ms] [LOG] [Fast Refresh] done in 30ms @ http://localhost:3000/_next/static/chunks/node_modules_next_dist_1e8vcs8._.js:776
[  427878ms] [LOG] [Fast Refresh] done in 30ms @ http://localhost:3000/_next/static/chunks/node_modules_next_dist_1e8vcs8._.js:776
[  427927ms] [LOG] [Fast Refresh] done in 30ms @ http://localhost:3000/_next/static/chunks/node_modules_next_dist_1e8vcs8._.js:776
[  427981ms] [LOG] [Fast Refresh] done in 30ms @ http://localhost:3000/_next/static/chunks/node_modules_next_dist_1e8vcs8._.js:776
[  428020ms] [LOG] [Fast Refresh] done in 30ms @ http://localhost:3000/_next/static/chunks/node_modules_next_dist_1e8vcs8._.js:776
[  428069ms] [LOG] [Fast Refresh] done in 30ms @ http://localhost:3000/_next/static/chunks/node_modules_next_dist_1e8vcs8._.js:776
[  428127ms] [LOG] [Fast Refresh] done in 30ms @ http://localhost:3000/_next/static/chunks/node_modules_next_dist_1e8vcs8._.js:776
[  428183ms] [LOG] [Fast Refresh] done in 30ms @ http://localhost:3000/_next/static/chunks/node_modules_next_dist_1e8vcs8._.js:776
[  428223ms] [LOG] [Fast Refresh] done in 30ms @ http://localhost:3000/_next/static/chunks/node_modules_next_dist_1e8vcs8._.js:776
[  428271ms] [LOG] [Fast Refresh] done in 30ms @ http://localhost:3000/_next/static/chunks/node_modules_next_dist_1e8vcs8._.js:776
[  428321ms] [LOG] [Fast Refresh] done in 30ms @ http://localhost:3000/_next/static/chunks/node_modules_next_dist_1e8vcs8._.js:776
[  428370ms] [LOG] [Fast Refresh] done in 30ms @ http://localhost:3000/_next/static/chunks/node_modules_next_dist_1e8vcs8._.js:776
[  428426ms] [LOG] [Fast Refresh] done in 30ms @ http://localhost:3000/_next/static/chunks/node_modules_next_dist_1e8vcs8._.js:776
[  428468ms] [LOG] [Fast Refresh] done in 30ms @ http://localhost:3000/_next/static/chunks/node_modules_next_dist_1e8vcs8._.js:776
[  428516ms] [LOG] [Fast Refresh] done in 30ms @ http://localhost:3000/_next/static/chunks/node_modules_next_dist_1e8vcs8._.js:776
[  428567ms] [LOG] [Fast Refresh] done in 30ms @ http://localhost:3000/_next/static/chunks/node_modules_next_dist_1e8vcs8._.js:776
[  428619ms] [LOG] [Fast Refresh] done in 30ms @ http://localhost:3000/_next/static/chunks/node_modules_next_dist_1e8vcs8._.js:776
[  428669ms] [LOG] [Fast Refresh] done in 30ms @ http://localhost:3000/_next/static/chunks/node_modules_next_dist_1e8vcs8._.js:776
[  428718ms] [LOG] [Fast Refresh] done in 30ms @ http://localhost:3000/_next/static/chunks/node_modules_next_dist_1e8vcs8._.js:776
[  428768ms] [LOG] [Fast Refresh] done in 30ms @ http://localhost:3000/_next/static/chunks/node_modules_next_dist_1e8vcs8._.js:776
[  428807ms] [LOG] [Fast Refresh] done in 30ms @ http://localhost:3000/_next/static/chunks/node_modules_next_dist_1e8vcs8._.js:776
[  428857ms] [LOG] [Fast Refresh] done in 30ms @ http://localhost:3000/_next/static/chunks/node_modules_next_dist_1e8vcs8._.js:776
[  428907ms] [LOG] [Fast Refresh] done in 30ms @ http://localhost:3000/_next/static/chunks/node_modules_next_dist_1e8vcs8._.js:776
[  428955ms] [LOG] [Fast Refresh] done in 30ms @ http://localhost:3000/_next/static/chunks/node_modules_next_dist_1e8vcs8._.js:776
[  429004ms] [LOG] [Fast Refresh] done in 30ms @ http://localhost:3000/_next/static/chunks/node_modules_next_dist_1e8vcs8._.js:776
[  429066ms] [LOG] [Fast Refresh] done in 30ms @ http://localhost:3000/_next/static/chunks/node_modules_next_dist_1e8vcs8._.js:776
[  429108ms] [LOG] [Fast Refresh] done in 30ms @ http://localhost:3000/_next/static/chunks/node_modules_next_dist_1e8vcs8._.js:776
[  429156ms] [LOG] [Fast Refresh] done in 30ms @ http://localhost:3000/_next/static/chunks/node_modules_next_dist_1e8vcs8._.js:776
[  429200ms] [LOG] [Fast Refresh] done in 30ms @ http://localhost:3000/_next/static/chunks/node_modules_next_dist_1e8vcs8._.js:776
[  429241ms] [LOG] [Fast Refresh] done in 30ms @ http://localhost:3000/_next/static/chunks/node_modules_next_dist_1e8vcs8._.js:776
[  429283ms] [LOG] [Fast Refresh] done in 30ms @ http://localhost:3000/_next/static/chunks/node_modules_next_dist_1e8vcs8._.js:776
[  429331ms] [LOG] [Fast Refresh] done in 30ms @ http://localhost:3000/_next/static/chunks/node_modules_next_dist_1e8vcs8._.js:776
[  429371ms] [LOG] [Fast Refresh] done in 30ms @ http://localhost:3000/_next/static/chunks/node_modules_next_dist_1e8vcs8._.js:776
[  429420ms] [LOG] [Fast Refresh] done in 30ms @ http://localhost:3000/_next/static/chunks/node_modules_next_dist_1e8vcs8._.js:776
[  445607ms] [LOG] [Fast Refresh] rebuilding @ http://localhost:3000/_next/static/chunks/node_modules_next_dist_1e8vcs8._.js:776
[  445671ms] [LOG] [Fast Refresh] done in 56ms @ http://localhost:3000/_next/static/chunks/node_modules_next_dist_1e8vcs8._.js:776
[  445724ms] [LOG] [Fast Refresh] done in 56ms @ http://localhost:3000/_next/static/chunks/node_modules_next_dist_1e8vcs8._.js:776
[  445777ms] [LOG] [Fast Refresh] done in 56ms @ http://localhost:3000/_next/static/chunks/node_modules_next_dist_1e8vcs8._.js:776
[  445833ms] [LOG] [Fast Refresh] done in 56ms @ http://localhost:3000/_next/static/chunks/node_modules_next_dist_1e8vcs8._.js:776
[  445876ms] [LOG] [Fast Refresh] done in 56ms @ http://localhost:3000/_next/static/chunks/node_modules_next_dist_1e8vcs8._.js:776
[  445943ms] [LOG] [Fast Refresh] done in 56ms @ http://localhost:3000/_next/static/chunks/node_modules_next_dist_1e8vcs8._.js:776
[  446008ms] [LOG] [Fast Refresh] done in 56ms @ http://localhost:3000/_next/static/chunks/node_modules_next_dist_1e8vcs8._.js:776
[  446056ms] [LOG] [Fast Refresh] done in 56ms @ http://localhost:3000/_next/static/chunks/node_modules_next_dist_1e8vcs8._.js:776
[  446118ms] [LOG] [Fast Refresh] done in 56ms @ http://localhost:3000/_next/static/chunks/node_modules_next_dist_1e8vcs8._.js:776
[  446172ms] [LOG] [Fast Refresh] done in 56ms @ http://localhost:3000/_next/static/chunks/node_modules_next_dist_1e8vcs8._.js:776
[  446222ms] [LOG] [Fast Refresh] done in 56ms @ http://localhost:3000/_next/static/chunks/node_modules_next_dist_1e8vcs8._.js:776
[  446267ms] [LOG] [Fast Refresh] done in 56ms @ http://localhost:3000/_next/static/chunks/node_modules_next_dist_1e8vcs8._.js:776
[  446317ms] [LOG] [Fast Refresh] done in 56ms @ http://localhost:3000/_next/static/chunks/node_modules_next_dist_1e8vcs8._.js:776
[  446367ms] [LOG] [Fast Refresh] done in 56ms @ http://localhost:3000/_next/static/chunks/node_modules_next_dist_1e8vcs8._.js:776
[  446423ms] [LOG] [Fast Refresh] done in 56ms @ http://localhost:3000/_next/static/chunks/node_modules_next_dist_1e8vcs8._.js:776
[  446469ms] [LOG] [Fast Refresh] done in 56ms @ http://localhost:3000/_next/static/chunks/node_modules_next_dist_1e8vcs8._.js:776
[  446518ms] [LOG] [Fast Refresh] done in 56ms @ http://localhost:3000/_next/static/chunks/node_modules_next_dist_1e8vcs8._.js:776
[  446567ms] [LOG] [Fast Refresh] done in 56ms @ http://localhost:3000/_next/static/chunks/node_modules_next_dist_1e8vcs8._.js:776
[  446615ms] [LOG] [Fast Refresh] done in 56ms @ http://localhost:3000/_next/static/chunks/node_modules_next_dist_1e8vcs8._.js:776
[  446656ms] [LOG] [Fast Refresh] done in 56ms @ http://localhost:3000/_next/static/chunks/node_modules_next_dist_1e8vcs8._.js:776
[  446714ms] [LOG] [Fast Refresh] done in 56ms @ http://localhost:3000/_next/static/chunks/node_modules_next_dist_1e8vcs8._.js:776
[  446754ms] [LOG] [Fast Refresh] done in 56ms @ http://localhost:3000/_next/static/chunks/node_modules_next_dist_1e8vcs8._.js:776
[  446808ms] [LOG] [Fast Refresh] done in 56ms @ http://localhost:3000/_next/static/chunks/node_modules_next_dist_1e8vcs8._.js:776
[  446864ms] [LOG] [Fast Refresh] done in 56ms @ http://localhost:3000/_next/static/chunks/node_modules_next_dist_1e8vcs8._.js:776
[  446915ms] [LOG] [Fast Refresh] done in 56ms @ http://localhost:3000/_next/static/chunks/node_modules_next_dist_1e8vcs8._.js:776
[  446969ms] [LOG] [Fast Refresh] done in 56ms @ http://localhost:3000/_next/static/chunks/node_modules_next_dist_1e8vcs8._.js:776
[  447017ms] [LOG] [Fast Refresh] done in 56ms @ http://localhost:3000/_next/static/chunks/node_modules_next_dist_1e8vcs8._.js:776
[  447061ms] [LOG] [Fast Refresh] done in 56ms @ http://localhost:3000/_next/static/chunks/node_modules_next_dist_1e8vcs8._.js:776
[  447107ms] [LOG] [Fast Refresh] done in 56ms @ http://localhost:3000/_next/static/chunks/node_modules_next_dist_1e8vcs8._.js:776
[  447151ms] [LOG] [Fast Refresh] done in 56ms @ http://localhost:3000/_next/static/chunks/node_modules_next_dist_1e8vcs8._.js:776
[  447190ms] [LOG] [Fast Refresh] done in 56ms @ http://localhost:3000/_next/static/chunks/node_modules_next_dist_1e8vcs8._.js:776
[  447234ms] [LOG] [Fast Refresh] done in 56ms @ http://localhost:3000/_next/static/chunks/node_modules_next_dist_1e8vcs8._.js:776
[  447273ms] [LOG] [Fast Refresh] done in 56ms @ http://localhost:3000/_next/static/chunks/node_modules_next_dist_1e8vcs8._.js:776
[  447318ms] [LOG] [Fast Refresh] done in 56ms @ http://localhost:3000/_next/static/chunks/node_modules_next_dist_1e8vcs8._.js:776
[  447361ms] [LOG] [Fast Refresh] done in 56ms @ http://localhost:3000/_next/static/chunks/node_modules_next_dist_1e8vcs8._.js:776
[  447402ms] [LOG] [Fast Refresh] done in 56ms @ http://localhost:3000/_next/static/chunks/node_modules_next_dist_1e8vcs8._.js:776
[  447452ms] [LOG] [Fast Refresh] done in 56ms @ http://localhost:3000/_next/static/chunks/node_modules_next_dist_1e8vcs8._.js:776
[  447499ms] [LOG] [Fast Refresh] done in 56ms @ http://localhost:3000/_next/static/chunks/node_modules_next_dist_1e8vcs8._.js:776
[  447543ms] [LOG] [Fast Refresh] done in 56ms @ http://localhost:3000/_next/static/chunks/node_modules_next_dist_1e8vcs8._.js:776
[  447593ms] [LOG] [Fast Refresh] done in 56ms @ http://localhost:3000/_next/static/chunks/node_modules_next_dist_1e8vcs8._.js:776
[  447635ms] [LOG] [Fast Refresh] done in 56ms @ http://localhost:3000/_next/static/chunks/node_modules_next_dist_1e8vcs8._.js:776
[  447675ms] [LOG] [Fast Refresh] done in 56ms @ http://localhost:3000/_next/static/chunks/node_modules_next_dist_1e8vcs8._.js:776
[  447717ms] [LOG] [Fast Refresh] done in 56ms @ http://localhost:3000/_next/static/chunks/node_modules_next_dist_1e8vcs8._.js:776
[  447759ms] [LOG] [Fast Refresh] done in 56ms @ http://localhost:3000/_next/static/chunks/node_modules_next_dist_1e8vcs8._.js:776
[  447800ms] [LOG] [Fast Refresh] done in 56ms @ http://localhost:3000/_next/static/chunks/node_modules_next_dist_1e8vcs8._.js:776
[  447860ms] [LOG] [Fast Refresh] done in 56ms @ http://localhost:3000/_next/static/chunks/node_modules_next_dist_1e8vcs8._.js:776
[  447901ms] [LOG] [Fast Refresh] done in 56ms @ http://localhost:3000/_next/static/chunks/node_modules_next_dist_1e8vcs8._.js:776
[  447952ms] [LOG] [Fast Refresh] done in 56ms @ http://localhost:3000/_next/static/chunks/node_modules_next_dist_1e8vcs8._.js:776
[  448001ms] [LOG] [Fast Refresh] done in 56ms @ http://localhost:3000/_next/static/chunks/node_modules_next_dist_1e8vcs8._.js:776
[  448042ms] [LOG] [Fast Refresh] done in 56ms @ http://localhost:3000/_next/static/chunks/node_modules_next_dist_1e8vcs8._.js:776
[  448084ms] [LOG] [Fast Refresh] done in 56ms @ http://localhost:3000/_next/static/chunks/node_modules_next_dist_1e8vcs8._.js:776
[  448125ms] [LOG] [Fast Refresh] done in 56ms @ http://localhost:3000/_next/static/chunks/node_modules_next_dist_1e8vcs8._.js:776
[  448177ms] [LOG] [Fast Refresh] done in 56ms @ http://localhost:3000/_next/static/chunks/node_modules_next_dist_1e8vcs8._.js:776
[  448222ms] [LOG] [Fast Refresh] done in 56ms @ http://localhost:3000/_next/static/chunks/node_modules_next_dist_1e8vcs8._.js:776
[  448272ms] [LOG] [Fast Refresh] done in 56ms @ http://localhost:3000/_next/static/chunks/node_modules_next_dist_1e8vcs8._.js:776
[  448319ms] [LOG] [Fast Refresh] done in 56ms @ http://localhost:3000/_next/static/chunks/node_modules_next_dist_1e8vcs8._.js:776
[  448369ms] [LOG] [Fast Refresh] done in 56ms @ http://localhost:3000/_next/static/chunks/node_modules_next_dist_1e8vcs8._.js:776
[  448417ms] [LOG] [Fast Refresh] done in 56ms @ http://localhost:3000/_next/static/chunks/node_modules_next_dist_1e8vcs8._.js:776
[  448459ms] [LOG] [Fast Refresh] done in 56ms @ http://localhost:3000/_next/static/chunks/node_modules_next_dist_1e8vcs8._.js:776
[  448502ms] [LOG] [Fast Refresh] done in 56ms @ http://localhost:3000/_next/static/chunks/node_modules_next_dist_1e8vcs8._.js:776
[  448558ms] [LOG] [Fast Refresh] done in 56ms @ http://localhost:3000/_next/static/chunks/node_modules_next_dist_1e8vcs8._.js:776
[  448604ms] [LOG] [Fast Refresh] done in 56ms @ http://localhost:3000/_next/static/chunks/node_modules_next_dist_1e8vcs8._.js:776
[  448665ms] [LOG] [Fast Refresh] done in 56ms @ http://localhost:3000/_next/static/chunks/node_modules_next_dist_1e8vcs8._.js:776
[  448719ms] [LOG] [Fast Refresh] done in 56ms @ http://localhost:3000/_next/static/chunks/node_modules_next_dist_1e8vcs8._.js:776
[  448768ms] [LOG] [Fast Refresh] done in 56ms @ http://localhost:3000/_next/static/chunks/node_modules_next_dist_1e8vcs8._.js:776
[  448817ms] [LOG] [Fast Refresh] done in 56ms @ http://localhost:3000/_next/static/chunks/node_modules_next_dist_1e8vcs8._.js:776
[  448868ms] [LOG] [Fast Refresh] done in 56ms @ http://localhost:3000/_next/static/chunks/node_modules_next_dist_1e8vcs8._.js:776
[  448915ms] [LOG] [Fast Refresh] done in 56ms @ http://localhost:3000/_next/static/chunks/node_modules_next_dist_1e8vcs8._.js:776
[  448954ms] [LOG] [Fast Refresh] done in 56ms @ http://localhost:3000/_next/static/chunks/node_modules_next_dist_1e8vcs8._.js:776
[  449018ms] [LOG] [Fast Refresh] done in 56ms @ http://localhost:3000/_next/static/chunks/node_modules_next_dist_1e8vcs8._.js:776
[  449057ms] [LOG] [Fast Refresh] done in 56ms @ http://localhost:3000/_next/static/chunks/node_modules_next_dist_1e8vcs8._.js:776
[  449104ms] [LOG] [Fast Refresh] done in 56ms @ http://localhost:3000/_next/static/chunks/node_modules_next_dist_1e8vcs8._.js:776
[  449155ms] [LOG] [Fast Refresh] done in 56ms @ http://localhost:3000/_next/static/chunks/node_modules_next_dist_1e8vcs8._.js:776
[  449203ms] [LOG] [Fast Refresh] done in 56ms @ http://localhost:3000/_next/static/chunks/node_modules_next_dist_1e8vcs8._.js:776
[  449251ms] [LOG] [Fast Refresh] done in 56ms @ http://localhost:3000/_next/static/chunks/node_modules_next_dist_1e8vcs8._.js:776
[  449308ms] [LOG] [Fast Refresh] done in 56ms @ http://localhost:3000/_next/static/chunks/node_modules_next_dist_1e8vcs8._.js:776
[  449356ms] [LOG] [Fast Refresh] done in 56ms @ http://localhost:3000/_next/static/chunks/node_modules_next_dist_1e8vcs8._.js:776
[  449415ms] [LOG] [Fast Refresh] done in 56ms @ http://localhost:3000/_next/static/chunks/node_modules_next_dist_1e8vcs8._.js:776
[  449468ms] [LOG] [Fast Refresh] done in 56ms @ http://localhost:3000/_next/static/chunks/node_modules_next_dist_1e8vcs8._.js:776
[  472573ms] [LOG] [Fast Refresh] rebuilding @ http://localhost:3000/_next/static/chunks/node_modules_next_dist_1e8vcs8._.js:776
[  472633ms] [LOG] [Fast Refresh] done in 135ms @ http://localhost:3000/_next/static/chunks/node_modules_next_dist_1e8vcs8._.js:776
[  472740ms] [LOG] [Fast Refresh] done in 135ms @ http://localhost:3000/_next/static/chunks/node_modules_next_dist_1e8vcs8._.js:776
[  472793ms] [LOG] [Fast Refresh] done in 135ms @ http://localhost:3000/_next/static/chunks/node_modules_next_dist_1e8vcs8._.js:776
[  472905ms] [LOG] [Fast Refresh] done in 135ms @ http://localhost:3000/_next/static/chunks/node_modules_next_dist_1e8vcs8._.js:776
[  472954ms] [LOG] [Fast Refresh] done in 135ms @ http://localhost:3000/_next/static/chunks/node_modules_next_dist_1e8vcs8._.js:776
[  473001ms] [LOG] [Fast Refresh] done in 135ms @ http://localhost:3000/_next/static/chunks/node_modules_next_dist_1e8vcs8._.js:776
[  473050ms] [LOG] [Fast Refresh] done in 135ms @ http://localhost:3000/_next/static/chunks/node_modules_next_dist_1e8vcs8._.js:776
[  473100ms] [LOG] [Fast Refresh] done in 135ms @ http://localhost:3000/_next/static/chunks/node_modules_next_dist_1e8vcs8._.js:776
[  473154ms] [LOG] [Fast Refresh] done in 135ms @ http://localhost:3000/_next/static/chunks/node_modules_next_dist_1e8vcs8._.js:776
[  473208ms] [LOG] [Fast Refresh] done in 135ms @ http://localhost:3000/_next/static/chunks/node_modules_next_dist_1e8vcs8._.js:776
[  473251ms] [LOG] [Fast Refresh] done in 135ms @ http://localhost:3000/_next/static/chunks/node_modules_next_dist_1e8vcs8._.js:776
[  473316ms] [LOG] [Fast Refresh] done in 135ms @ http://localhost:3000/_next/static/chunks/node_modules_next_dist_1e8vcs8._.js:776
[  473357ms] [LOG] [Fast Refresh] done in 135ms @ http://localhost:3000/_next/static/chunks/node_modules_next_dist_1e8vcs8._.js:776
[  473407ms] [LOG] [Fast Refresh] done in 135ms @ http://localhost:3000/_next/static/chunks/node_modules_next_dist_1e8vcs8._.js:776
[  473458ms] [LOG] [Fast Refresh] done in 135ms @ http://localhost:3000/_next/static/chunks/node_modules_next_dist_1e8vcs8._.js:776
[  473506ms] [LOG] [Fast Refresh] done in 135ms @ http://localhost:3000/_next/static/chunks/node_modules_next_dist_1e8vcs8._.js:776
[  473557ms] [LOG] [Fast Refresh] done in 135ms @ http://localhost:3000/_next/static/chunks/node_modules_next_dist_1e8vcs8._.js:776
[  473608ms] [LOG] [Fast Refresh] done in 135ms @ http://localhost:3000/_next/static/chunks/node_modules_next_dist_1e8vcs8._.js:776
[  473656ms] [LOG] [Fast Refresh] done in 135ms @ http://localhost:3000/_next/static/chunks/node_modules_next_dist_1e8vcs8._.js:776
[  473716ms] [LOG] [Fast Refresh] done in 135ms @ http://localhost:3000/_next/static/chunks/node_modules_next_dist_1e8vcs8._.js:776
[  473769ms] [LOG] [Fast Refresh] done in 135ms @ http://localhost:3000/_next/static/chunks/node_modules_next_dist_1e8vcs8._.js:776
[  473818ms] [LOG] [Fast Refresh] done in 135ms @ http://localhost:3000/_next/static/chunks/node_modules_next_dist_1e8vcs8._.js:776
[  473868ms] [LOG] [Fast Refresh] done in 135ms @ http://localhost:3000/_next/static/chunks/node_modules_next_dist_1e8vcs8._.js:776
[  473917ms] [LOG] [Fast Refresh] done in 135ms @ http://localhost:3000/_next/static/chunks/node_modules_next_dist_1e8vcs8._.js:776
[  473967ms] [LOG] [Fast Refresh] done in 135ms @ http://localhost:3000/_next/static/chunks/node_modules_next_dist_1e8vcs8._.js:776
[  474008ms] [LOG] [Fast Refresh] done in 135ms @ http://localhost:3000/_next/static/chunks/node_modules_next_dist_1e8vcs8._.js:776
[  474056ms] [LOG] [Fast Refresh] done in 135ms @ http://localhost:3000/_next/static/chunks/node_modules_next_dist_1e8vcs8._.js:776
[  474104ms] [LOG] [Fast Refresh] done in 135ms @ http://localhost:3000/_next/static/chunks/node_modules_next_dist_1e8vcs8._.js:776
[  474153ms] [LOG] [Fast Refresh] done in 135ms @ http://localhost:3000/_next/static/chunks/node_modules_next_dist_1e8vcs8._.js:776
[  474192ms] [LOG] [Fast Refresh] done in 135ms @ http://localhost:3000/_next/static/chunks/node_modules_next_dist_1e8vcs8._.js:776
[  474233ms] [LOG] [Fast Refresh] done in 135ms @ http://localhost:3000/_next/static/chunks/node_modules_next_dist_1e8vcs8._.js:776
[  474274ms] [LOG] [Fast Refresh] done in 135ms @ http://localhost:3000/_next/static/chunks/node_modules_next_dist_1e8vcs8._.js:776
[  474324ms] [LOG] [Fast Refresh] done in 135ms @ http://localhost:3000/_next/static/chunks/node_modules_next_dist_1e8vcs8._.js:776
[  474366ms] [LOG] [Fast Refresh] done in 135ms @ http://localhost:3000/_next/static/chunks/node_modules_next_dist_1e8vcs8._.js:776
[  474416ms] [LOG] [Fast Refresh] done in 135ms @ http://localhost:3000/_next/static/chunks/node_modules_next_dist_1e8vcs8._.js:776
[  474465ms] [LOG] [Fast Refresh] done in 135ms @ http://localhost:3000/_next/static/chunks/node_modules_next_dist_1e8vcs8._.js:776
[  474504ms] [LOG] [Fast Refresh] done in 135ms @ http://localhost:3000/_next/static/chunks/node_modules_next_dist_1e8vcs8._.js:776
[  474558ms] [LOG] [Fast Refresh] done in 135ms @ http://localhost:3000/_next/static/chunks/node_modules_next_dist_1e8vcs8._.js:776
[  474603ms] [LOG] [Fast Refresh] done in 135ms @ http://localhost:3000/_next/static/chunks/node_modules_next_dist_1e8vcs8._.js:776
[  474660ms] [LOG] [Fast Refresh] done in 135ms @ http://localhost:3000/_next/static/chunks/node_modules_next_dist_1e8vcs8._.js:776
[  474709ms] [LOG] [Fast Refresh] done in 135ms @ http://localhost:3000/_next/static/chunks/node_modules_next_dist_1e8vcs8._.js:776
[  474757ms] [LOG] [Fast Refresh] done in 135ms @ http://localhost:3000/_next/static/chunks/node_modules_next_dist_1e8vcs8._.js:776
[  474801ms] [LOG] [Fast Refresh] done in 135ms @ http://localhost:3000/_next/static/chunks/node_modules_next_dist_1e8vcs8._.js:776
[  474857ms] [LOG] [Fast Refresh] done in 135ms @ http://localhost:3000/_next/static/chunks/node_modules_next_dist_1e8vcs8._.js:776
[  474906ms] [LOG] [Fast Refresh] done in 135ms @ http://localhost:3000/_next/static/chunks/node_modules_next_dist_1e8vcs8._.js:776
[  474956ms] [LOG] [Fast Refresh] done in 135ms @ http://localhost:3000/_next/static/chunks/node_modules_next_dist_1e8vcs8._.js:776
[  475003ms] [LOG] [Fast Refresh] done in 135ms @ http://localhost:3000/_next/static/chunks/node_modules_next_dist_1e8vcs8._.js:776
[  475053ms] [LOG] [Fast Refresh] done in 135ms @ http://localhost:3000/_next/static/chunks/node_modules_next_dist_1e8vcs8._.js:776
[  475112ms] [LOG] [Fast Refresh] done in 135ms @ http://localhost:3000/_next/static/chunks/node_modules_next_dist_1e8vcs8._.js:776
[  475153ms] [LOG] [Fast Refresh] done in 135ms @ http://localhost:3000/_next/static/chunks/node_modules_next_dist_1e8vcs8._.js:776
[  475202ms] [LOG] [Fast Refresh] done in 135ms @ http://localhost:3000/_next/static/chunks/node_modules_next_dist_1e8vcs8._.js:776
[  475253ms] [LOG] [Fast Refresh] done in 135ms @ http://localhost:3000/_next/static/chunks/node_modules_next_dist_1e8vcs8._.js:776
[  475292ms] [LOG] [Fast Refresh] done in 135ms @ http://localhost:3000/_next/static/chunks/node_modules_next_dist_1e8vcs8._.js:776
[  475334ms] [LOG] [Fast Refresh] done in 135ms @ http://localhost:3000/_next/static/chunks/node_modules_next_dist_1e8vcs8._.js:776
[  475382ms] [LOG] [Fast Refresh] done in 135ms @ http://localhost:3000/_next/static/chunks/node_modules_next_dist_1e8vcs8._.js:776
[  475440ms] [LOG] [Fast Refresh] done in 135ms @ http://localhost:3000/_next/static/chunks/node_modules_next_dist_1e8vcs8._.js:776
[  475500ms] [LOG] [Fast Refresh] done in 135ms @ http://localhost:3000/_next/static/chunks/node_modules_next_dist_1e8vcs8._.js:776
[  475542ms] [LOG] [Fast Refresh] done in 135ms @ http://localhost:3000/_next/static/chunks/node_modules_next_dist_1e8vcs8._.js:776
[  475583ms] [LOG] [Fast Refresh] done in 135ms @ http://localhost:3000/_next/static/chunks/node_modules_next_dist_1e8vcs8._.js:776
[  475624ms] [LOG] [Fast Refresh] done in 135ms @ http://localhost:3000/_next/static/chunks/node_modules_next_dist_1e8vcs8._.js:776
[  475666ms] [LOG] [Fast Refresh] done in 135ms @ http://localhost:3000/_next/static/chunks/node_modules_next_dist_1e8vcs8._.js:776
[  475708ms] [LOG] [Fast Refresh] done in 135ms @ http://localhost:3000/_next/static/chunks/node_modules_next_dist_1e8vcs8._.js:776
[  475766ms] [LOG] [Fast Refresh] done in 135ms @ http://localhost:3000/_next/static/chunks/node_modules_next_dist_1e8vcs8._.js:776
[  475817ms] [LOG] [Fast Refresh] done in 135ms @ http://localhost:3000/_next/static/chunks/node_modules_next_dist_1e8vcs8._.js:776
[  475858ms] [LOG] [Fast Refresh] done in 135ms @ http://localhost:3000/_next/static/chunks/node_modules_next_dist_1e8vcs8._.js:776
[  475907ms] [LOG] [Fast Refresh] done in 135ms @ http://localhost:3000/_next/static/chunks/node_modules_next_dist_1e8vcs8._.js:776
[  475958ms] [LOG] [Fast Refresh] done in 135ms @ http://localhost:3000/_next/static/chunks/node_modules_next_dist_1e8vcs8._.js:776
[  476000ms] [LOG] [Fast Refresh] done in 135ms @ http://localhost:3000/_next/static/chunks/node_modules_next_dist_1e8vcs8._.js:776
[  476049ms] [LOG] [Fast Refresh] done in 135ms @ http://localhost:3000/_next/static/chunks/node_modules_next_dist_1e8vcs8._.js:776
[  476099ms] [LOG] [Fast Refresh] done in 135ms @ http://localhost:3000/_next/static/chunks/node_modules_next_dist_1e8vcs8._.js:776
[  476142ms] [LOG] [Fast Refresh] done in 135ms @ http://localhost:3000/_next/static/chunks/node_modules_next_dist_1e8vcs8._.js:776
[  476192ms] [LOG] [Fast Refresh] done in 135ms @ http://localhost:3000/_next/static/chunks/node_modules_next_dist_1e8vcs8._.js:776
[  476241ms] [LOG] [Fast Refresh] done in 135ms @ http://localhost:3000/_next/static/chunks/node_modules_next_dist_1e8vcs8._.js:776
[  476288ms] [LOG] [Fast Refresh] done in 135ms @ http://localhost:3000/_next/static/chunks/node_modules_next_dist_1e8vcs8._.js:776
[  476333ms] [LOG] [Fast Refresh] done in 135ms @ http://localhost:3000/_next/static/chunks/node_modules_next_dist_1e8vcs8._.js:776
[  476378ms] [LOG] [Fast Refresh] done in 135ms @ http://localhost:3000/_next/static/chunks/node_modules_next_dist_1e8vcs8._.js:776
[  476421ms] [LOG] [Fast Refresh] done in 135ms @ http://localhost:3000/_next/static/chunks/node_modules_next_dist_1e8vcs8._.js:776
[  476470ms] [LOG] [Fast Refresh] done in 135ms @ http://localhost:3000/_next/static/chunks/node_modules_next_dist_1e8vcs8._.js:776
[  526131ms] [LOG] [Fast Refresh] rebuilding @ http://localhost:3000/_next/static/chunks/node_modules_next_dist_1e8vcs8._.js:776
[  526338ms] [LOG] [Fast Refresh] done in 252ms @ http://localhost:3000/_next/static/chunks/node_modules_next_dist_1e8vcs8._.js:776
[  526504ms] [LOG] [Fast Refresh] done in 252ms @ http://localhost:3000/_next/static/chunks/node_modules_next_dist_1e8vcs8._.js:776
[  526557ms] [LOG] [Fast Refresh] done in 252ms @ http://localhost:3000/_next/static/chunks/node_modules_next_dist_1e8vcs8._.js:776
[  526603ms] [LOG] [Fast Refresh] done in 252ms @ http://localhost:3000/_next/static/chunks/node_modules_next_dist_1e8vcs8._.js:776
[  526653ms] [LOG] [Fast Refresh] done in 252ms @ http://localhost:3000/_next/static/chunks/node_modules_next_dist_1e8vcs8._.js:776
[  526702ms] [LOG] [Fast Refresh] done in 252ms @ http://localhost:3000/_next/static/chunks/node_modules_next_dist_1e8vcs8._.js:776
[  526753ms] [LOG] [Fast Refresh] done in 252ms @ http://localhost:3000/_next/static/chunks/node_modules_next_dist_1e8vcs8._.js:776
[  526801ms] [LOG] [Fast Refresh] done in 252ms @ http://localhost:3000/_next/static/chunks/node_modules_next_dist_1e8vcs8._.js:776
[  526849ms] [LOG] [Fast Refresh] done in 252ms @ http://localhost:3000/_next/static/chunks/node_modules_next_dist_1e8vcs8._.js:776
[  526897ms] [LOG] [Fast Refresh] done in 252ms @ http://localhost:3000/_next/static/chunks/node_modules_next_dist_1e8vcs8._.js:776
[  526947ms] [LOG] [Fast Refresh] done in 252ms @ http://localhost:3000/_next/static/chunks/node_modules_next_dist_1e8vcs8._.js:776
[  526998ms] [LOG] [Fast Refresh] done in 252ms @ http://localhost:3000/_next/static/chunks/node_modules_next_dist_1e8vcs8._.js:776
[  527055ms] [LOG] [Fast Refresh] done in 252ms @ http://localhost:3000/_next/static/chunks/node_modules_next_dist_1e8vcs8._.js:776
[  527104ms] [LOG] [Fast Refresh] done in 252ms @ http://localhost:3000/_next/static/chunks/node_modules_next_dist_1e8vcs8._.js:776
[  527354ms] [LOG] [Fast Refresh] done in 252ms @ http://localhost:3000/_next/static/chunks/node_modules_next_dist_1e8vcs8._.js:776
[  527407ms] [LOG] [Fast Refresh] done in 252ms @ http://localhost:3000/_next/static/chunks/node_modules_next_dist_1e8vcs8._.js:776
[  527457ms] [LOG] [Fast Refresh] done in 252ms @ http://localhost:3000/_next/static/chunks/node_modules_next_dist_1e8vcs8._.js:776
[  527518ms] [LOG] [Fast Refresh] done in 252ms @ http://localhost:3000/_next/static/chunks/node_modules_next_dist_1e8vcs8._.js:776
[  527580ms] [LOG] [Fast Refresh] done in 252ms @ http://localhost:3000/_next/static/chunks/node_modules_next_dist_1e8vcs8._.js:776
[  527635ms] [LOG] [Fast Refresh] done in 252ms @ http://localhost:3000/_next/static/chunks/node_modules_next_dist_1e8vcs8._.js:776
[  527684ms] [LOG] [Fast Refresh] done in 252ms @ http://localhost:3000/_next/static/chunks/node_modules_next_dist_1e8vcs8._.js:776
[  527725ms] [LOG] [Fast Refresh] done in 252ms @ http://localhost:3000/_next/static/chunks/node_modules_next_dist_1e8vcs8._.js:776
[  527765ms] [LOG] [Fast Refresh] done in 252ms @ http://localhost:3000/_next/static/chunks/node_modules_next_dist_1e8vcs8._.js:776
[  527806ms] [LOG] [Fast Refresh] done in 252ms @ http://localhost:3000/_next/static/chunks/node_modules_next_dist_1e8vcs8._.js:776
[  527849ms] [LOG] [Fast Refresh] done in 252ms @ http://localhost:3000/_next/static/chunks/node_modules_next_dist_1e8vcs8._.js:776
[  527890ms] [LOG] [Fast Refresh] done in 252ms @ http://localhost:3000/_next/static/chunks/node_modules_next_dist_1e8vcs8._.js:776
[  527932ms] [LOG] [Fast Refresh] done in 252ms @ http://localhost:3000/_next/static/chunks/node_modules_next_dist_1e8vcs8._.js:776
[  527980ms] [LOG] [Fast Refresh] done in 252ms @ http://localhost:3000/_next/static/chunks/node_modules_next_dist_1e8vcs8._.js:776
[  528022ms] [LOG] [Fast Refresh] done in 252ms @ http://localhost:3000/_next/static/chunks/node_modules_next_dist_1e8vcs8._.js:776
[  528067ms] [LOG] [Fast Refresh] done in 252ms @ http://localhost:3000/_next/static/chunks/node_modules_next_dist_1e8vcs8._.js:776
[  528122ms] [LOG] [Fast Refresh] done in 252ms @ http://localhost:3000/_next/static/chunks/node_modules_next_dist_1e8vcs8._.js:776
[  528170ms] [LOG] [Fast Refresh] done in 252ms @ http://localhost:3000/_next/static/chunks/node_modules_next_dist_1e8vcs8._.js:776
[  528220ms] [LOG] [Fast Refresh] done in 252ms @ http://localhost:3000/_next/static/chunks/node_modules_next_dist_1e8vcs8._.js:776
[  528269ms] [LOG] [Fast Refresh] done in 252ms @ http://localhost:3000/_next/static/chunks/node_modules_next_dist_1e8vcs8._.js:776
[  528318ms] [LOG] [Fast Refresh] done in 252ms @ http://localhost:3000/_next/static/chunks/node_modules_next_dist_1e8vcs8._.js:776
[  528364ms] [LOG] [Fast Refresh] done in 252ms @ http://localhost:3000/_next/static/chunks/node_modules_next_dist_1e8vcs8._.js:776
[  528414ms] [LOG] [Fast Refresh] done in 252ms @ http://localhost:3000/_next/static/chunks/node_modules_next_dist_1e8vcs8._.js:776
[  528454ms] [LOG] [Fast Refresh] done in 252ms @ http://localhost:3000/_next/static/chunks/node_modules_next_dist_1e8vcs8._.js:776
[  528507ms] [LOG] [Fast Refresh] done in 252ms @ http://localhost:3000/_next/static/chunks/node_modules_next_dist_1e8vcs8._.js:776
[  528553ms] [LOG] [Fast Refresh] done in 252ms @ http://localhost:3000/_next/static/chunks/node_modules_next_dist_1e8vcs8._.js:776
[  528614ms] [LOG] [Fast Refresh] done in 252ms @ http://localhost:3000/_next/static/chunks/node_modules_next_dist_1e8vcs8._.js:776
[  528669ms] [LOG] [Fast Refresh] done in 252ms @ http://localhost:3000/_next/static/chunks/node_modules_next_dist_1e8vcs8._.js:776
[  528718ms] [LOG] [Fast Refresh] done in 252ms @ http://localhost:3000/_next/static/chunks/node_modules_next_dist_1e8vcs8._.js:776
[  528769ms] [LOG] [Fast Refresh] done in 252ms @ http://localhost:3000/_next/static/chunks/node_modules_next_dist_1e8vcs8._.js:776
[  528817ms] [LOG] [Fast Refresh] done in 252ms @ http://localhost:3000/_next/static/chunks/node_modules_next_dist_1e8vcs8._.js:776
[  528869ms] [LOG] [Fast Refresh] done in 252ms @ http://localhost:3000/_next/static/chunks/node_modules_next_dist_1e8vcs8._.js:776
[  528919ms] [LOG] [Fast Refresh] done in 252ms @ http://localhost:3000/_next/static/chunks/node_modules_next_dist_1e8vcs8._.js:776
[  528968ms] [LOG] [Fast Refresh] done in 252ms @ http://localhost:3000/_next/static/chunks/node_modules_next_dist_1e8vcs8._.js:776
[  529017ms] [LOG] [Fast Refresh] done in 252ms @ http://localhost:3000/_next/static/chunks/node_modules_next_dist_1e8vcs8._.js:776
[  529069ms] [LOG] [Fast Refresh] done in 252ms @ http://localhost:3000/_next/static/chunks/node_modules_next_dist_1e8vcs8._.js:776
[  529119ms] [LOG] [Fast Refresh] done in 252ms @ http://localhost:3000/_next/static/chunks/node_modules_next_dist_1e8vcs8._.js:776
[  529167ms] [LOG] [Fast Refresh] done in 252ms @ http://localhost:3000/_next/static/chunks/node_modules_next_dist_1e8vcs8._.js:776
[  529217ms] [LOG] [Fast Refresh] done in 252ms @ http://localhost:3000/_next/static/chunks/node_modules_next_dist_1e8vcs8._.js:776
[  529268ms] [LOG] [Fast Refresh] done in 252ms @ http://localhost:3000/_next/static/chunks/node_modules_next_dist_1e8vcs8._.js:776
[  529326ms] [LOG] [Fast Refresh] done in 252ms @ http://localhost:3000/_next/static/chunks/node_modules_next_dist_1e8vcs8._.js:776
[  529367ms] [LOG] [Fast Refresh] done in 252ms @ http://localhost:3000/_next/static/chunks/node_modules_next_dist_1e8vcs8._.js:776
[  529418ms] [LOG] [Fast Refresh] done in 252ms @ http://localhost:3000/_next/static/chunks/node_modules_next_dist_1e8vcs8._.js:776
[  529467ms] [LOG] [Fast Refresh] done in 252ms @ http://localhost:3000/_next/static/chunks/node_modules_next_dist_1e8vcs8._.js:776
[  529516ms] [LOG] [Fast Refresh] done in 252ms @ http://localhost:3000/_next/static/chunks/node_modules_next_dist_1e8vcs8._.js:776
[  529571ms] [LOG] [Fast Refresh] done in 252ms @ http://localhost:3000/_next/static/chunks/node_modules_next_dist_1e8vcs8._.js:776
[  529618ms] [LOG] [Fast Refresh] done in 252ms @ http://localhost:3000/_next/static/chunks/node_modules_next_dist_1e8vcs8._.js:776
[  529672ms] [LOG] [Fast Refresh] done in 252ms @ http://localhost:3000/_next/static/chunks/node_modules_next_dist_1e8vcs8._.js:776
[  529722ms] [LOG] [Fast Refresh] done in 252ms @ http://localhost:3000/_next/static/chunks/node_modules_next_dist_1e8vcs8._.js:776
[  529765ms] [LOG] [Fast Refresh] done in 252ms @ http://localhost:3000/_next/static/chunks/node_modules_next_dist_1e8vcs8._.js:776
[  529817ms] [LOG] [Fast Refresh] done in 252ms @ http://localhost:3000/_next/static/chunks/node_modules_next_dist_1e8vcs8._.js:776
[  529869ms] [LOG] [Fast Refresh] done in 252ms @ http://localhost:3000/_next/static/chunks/node_modules_next_dist_1e8vcs8._.js:776
[  529919ms] [LOG] [Fast Refresh] done in 252ms @ http://localhost:3000/_next/static/chunks/node_modules_next_dist_1e8vcs8._.js:776
[  529962ms] [LOG] [Fast Refresh] done in 252ms @ http://localhost:3000/_next/static/chunks/node_modules_next_dist_1e8vcs8._.js:776
[  530019ms] [LOG] [Fast Refresh] done in 252ms @ http://localhost:3000/_next/static/chunks/node_modules_next_dist_1e8vcs8._.js:776
[  530064ms] [LOG] [Fast Refresh] done in 252ms @ http://localhost:3000/_next/static/chunks/node_modules_next_dist_1e8vcs8._.js:776
[  530113ms] [LOG] [Fast Refresh] done in 252ms @ http://localhost:3000/_next/static/chunks/node_modules_next_dist_1e8vcs8._.js:776
[  542269ms] [LOG] [Fast Refresh] rebuilding @ http://localhost:3000/_next/static/chunks/node_modules_next_dist_1e8vcs8._.js:776
[  542324ms] [LOG] [Fast Refresh] done in 91ms @ http://localhost:3000/_next/static/chunks/node_modules_next_dist_1e8vcs8._.js:776
[  542384ms] [LOG] [Fast Refresh] done in 91ms @ http://localhost:3000/_next/static/chunks/node_modules_next_dist_1e8vcs8._.js:776
[  542435ms] [LOG] [Fast Refresh] done in 91ms @ http://localhost:3000/_next/static/chunks/node_modules_next_dist_1e8vcs8._.js:776
[  542494ms] [LOG] [Fast Refresh] done in 91ms @ http://localhost:3000/_next/static/chunks/node_modules_next_dist_1e8vcs8._.js:776
[  542551ms] [LOG] [Fast Refresh] done in 91ms @ http://localhost:3000/_next/static/chunks/node_modules_next_dist_1e8vcs8._.js:776
[  542607ms] [LOG] [Fast Refresh] done in 91ms @ http://localhost:3000/_next/static/chunks/node_modules_next_dist_1e8vcs8._.js:776
[  542649ms] [LOG] [Fast Refresh] done in 91ms @ http://localhost:3000/_next/static/chunks/node_modules_next_dist_1e8vcs8._.js:776
[  542706ms] [LOG] [Fast Refresh] done in 91ms @ http://localhost:3000/_next/static/chunks/node_modules_next_dist_1e8vcs8._.js:776
[  542757ms] [LOG] [Fast Refresh] done in 91ms @ http://localhost:3000/_next/static/chunks/node_modules_next_dist_1e8vcs8._.js:776
[  542803ms] [LOG] [Fast Refresh] done in 91ms @ http://localhost:3000/_next/static/chunks/node_modules_next_dist_1e8vcs8._.js:776
[  542848ms] [LOG] [Fast Refresh] done in 91ms @ http://localhost:3000/_next/static/chunks/node_modules_next_dist_1e8vcs8._.js:776
[  542898ms] [LOG] [Fast Refresh] done in 91ms @ http://localhost:3000/_next/static/chunks/node_modules_next_dist_1e8vcs8._.js:776
[  542948ms] [LOG] [Fast Refresh] done in 91ms @ http://localhost:3000/_next/static/chunks/node_modules_next_dist_1e8vcs8._.js:776
[  543001ms] [LOG] [Fast Refresh] done in 91ms @ http://localhost:3000/_next/static/chunks/node_modules_next_dist_1e8vcs8._.js:776
[  543048ms] [LOG] [Fast Refresh] done in 91ms @ http://localhost:3000/_next/static/chunks/node_modules_next_dist_1e8vcs8._.js:776
[  543107ms] [LOG] [Fast Refresh] done in 91ms @ http://localhost:3000/_next/static/chunks/node_modules_next_dist_1e8vcs8._.js:776
[  543152ms] [LOG] [Fast Refresh] done in 91ms @ http://localhost:3000/_next/static/chunks/node_modules_next_dist_1e8vcs8._.js:776
[  543200ms] [LOG] [Fast Refresh] done in 91ms @ http://localhost:3000/_next/static/chunks/node_modules_next_dist_1e8vcs8._.js:776
[  543244ms] [LOG] [Fast Refresh] done in 91ms @ http://localhost:3000/_next/static/chunks/node_modules_next_dist_1e8vcs8._.js:776
[  543300ms] [LOG] [Fast Refresh] done in 91ms @ http://localhost:3000/_next/static/chunks/node_modules_next_dist_1e8vcs8._.js:776
[  543341ms] [LOG] [Fast Refresh] done in 91ms @ http://localhost:3000/_next/static/chunks/node_modules_next_dist_1e8vcs8._.js:776
[  543385ms] [LOG] [Fast Refresh] done in 91ms @ http://localhost:3000/_next/static/chunks/node_modules_next_dist_1e8vcs8._.js:776
[  543440ms] [LOG] [Fast Refresh] done in 91ms @ http://localhost:3000/_next/static/chunks/node_modules_next_dist_1e8vcs8._.js:776
[  543486ms] [LOG] [Fast Refresh] done in 91ms @ http://localhost:3000/_next/static/chunks/node_modules_next_dist_1e8vcs8._.js:776
[  543547ms] [LOG] [Fast Refresh] done in 91ms @ http://localhost:3000/_next/static/chunks/node_modules_next_dist_1e8vcs8._.js:776
[  543601ms] [LOG] [Fast Refresh] done in 91ms @ http://localhost:3000/_next/static/chunks/node_modules_next_dist_1e8vcs8._.js:776
[  543644ms] [LOG] [Fast Refresh] done in 91ms @ http://localhost:3000/_next/static/chunks/node_modules_next_dist_1e8vcs8._.js:776
[  543692ms] [LOG] [Fast Refresh] done in 91ms @ http://localhost:3000/_next/static/chunks/node_modules_next_dist_1e8vcs8._.js:776
[  543749ms] [LOG] [Fast Refresh] done in 91ms @ http://localhost:3000/_next/static/chunks/node_modules_next_dist_1e8vcs8._.js:776
[  543797ms] [LOG] [Fast Refresh] done in 91ms @ http://localhost:3000/_next/static/chunks/node_modules_next_dist_1e8vcs8._.js:776
[  543836ms] [LOG] [Fast Refresh] done in 91ms @ http://localhost:3000/_next/static/chunks/node_modules_next_dist_1e8vcs8._.js:776
[  543886ms] [LOG] [Fast Refresh] done in 91ms @ http://localhost:3000/_next/static/chunks/node_modules_next_dist_1e8vcs8._.js:776
[  543935ms] [LOG] [Fast Refresh] done in 91ms @ http://localhost:3000/_next/static/chunks/node_modules_next_dist_1e8vcs8._.js:776
[  543994ms] [LOG] [Fast Refresh] done in 91ms @ http://localhost:3000/_next/static/chunks/node_modules_next_dist_1e8vcs8._.js:776
[  544043ms] [LOG] [Fast Refresh] done in 91ms @ http://localhost:3000/_next/static/chunks/node_modules_next_dist_1e8vcs8._.js:776
[  544083ms] [LOG] [Fast Refresh] done in 91ms @ http://localhost:3000/_next/static/chunks/node_modules_next_dist_1e8vcs8._.js:776
[  544125ms] [LOG] [Fast Refresh] done in 91ms @ http://localhost:3000/_next/static/chunks/node_modules_next_dist_1e8vcs8._.js:776
[  544167ms] [LOG] [Fast Refresh] done in 91ms @ http://localhost:3000/_next/static/chunks/node_modules_next_dist_1e8vcs8._.js:776
[  544217ms] [LOG] [Fast Refresh] done in 91ms @ http://localhost:3000/_next/static/chunks/node_modules_next_dist_1e8vcs8._.js:776
[  544258ms] [LOG] [Fast Refresh] done in 91ms @ http://localhost:3000/_next/static/chunks/node_modules_next_dist_1e8vcs8._.js:776
[  544307ms] [LOG] [Fast Refresh] done in 91ms @ http://localhost:3000/_next/static/chunks/node_modules_next_dist_1e8vcs8._.js:776
[  544358ms] [LOG] [Fast Refresh] done in 91ms @ http://localhost:3000/_next/static/chunks/node_modules_next_dist_1e8vcs8._.js:776
[  544408ms] [LOG] [Fast Refresh] done in 91ms @ http://localhost:3000/_next/static/chunks/node_modules_next_dist_1e8vcs8._.js:776
[  544459ms] [LOG] [Fast Refresh] done in 91ms @ http://localhost:3000/_next/static/chunks/node_modules_next_dist_1e8vcs8._.js:776
[  544523ms] [LOG] [Fast Refresh] done in 91ms @ http://localhost:3000/_next/static/chunks/node_modules_next_dist_1e8vcs8._.js:776
[  544574ms] [LOG] [Fast Refresh] done in 91ms @ http://localhost:3000/_next/static/chunks/node_modules_next_dist_1e8vcs8._.js:776
[  544616ms] [LOG] [Fast Refresh] done in 91ms @ http://localhost:3000/_next/static/chunks/node_modules_next_dist_1e8vcs8._.js:776
[  544668ms] [LOG] [Fast Refresh] done in 91ms @ http://localhost:3000/_next/static/chunks/node_modules_next_dist_1e8vcs8._.js:776
[  544715ms] [LOG] [Fast Refresh] done in 91ms @ http://localhost:3000/_next/static/chunks/node_modules_next_dist_1e8vcs8._.js:776
[  544764ms] [LOG] [Fast Refresh] done in 91ms @ http://localhost:3000/_next/static/chunks/node_modules_next_dist_1e8vcs8._.js:776
[  544807ms] [LOG] [Fast Refresh] done in 91ms @ http://localhost:3000/_next/static/chunks/node_modules_next_dist_1e8vcs8._.js:776
[  544850ms] [LOG] [Fast Refresh] done in 91ms @ http://localhost:3000/_next/static/chunks/node_modules_next_dist_1e8vcs8._.js:776
[  544905ms] [LOG] [Fast Refresh] done in 91ms @ http://localhost:3000/_next/static/chunks/node_modules_next_dist_1e8vcs8._.js:776
[  544955ms] [LOG] [Fast Refresh] done in 91ms @ http://localhost:3000/_next/static/chunks/node_modules_next_dist_1e8vcs8._.js:776
[  545006ms] [LOG] [Fast Refresh] done in 91ms @ http://localhost:3000/_next/static/chunks/node_modules_next_dist_1e8vcs8._.js:776
[  545057ms] [LOG] [Fast Refresh] done in 91ms @ http://localhost:3000/_next/static/chunks/node_modules_next_dist_1e8vcs8._.js:776
[  545104ms] [LOG] [Fast Refresh] done in 91ms @ http://localhost:3000/_next/static/chunks/node_modules_next_dist_1e8vcs8._.js:776
[  545151ms] [LOG] [Fast Refresh] done in 91ms @ http://localhost:3000/_next/static/chunks/node_modules_next_dist_1e8vcs8._.js:776
[  545200ms] [LOG] [Fast Refresh] done in 91ms @ http://localhost:3000/_next/static/chunks/node_modules_next_dist_1e8vcs8._.js:776
[  545249ms] [LOG] [Fast Refresh] done in 91ms @ http://localhost:3000/_next/static/chunks/node_modules_next_dist_1e8vcs8._.js:776
[  545298ms] [LOG] [Fast Refresh] done in 91ms @ http://localhost:3000/_next/static/chunks/node_modules_next_dist_1e8vcs8._.js:776
[  545348ms] [LOG] [Fast Refresh] done in 91ms @ http://localhost:3000/_next/static/chunks/node_modules_next_dist_1e8vcs8._.js:776
[  545398ms] [LOG] [Fast Refresh] done in 91ms @ http://localhost:3000/_next/static/chunks/node_modules_next_dist_1e8vcs8._.js:776
[  545457ms] [LOG] [Fast Refresh] done in 91ms @ http://localhost:3000/_next/static/chunks/node_modules_next_dist_1e8vcs8._.js:776
[  545503ms] [LOG] [Fast Refresh] done in 91ms @ http://localhost:3000/_next/static/chunks/node_modules_next_dist_1e8vcs8._.js:776
[  545557ms] [LOG] [Fast Refresh] done in 91ms @ http://localhost:3000/_next/static/chunks/node_modules_next_dist_1e8vcs8._.js:776
[  545604ms] [LOG] [Fast Refresh] done in 91ms @ http://localhost:3000/_next/static/chunks/node_modules_next_dist_1e8vcs8._.js:776
[  545657ms] [LOG] [Fast Refresh] done in 91ms @ http://localhost:3000/_next/static/chunks/node_modules_next_dist_1e8vcs8._.js:776
[  545701ms] [LOG] [Fast Refresh] done in 91ms @ http://localhost:3000/_next/static/chunks/node_modules_next_dist_1e8vcs8._.js:776
[  545755ms] [LOG] [Fast Refresh] done in 91ms @ http://localhost:3000/_next/static/chunks/node_modules_next_dist_1e8vcs8._.js:776
[  545803ms] [LOG] [Fast Refresh] done in 91ms @ http://localhost:3000/_next/static/chunks/node_modules_next_dist_1e8vcs8._.js:776
[  545852ms] [LOG] [Fast Refresh] done in 91ms @ http://localhost:3000/_next/static/chunks/node_modules_next_dist_1e8vcs8._.js:776
[  545908ms] [LOG] [Fast Refresh] done in 91ms @ http://localhost:3000/_next/static/chunks/node_modules_next_dist_1e8vcs8._.js:776
[  545954ms] [LOG] [Fast Refresh] done in 91ms @ http://localhost:3000/_next/static/chunks/node_modules_next_dist_1e8vcs8._.js:776
[  546005ms] [LOG] [Fast Refresh] done in 91ms @ http://localhost:3000/_next/static/chunks/node_modules_next_dist_1e8vcs8._.js:776
[  546063ms] [LOG] [Fast Refresh] done in 91ms @ http://localhost:3000/_next/static/chunks/node_modules_next_dist_1e8vcs8._.js:776
[  564933ms] [LOG] [HMR] connected @ http://localhost:3000/_next/static/chunks/node_modules_next_dist_1e8vcs8._.js:776
[  575665ms] [INFO] %cDownload the React DevTools for a better development experience: https://react.dev/link/react-devtools font-weight:bold @ http://localhost:3000/_next/static/chunks/node_modules_next_dist_1e8vcs8._.js:776
[  575821ms] [LOG] [HMR] connected @ http://localhost:3000/_next/static/chunks/node_modules_next_dist_1e8vcs8._.js:776
