[     198ms] [INFO] %cDownload the React DevTools for a better development experience: https://react.dev/link/react-devtools font-weight:bold @ http://localhost:3000/_next/static/chunks/node_modules_next_dist_1e8vcs8._.js:776
[     235ms] [LOG] [HMR] connected @ http://localhost:3000/_next/static/chunks/node_modules_next_dist_1e8vcs8._.js:776
[   49767ms] [LOG] [Fast Refresh] rebuilding @ http://localhost:3000/_next/static/chunks/node_modules_next_dist_1e8vcs8._.js:776
[   49872ms] [LOG] [Fast Refresh] done in 204ms @ http://localhost:3000/_next/static/chunks/node_modules_next_dist_1e8vcs8._.js:776
[   49971ms] [LOG] [Fast Refresh] done in 204ms @ http://localhost:3000/_next/static/chunks/node_modules_next_dist_1e8vcs8._.js:776
[   50053ms] [LOG] [Fast Refresh] done in 204ms @ http://localhost:3000/_next/static/chunks/node_modules_next_dist_1e8vcs8._.js:776
[   50113ms] [LOG] [Fast Refresh] done in 204ms @ http://localhost:3000/_next/static/chunks/node_modules_next_dist_1e8vcs8._.js:776
[   50152ms] [LOG] [Fast Refresh] done in 204ms @ http://localhost:3000/_next/static/chunks/node_modules_next_dist_1e8vcs8._.js:776
[   50218ms] [LOG] [Fast Refresh] done in 204ms @ http://localhost:3000/_next/static/chunks/node_modules_next_dist_1e8vcs8._.js:776
[   50268ms] [LOG] [Fast Refresh] done in 204ms @ http://localhost:3000/_next/static/chunks/node_modules_next_dist_1e8vcs8._.js:776
[   50318ms] [LOG] [Fast Refresh] done in 204ms @ http://localhost:3000/_next/static/chunks/node_modules_next_dist_1e8vcs8._.js:776
[   50368ms] [LOG] [Fast Refresh] done in 204ms @ http://localhost:3000/_next/static/chunks/node_modules_next_dist_1e8vcs8._.js:776
[   50431ms] [LOG] [Fast Refresh] done in 204ms @ http://localhost:3000/_next/static/chunks/node_modules_next_dist_1e8vcs8._.js:776
[   50474ms] [LOG] [Fast Refresh] done in 204ms @ http://localhost:3000/_next/static/chunks/node_modules_next_dist_1e8vcs8._.js:776
[   50516ms] [LOG] [Fast Refresh] done in 204ms @ http://localhost:3000/_next/static/chunks/node_modules_next_dist_1e8vcs8._.js:776
[   50565ms] [LOG] [Fast Refresh] done in 204ms @ http://localhost:3000/_next/static/chunks/node_modules_next_dist_1e8vcs8._.js:776
[   50615ms] [LOG] [Fast Refresh] done in 204ms @ http://localhost:3000/_next/static/chunks/node_modules_next_dist_1e8vcs8._.js:776
[   50665ms] [LOG] [Fast Refresh] done in 204ms @ http://localhost:3000/_next/static/chunks/node_modules_next_dist_1e8vcs8._.js:776
[   50713ms] [LOG] [Fast Refresh] done in 204ms @ http://localhost:3000/_next/static/chunks/node_modules_next_dist_1e8vcs8._.js:776
[   50755ms] [LOG] [Fast Refresh] done in 204ms @ http://localhost:3000/_next/static/chunks/node_modules_next_dist_1e8vcs8._.js:776
[   50812ms] [LOG] [Fast Refresh] done in 204ms @ http://localhost:3000/_next/static/chunks/node_modules_next_dist_1e8vcs8._.js:776
[   50864ms] [LOG] [Fast Refresh] done in 204ms @ http://localhost:3000/_next/static/chunks/node_modules_next_dist_1e8vcs8._.js:776
[   50919ms] [LOG] [Fast Refresh] done in 204ms @ http://localhost:3000/_next/static/chunks/node_modules_next_dist_1e8vcs8._.js:776
[   50980ms] [LOG] [Fast Refresh] done in 204ms @ http://localhost:3000/_next/static/chunks/node_modules_next_dist_1e8vcs8._.js:776
[   51018ms] [LOG] [Fast Refresh] done in 204ms @ http://localhost:3000/_next/static/chunks/node_modules_next_dist_1e8vcs8._.js:776
[   51081ms] [LOG] [Fast Refresh] done in 204ms @ http://localhost:3000/_next/static/chunks/node_modules_next_dist_1e8vcs8._.js:776
[   51135ms] [LOG] [Fast Refresh] done in 204ms @ http://localhost:3000/_next/static/chunks/node_modules_next_dist_1e8vcs8._.js:776
[   51191ms] [LOG] [Fast Refresh] done in 204ms @ http://localhost:3000/_next/static/chunks/node_modules_next_dist_1e8vcs8._.js:776
[   51263ms] [LOG] [Fast Refresh] done in 204ms @ http://localhost:3000/_next/static/chunks/node_modules_next_dist_1e8vcs8._.js:776
[   51317ms] [LOG] [Fast Refresh] done in 204ms @ http://localhost:3000/_next/static/chunks/node_modules_next_dist_1e8vcs8._.js:776
[   51367ms] [LOG] [Fast Refresh] done in 204ms @ http://localhost:3000/_next/static/chunks/node_modules_next_dist_1e8vcs8._.js:776
[   51419ms] [LOG] [Fast Refresh] done in 204ms @ http://localhost:3000/_next/static/chunks/node_modules_next_dist_1e8vcs8._.js:776
[   51469ms] [LOG] [Fast Refresh] done in 204ms @ http://localhost:3000/_next/static/chunks/node_modules_next_dist_1e8vcs8._.js:776
[   51520ms] [LOG] [Fast Refresh] done in 204ms @ http://localhost:3000/_next/static/chunks/node_modules_next_dist_1e8vcs8._.js:776
[   51568ms] [LOG] [Fast Refresh] done in 204ms @ http://localhost:3000/_next/static/chunks/node_modules_next_dist_1e8vcs8._.js:776
[   51618ms] [LOG] [Fast Refresh] done in 204ms @ http://localhost:3000/_next/static/chunks/node_modules_next_dist_1e8vcs8._.js:776
[   51668ms] [LOG] [Fast Refresh] done in 204ms @ http://localhost:3000/_next/static/chunks/node_modules_next_dist_1e8vcs8._.js:776
[   51718ms] [LOG] [Fast Refresh] done in 204ms @ http://localhost:3000/_next/static/chunks/node_modules_next_dist_1e8vcs8._.js:776
[   51767ms] [LOG] [Fast Refresh] done in 204ms @ http://localhost:3000/_next/static/chunks/node_modules_next_dist_1e8vcs8._.js:776
[   51817ms] [LOG] [Fast Refresh] done in 204ms @ http://localhost:3000/_next/static/chunks/node_modules_next_dist_1e8vcs8._.js:776
[   51865ms] [LOG] [Fast Refresh] done in 204ms @ http://localhost:3000/_next/static/chunks/node_modules_next_dist_1e8vcs8._.js:776
[   51915ms] [LOG] [Fast Refresh] done in 204ms @ http://localhost:3000/_next/static/chunks/node_modules_next_dist_1e8vcs8._.js:776
[   51957ms] [LOG] [Fast Refresh] done in 204ms @ http://localhost:3000/_next/static/chunks/node_modules_next_dist_1e8vcs8._.js:776
[   52016ms] [LOG] [Fast Refresh] done in 204ms @ http://localhost:3000/_next/static/chunks/node_modules_next_dist_1e8vcs8._.js:776
[   52068ms] [LOG] [Fast Refresh] done in 204ms @ http://localhost:3000/_next/static/chunks/node_modules_next_dist_1e8vcs8._.js:776
[   52113ms] [LOG] [Fast Refresh] done in 204ms @ http://localhost:3000/_next/static/chunks/node_modules_next_dist_1e8vcs8._.js:776
[   52170ms] [LOG] [Fast Refresh] done in 204ms @ http://localhost:3000/_next/static/chunks/node_modules_next_dist_1e8vcs8._.js:776
[   52214ms] [LOG] [Fast Refresh] done in 204ms @ http://localhost:3000/_next/static/chunks/node_modules_next_dist_1e8vcs8._.js:776
[   52264ms] [LOG] [Fast Refresh] done in 204ms @ http://localhost:3000/_next/static/chunks/node_modules_next_dist_1e8vcs8._.js:776
[   52318ms] [LOG] [Fast Refresh] done in 204ms @ http://localhost:3000/_next/static/chunks/node_modules_next_dist_1e8vcs8._.js:776
[   52374ms] [LOG] [Fast Refresh] done in 204ms @ http://localhost:3000/_next/static/chunks/node_modules_next_dist_1e8vcs8._.js:776
[   52417ms] [LOG] [Fast Refresh] done in 204ms @ http://localhost:3000/_next/static/chunks/node_modules_next_dist_1e8vcs8._.js:776
[   52479ms] [LOG] [Fast Refresh] done in 204ms @ http://localhost:3000/_next/static/chunks/node_modules_next_dist_1e8vcs8._.js:776
[   52518ms] [LOG] [Fast Refresh] done in 204ms @ http://localhost:3000/_next/static/chunks/node_modules_next_dist_1e8vcs8._.js:776
[   52568ms] [LOG] [Fast Refresh] done in 204ms @ http://localhost:3000/_next/static/chunks/node_modules_next_dist_1e8vcs8._.js:776
[   52618ms] [LOG] [Fast Refresh] done in 204ms @ http://localhost:3000/_next/static/chunks/node_modules_next_dist_1e8vcs8._.js:776
[   52668ms] [LOG] [Fast Refresh] done in 204ms @ http://localhost:3000/_next/static/chunks/node_modules_next_dist_1e8vcs8._.js:776
[   52718ms] [LOG] [Fast Refresh] done in 204ms @ http://localhost:3000/_next/static/chunks/node_modules_next_dist_1e8vcs8._.js:776
[   52762ms] [LOG] [Fast Refresh] done in 204ms @ http://localhost:3000/_next/static/chunks/node_modules_next_dist_1e8vcs8._.js:776
[   52813ms] [LOG] [Fast Refresh] done in 204ms @ http://localhost:3000/_next/static/chunks/node_modules_next_dist_1e8vcs8._.js:776
[   52865ms] [LOG] [Fast Refresh] done in 204ms @ http://localhost:3000/_next/static/chunks/node_modules_next_dist_1e8vcs8._.js:776
[   52913ms] [LOG] [Fast Refresh] done in 204ms @ http://localhost:3000/_next/static/chunks/node_modules_next_dist_1e8vcs8._.js:776
[   52964ms] [LOG] [Fast Refresh] done in 204ms @ http://localhost:3000/_next/static/chunks/node_modules_next_dist_1e8vcs8._.js:776
[   53005ms] [LOG] [Fast Refresh] done in 204ms @ http://localhost:3000/_next/static/chunks/node_modules_next_dist_1e8vcs8._.js:776
[   53055ms] [LOG] [Fast Refresh] done in 204ms @ http://localhost:3000/_next/static/chunks/node_modules_next_dist_1e8vcs8._.js:776
[   53113ms] [LOG] [Fast Refresh] done in 204ms @ http://localhost:3000/_next/static/chunks/node_modules_next_dist_1e8vcs8._.js:776
[   53164ms] [LOG] [Fast Refresh] done in 204ms @ http://localhost:3000/_next/static/chunks/node_modules_next_dist_1e8vcs8._.js:776
[   53206ms] [LOG] [Fast Refresh] done in 204ms @ http://localhost:3000/_next/static/chunks/node_modules_next_dist_1e8vcs8._.js:776
[   53247ms] [LOG] [Fast Refresh] done in 204ms @ http://localhost:3000/_next/static/chunks/node_modules_next_dist_1e8vcs8._.js:776
[   53289ms] [LOG] [Fast Refresh] done in 204ms @ http://localhost:3000/_next/static/chunks/node_modules_next_dist_1e8vcs8._.js:776
[   53338ms] [LOG] [Fast Refresh] done in 204ms @ http://localhost:3000/_next/static/chunks/node_modules_next_dist_1e8vcs8._.js:776
[   53381ms] [LOG] [Fast Refresh] done in 204ms @ http://localhost:3000/_next/static/chunks/node_modules_next_dist_1e8vcs8._.js:776
[   53430ms] [LOG] [Fast Refresh] done in 204ms @ http://localhost:3000/_next/static/chunks/node_modules_next_dist_1e8vcs8._.js:776
[   53473ms] [LOG] [Fast Refresh] done in 204ms @ http://localhost:3000/_next/static/chunks/node_modules_next_dist_1e8vcs8._.js:776
[   53531ms] [LOG] [Fast Refresh] done in 204ms @ http://localhost:3000/_next/static/chunks/node_modules_next_dist_1e8vcs8._.js:776
[   53580ms] [LOG] [Fast Refresh] done in 204ms @ http://localhost:3000/_next/static/chunks/node_modules_next_dist_1e8vcs8._.js:776
[   53646ms] [LOG] [Fast Refresh] done in 204ms @ http://localhost:3000/_next/static/chunks/node_modules_next_dist_1e8vcs8._.js:776
[   53687ms] [LOG] [Fast Refresh] done in 204ms @ http://localhost:3000/_next/static/chunks/node_modules_next_dist_1e8vcs8._.js:776
[   53730ms] [LOG] [Fast Refresh] done in 204ms @ http://localhost:3000/_next/static/chunks/node_modules_next_dist_1e8vcs8._.js:776
[   53780ms] [LOG] [Fast Refresh] done in 204ms @ http://localhost:3000/_next/static/chunks/node_modules_next_dist_1e8vcs8._.js:776
[   68551ms] [LOG] [Fast Refresh] rebuilding @ http://localhost:3000/_next/static/chunks/node_modules_next_dist_1e8vcs8._.js:776
[   68635ms] [LOG] [Fast Refresh] done in 125ms @ http://localhost:3000/_next/static/chunks/node_modules_next_dist_1e8vcs8._.js:776
[   68802ms] [LOG] [Fast Refresh] done in 125ms @ http://localhost:3000/_next/static/chunks/node_modules_next_dist_1e8vcs8._.js:776
[   68851ms] [LOG] [Fast Refresh] done in 125ms @ http://localhost:3000/_next/static/chunks/node_modules_next_dist_1e8vcs8._.js:776
[   68900ms] [LOG] [Fast Refresh] done in 125ms @ http://localhost:3000/_next/static/chunks/node_modules_next_dist_1e8vcs8._.js:776
[   68966ms] [LOG] [Fast Refresh] done in 125ms @ http://localhost:3000/_next/static/chunks/node_modules_next_dist_1e8vcs8._.js:776
[   69006ms] [LOG] [Fast Refresh] done in 125ms @ http://localhost:3000/_next/static/chunks/node_modules_next_dist_1e8vcs8._.js:776
[   69066ms] [LOG] [Fast Refresh] done in 125ms @ http://localhost:3000/_next/static/chunks/node_modules_next_dist_1e8vcs8._.js:776
[   69118ms] [LOG] [Fast Refresh] done in 125ms @ http://localhost:3000/_next/static/chunks/node_modules_next_dist_1e8vcs8._.js:776
[   69182ms] [LOG] [Fast Refresh] done in 125ms @ http://localhost:3000/_next/static/chunks/node_modules_next_dist_1e8vcs8._.js:776
[   69240ms] [LOG] [Fast Refresh] done in 125ms @ http://localhost:3000/_next/static/chunks/node_modules_next_dist_1e8vcs8._.js:776
[   69282ms] [LOG] [Fast Refresh] done in 125ms @ http://localhost:3000/_next/static/chunks/node_modules_next_dist_1e8vcs8._.js:776
[   69332ms] [LOG] [Fast Refresh] done in 125ms @ http://localhost:3000/_next/static/chunks/node_modules_next_dist_1e8vcs8._.js:776
[   69388ms] [LOG] [Fast Refresh] done in 125ms @ http://localhost:3000/_next/static/chunks/node_modules_next_dist_1e8vcs8._.js:776
[   69441ms] [LOG] [Fast Refresh] done in 125ms @ http://localhost:3000/_next/static/chunks/node_modules_next_dist_1e8vcs8._.js:776
[   69487ms] [LOG] [Fast Refresh] done in 125ms @ http://localhost:3000/_next/static/chunks/node_modules_next_dist_1e8vcs8._.js:776
[   69534ms] [LOG] [Fast Refresh] done in 125ms @ http://localhost:3000/_next/static/chunks/node_modules_next_dist_1e8vcs8._.js:776
[   69585ms] [LOG] [Fast Refresh] done in 125ms @ http://localhost:3000/_next/static/chunks/node_modules_next_dist_1e8vcs8._.js:776
[   69634ms] [LOG] [Fast Refresh] done in 125ms @ http://localhost:3000/_next/static/chunks/node_modules_next_dist_1e8vcs8._.js:776
[   69719ms] [LOG] [Fast Refresh] done in 125ms @ http://localhost:3000/_next/static/chunks/node_modules_next_dist_1e8vcs8._.js:776
[   69768ms] [LOG] [Fast Refresh] done in 125ms @ http://localhost:3000/_next/static/chunks/node_modules_next_dist_1e8vcs8._.js:776
[   69827ms] [LOG] [Fast Refresh] done in 125ms @ http://localhost:3000/_next/static/chunks/node_modules_next_dist_1e8vcs8._.js:776
[   69867ms] [LOG] [Fast Refresh] done in 125ms @ http://localhost:3000/_next/static/chunks/node_modules_next_dist_1e8vcs8._.js:776
[   69912ms] [LOG] [Fast Refresh] done in 125ms @ http://localhost:3000/_next/static/chunks/node_modules_next_dist_1e8vcs8._.js:776
[   69952ms] [LOG] [Fast Refresh] done in 125ms @ http://localhost:3000/_next/static/chunks/node_modules_next_dist_1e8vcs8._.js:776
[   70002ms] [LOG] [Fast Refresh] done in 125ms @ http://localhost:3000/_next/static/chunks/node_modules_next_dist_1e8vcs8._.js:776
[   70063ms] [LOG] [Fast Refresh] done in 125ms @ http://localhost:3000/_next/static/chunks/node_modules_next_dist_1e8vcs8._.js:776
[   70115ms] [LOG] [Fast Refresh] done in 125ms @ http://localhost:3000/_next/static/chunks/node_modules_next_dist_1e8vcs8._.js:776
[   70156ms] [LOG] [Fast Refresh] done in 125ms @ http://localhost:3000/_next/static/chunks/node_modules_next_dist_1e8vcs8._.js:776
[   70198ms] [LOG] [Fast Refresh] done in 125ms @ http://localhost:3000/_next/static/chunks/node_modules_next_dist_1e8vcs8._.js:776
[   70239ms] [LOG] [Fast Refresh] done in 125ms @ http://localhost:3000/_next/static/chunks/node_modules_next_dist_1e8vcs8._.js:776
[   70288ms] [LOG] [Fast Refresh] done in 125ms @ http://localhost:3000/_next/static/chunks/node_modules_next_dist_1e8vcs8._.js:776
[   70337ms] [LOG] [Fast Refresh] done in 125ms @ http://localhost:3000/_next/static/chunks/node_modules_next_dist_1e8vcs8._.js:776
[   70386ms] [LOG] [Fast Refresh] done in 125ms @ http://localhost:3000/_next/static/chunks/node_modules_next_dist_1e8vcs8._.js:776
[   70430ms] [LOG] [Fast Refresh] done in 125ms @ http://localhost:3000/_next/static/chunks/node_modules_next_dist_1e8vcs8._.js:776
[   70470ms] [LOG] [Fast Refresh] done in 125ms @ http://localhost:3000/_next/static/chunks/node_modules_next_dist_1e8vcs8._.js:776
[   70513ms] [LOG] [Fast Refresh] done in 125ms @ http://localhost:3000/_next/static/chunks/node_modules_next_dist_1e8vcs8._.js:776
[   70563ms] [LOG] [Fast Refresh] done in 125ms @ http://localhost:3000/_next/static/chunks/node_modules_next_dist_1e8vcs8._.js:776
[   70617ms] [LOG] [Fast Refresh] done in 125ms @ http://localhost:3000/_next/static/chunks/node_modules_next_dist_1e8vcs8._.js:776
[   70666ms] [LOG] [Fast Refresh] done in 125ms @ http://localhost:3000/_next/static/chunks/node_modules_next_dist_1e8vcs8._.js:776
[   70716ms] [LOG] [Fast Refresh] done in 125ms @ http://localhost:3000/_next/static/chunks/node_modules_next_dist_1e8vcs8._.js:776
[   70766ms] [LOG] [Fast Refresh] done in 125ms @ http://localhost:3000/_next/static/chunks/node_modules_next_dist_1e8vcs8._.js:776
[   70806ms] [LOG] [Fast Refresh] done in 125ms @ http://localhost:3000/_next/static/chunks/node_modules_next_dist_1e8vcs8._.js:776
[   70848ms] [LOG] [Fast Refresh] done in 125ms @ http://localhost:3000/_next/static/chunks/node_modules_next_dist_1e8vcs8._.js:776
[   70898ms] [LOG] [Fast Refresh] done in 125ms @ http://localhost:3000/_next/static/chunks/node_modules_next_dist_1e8vcs8._.js:776
[   70947ms] [LOG] [Fast Refresh] done in 125ms @ http://localhost:3000/_next/static/chunks/node_modules_next_dist_1e8vcs8._.js:776
[   70992ms] [LOG] [Fast Refresh] done in 125ms @ http://localhost:3000/_next/static/chunks/node_modules_next_dist_1e8vcs8._.js:776
[   71053ms] [LOG] [Fast Refresh] done in 125ms @ http://localhost:3000/_next/static/chunks/node_modules_next_dist_1e8vcs8._.js:776
[   71113ms] [LOG] [Fast Refresh] done in 125ms @ http://localhost:3000/_next/static/chunks/node_modules_next_dist_1e8vcs8._.js:776
[   71164ms] [LOG] [Fast Refresh] done in 125ms @ http://localhost:3000/_next/static/chunks/node_modules_next_dist_1e8vcs8._.js:776
[   71218ms] [LOG] [Fast Refresh] done in 125ms @ http://localhost:3000/_next/static/chunks/node_modules_next_dist_1e8vcs8._.js:776
[   71266ms] [LOG] [Fast Refresh] done in 125ms @ http://localhost:3000/_next/static/chunks/node_modules_next_dist_1e8vcs8._.js:776
[   71308ms] [LOG] [Fast Refresh] done in 125ms @ http://localhost:3000/_next/static/chunks/node_modules_next_dist_1e8vcs8._.js:776
[   71348ms] [LOG] [Fast Refresh] done in 125ms @ http://localhost:3000/_next/static/chunks/node_modules_next_dist_1e8vcs8._.js:776
[   71396ms] [LOG] [Fast Refresh] done in 125ms @ http://localhost:3000/_next/static/chunks/node_modules_next_dist_1e8vcs8._.js:776
[   71434ms] [LOG] [Fast Refresh] done in 125ms @ http://localhost:3000/_next/static/chunks/node_modules_next_dist_1e8vcs8._.js:776
[   71483ms] [LOG] [Fast Refresh] done in 125ms @ http://localhost:3000/_next/static/chunks/node_modules_next_dist_1e8vcs8._.js:776
[   71523ms] [LOG] [Fast Refresh] done in 125ms @ http://localhost:3000/_next/static/chunks/node_modules_next_dist_1e8vcs8._.js:776
[   71565ms] [LOG] [Fast Refresh] done in 125ms @ http://localhost:3000/_next/static/chunks/node_modules_next_dist_1e8vcs8._.js:776
[   71607ms] [LOG] [Fast Refresh] done in 125ms @ http://localhost:3000/_next/static/chunks/node_modules_next_dist_1e8vcs8._.js:776
[   71657ms] [LOG] [Fast Refresh] done in 125ms @ http://localhost:3000/_next/static/chunks/node_modules_next_dist_1e8vcs8._.js:776
[   71698ms] [LOG] [Fast Refresh] done in 125ms @ http://localhost:3000/_next/static/chunks/node_modules_next_dist_1e8vcs8._.js:776
[   71750ms] [LOG] [Fast Refresh] done in 125ms @ http://localhost:3000/_next/static/chunks/node_modules_next_dist_1e8vcs8._.js:776
[   71798ms] [LOG] [Fast Refresh] done in 125ms @ http://localhost:3000/_next/static/chunks/node_modules_next_dist_1e8vcs8._.js:776
[   71841ms] [LOG] [Fast Refresh] done in 125ms @ http://localhost:3000/_next/static/chunks/node_modules_next_dist_1e8vcs8._.js:776
[   71889ms] [LOG] [Fast Refresh] done in 125ms @ http://localhost:3000/_next/static/chunks/node_modules_next_dist_1e8vcs8._.js:776
[   71939ms] [LOG] [Fast Refresh] done in 125ms @ http://localhost:3000/_next/static/chunks/node_modules_next_dist_1e8vcs8._.js:776
[   71981ms] [LOG] [Fast Refresh] done in 125ms @ http://localhost:3000/_next/static/chunks/node_modules_next_dist_1e8vcs8._.js:776
[   72030ms] [LOG] [Fast Refresh] done in 125ms @ http://localhost:3000/_next/static/chunks/node_modules_next_dist_1e8vcs8._.js:776
[   72078ms] [LOG] [Fast Refresh] done in 125ms @ http://localhost:3000/_next/static/chunks/node_modules_next_dist_1e8vcs8._.js:776
[   72137ms] [LOG] [Fast Refresh] done in 125ms @ http://localhost:3000/_next/static/chunks/node_modules_next_dist_1e8vcs8._.js:776
[   72189ms] [LOG] [Fast Refresh] done in 125ms @ http://localhost:3000/_next/static/chunks/node_modules_next_dist_1e8vcs8._.js:776
[   72237ms] [LOG] [Fast Refresh] done in 125ms @ http://localhost:3000/_next/static/chunks/node_modules_next_dist_1e8vcs8._.js:776
[   72287ms] [LOG] [Fast Refresh] done in 125ms @ http://localhost:3000/_next/static/chunks/node_modules_next_dist_1e8vcs8._.js:776
[   72337ms] [LOG] [Fast Refresh] done in 125ms @ http://localhost:3000/_next/static/chunks/node_modules_next_dist_1e8vcs8._.js:776
[   72390ms] [LOG] [Fast Refresh] done in 125ms @ http://localhost:3000/_next/static/chunks/node_modules_next_dist_1e8vcs8._.js:776
[   72439ms] [LOG] [Fast Refresh] done in 125ms @ http://localhost:3000/_next/static/chunks/node_modules_next_dist_1e8vcs8._.js:776
[   72482ms] [LOG] [Fast Refresh] done in 125ms @ http://localhost:3000/_next/static/chunks/node_modules_next_dist_1e8vcs8._.js:776
[   72526ms] [LOG] [Fast Refresh] done in 125ms @ http://localhost:3000/_next/static/chunks/node_modules_next_dist_1e8vcs8._.js:776
[   72589ms] [LOG] [Fast Refresh] done in 125ms @ http://localhost:3000/_next/static/chunks/node_modules_next_dist_1e8vcs8._.js:776
[   72640ms] [LOG] [Fast Refresh] done in 125ms @ http://localhost:3000/_next/static/chunks/node_modules_next_dist_1e8vcs8._.js:776
[   72687ms] [LOG] [Fast Refresh] done in 125ms @ http://localhost:3000/_next/static/chunks/node_modules_next_dist_1e8vcs8._.js:776
[   72736ms] [LOG] [Fast Refresh] done in 125ms @ http://localhost:3000/_next/static/chunks/node_modules_next_dist_1e8vcs8._.js:776
[   72784ms] [LOG] [Fast Refresh] done in 125ms @ http://localhost:3000/_next/static/chunks/node_modules_next_dist_1e8vcs8._.js:776
[   72833ms] [LOG] [Fast Refresh] done in 125ms @ http://localhost:3000/_next/static/chunks/node_modules_next_dist_1e8vcs8._.js:776
[   72883ms] [LOG] [Fast Refresh] done in 125ms @ http://localhost:3000/_next/static/chunks/node_modules_next_dist_1e8vcs8._.js:776
[   72933ms] [LOG] [Fast Refresh] done in 125ms @ http://localhost:3000/_next/static/chunks/node_modules_next_dist_1e8vcs8._.js:776
[   72984ms] [LOG] [Fast Refresh] done in 125ms @ http://localhost:3000/_next/static/chunks/node_modules_next_dist_1e8vcs8._.js:776
[   73032ms] [LOG] [Fast Refresh] done in 125ms @ http://localhost:3000/_next/static/chunks/node_modules_next_dist_1e8vcs8._.js:776
[   73134ms] [LOG] [Fast Refresh] done in 125ms @ http://localhost:3000/_next/static/chunks/node_modules_next_dist_1e8vcs8._.js:776
[   99823ms] [LOG] [Fast Refresh] rebuilding @ http://localhost:3000/_next/static/chunks/node_modules_next_dist_1e8vcs8._.js:776
[   99884ms] [LOG] [Fast Refresh] done in 159ms @ http://localhost:3000/_next/static/chunks/node_modules_next_dist_1e8vcs8._.js:776
[  130701ms] [LOG] [Fast Refresh] rebuilding @ http://localhost:3000/_next/static/chunks/node_modules_next_dist_1e8vcs8._.js:776
[  130786ms] [ERROR] ./app/onboarding/page.tsx:295:12
Error: Unexpected token. Did you mean `{'}'}` or `&rbrace;`?
  293 |               </div>
  294 |             </PantallaFunnel>
> 295 |           )}
      |            ^
  296 |
  297 |           {paso === 'loading' && plato && (
  298 |             <LoadingPlan

Parsing ecmascript source code failed

Import traces:
  Client Component Browser:
    ./app/onboarding/page.tsx [Client Component Browser]
    ./app/onboarding/page.tsx [Server Component]

  Client Component SSR:
    ./app/onboarding/page.tsx [Client Component SSR]
    ./app/onboarding/page.tsx [Server Component] @ http://localhost:3000/_next/static/chunks/node_modules_next_dist_1e8vcs8._.js:1052
[  130852ms] [ERROR] ./app/onboarding/page.tsx:295:12
Error: Unexpected token. Did you mean `{'}'}` or `&rbrace;`?
  293 |               </div>
  294 |             </PantallaFunnel>
> 295 |           )}
      |            ^
  296 |
  297 |           {paso === 'loading' && plato && (
  298 |             <LoadingPlan

Parsing ecmascript source code failed

Import traces:
  Client Component Browser:
    ./app/onboarding/page.tsx [Client Component Browser]
    ./app/onboarding/page.tsx [Server Component]

  Client Component SSR:
    ./app/onboarding/page.tsx [Client Component SSR]
    ./app/onboarding/page.tsx [Server Component] @ http://localhost:3000/_next/static/chunks/node_modules_next_dist_1e8vcs8._.js:1052
[  130968ms] [ERROR] ./app/onboarding/page.tsx:295:12
Error: Unexpected token. Did you mean `{'}'}` or `&rbrace;`?
  293 |               </div>
  294 |             </PantallaFunnel>
> 295 |           )}
      |            ^
  296 |
  297 |           {paso === 'loading' && plato && (
  298 |             <LoadingPlan

Parsing ecmascript source code failed

Import traces:
  Client Component Browser:
    ./app/onboarding/page.tsx [Client Component Browser]
    ./app/onboarding/page.tsx [Server Component]

  Client Component SSR:
    ./app/onboarding/page.tsx [Client Component SSR]
    ./app/onboarding/page.tsx [Server Component] @ http://localhost:3000/_next/static/chunks/node_modules_next_dist_1e8vcs8._.js:1052
[  131016ms] [ERROR] ./app/onboarding/page.tsx:295:12
Error: Unexpected token. Did you mean `{'}'}` or `&rbrace;`?
  293 |               </div>
  294 |             </PantallaFunnel>
> 295 |           )}
      |            ^
  296 |
  297 |           {paso === 'loading' && plato && (
  298 |             <LoadingPlan

Parsing ecmascript source code failed

Import traces:
  Client Component Browser:
    ./app/onboarding/page.tsx [Client Component Browser]
    ./app/onboarding/page.tsx [Server Component]

  Client Component SSR:
    ./app/onboarding/page.tsx [Client Component SSR]
    ./app/onboarding/page.tsx [Server Component] @ http://localhost:3000/_next/static/chunks/node_modules_next_dist_1e8vcs8._.js:1052
[  131078ms] [LOG] [Fast Refresh] rebuilding @ http://localhost:3000/_next/static/chunks/node_modules_next_dist_1e8vcs8._.js:776
[  131080ms] [ERROR] ./app/onboarding/page.tsx:295:12
Error: Unexpected token. Did you mean `{'}'}` or `&rbrace;`?
  293 |               </div>
  294 |             </PantallaFunnel>
> 295 |           )}
      |            ^
  296 |
  297 |           {paso === 'loading' && plato && (
  298 |             <LoadingPlan

Parsing ecmascript source code failed

Import traces:
  Client Component Browser:
    ./app/onboarding/page.tsx [Client Component Browser]
    ./app/onboarding/page.tsx [Server Component]

  Client Component SSR:
    ./app/onboarding/page.tsx [Client Component SSR]
    ./app/onboarding/page.tsx [Server Component] @ http://localhost:3000/_next/static/chunks/node_modules_next_dist_1e8vcs8._.js:1052
[  131123ms] [ERROR] ./app/onboarding/page.tsx:295:12
Error: Unexpected token. Did you mean `{'}'}` or `&rbrace;`?
  293 |               </div>
  294 |             </PantallaFunnel>
> 295 |           )}
      |            ^
  296 |
  297 |           {paso === 'loading' && plato && (
  298 |             <LoadingPlan

Parsing ecmascript source code failed

Import traces:
  Client Component Browser:
    ./app/onboarding/page.tsx [Client Component Browser]
    ./app/onboarding/page.tsx [Server Component]

  Client Component SSR:
    ./app/onboarding/page.tsx [Client Component SSR]
    ./app/onboarding/page.tsx [Server Component] @ http://localhost:3000/_next/static/chunks/node_modules_next_dist_1e8vcs8._.js:1052
[  131179ms] [ERROR] ./app/onboarding/page.tsx:295:12
Error: Unexpected token. Did you mean `{'}'}` or `&rbrace;`?
  293 |               </div>
  294 |             </PantallaFunnel>
> 295 |           )}
      |            ^
  296 |
  297 |           {paso === 'loading' && plato && (
  298 |             <LoadingPlan

Parsing ecmascript source code failed

Import traces:
  Client Component Browser:
    ./app/onboarding/page.tsx [Client Component Browser]
    ./app/onboarding/page.tsx [Server Component]

  Client Component SSR:
    ./app/onboarding/page.tsx [Client Component SSR]
    ./app/onboarding/page.tsx [Server Component] @ http://localhost:3000/_next/static/chunks/node_modules_next_dist_1e8vcs8._.js:1052
[  131234ms] [ERROR] ./app/onboarding/page.tsx:295:12
Error: Unexpected token. Did you mean `{'}'}` or `&rbrace;`?
  293 |               </div>
  294 |             </PantallaFunnel>
> 295 |           )}
      |            ^
  296 |
  297 |           {paso === 'loading' && plato && (
  298 |             <LoadingPlan

Parsing ecmascript source code failed

Import traces:
  Client Component Browser:
    ./app/onboarding/page.tsx [Client Component Browser]
    ./app/onboarding/page.tsx [Server Component]

  Client Component SSR:
    ./app/onboarding/page.tsx [Client Component SSR]
    ./app/onboarding/page.tsx [Server Component] @ http://localhost:3000/_next/static/chunks/node_modules_next_dist_1e8vcs8._.js:1052
[  131283ms] [ERROR] ./app/onboarding/page.tsx:295:12
Error: Unexpected token. Did you mean `{'}'}` or `&rbrace;`?
  293 |               </div>
  294 |             </PantallaFunnel>
> 295 |           )}
      |            ^
  296 |
  297 |           {paso === 'loading' && plato && (
  298 |             <LoadingPlan

Parsing ecmascript source code failed

Import traces:
  Client Component Browser:
    ./app/onboarding/page.tsx [Client Component Browser]
    ./app/onboarding/page.tsx [Server Component]

  Client Component SSR:
    ./app/onboarding/page.tsx [Client Component SSR]
    ./app/onboarding/page.tsx [Server Component] @ http://localhost:3000/_next/static/chunks/node_modules_next_dist_1e8vcs8._.js:1052
[  131325ms] [ERROR] ./app/onboarding/page.tsx:295:12
Error: Unexpected token. Did you mean `{'}'}` or `&rbrace;`?
  293 |               </div>
  294 |             </PantallaFunnel>
> 295 |           )}
      |            ^
  296 |
  297 |           {paso === 'loading' && plato && (
  298 |             <LoadingPlan

Parsing ecmascript source code failed

Import traces:
  Client Component Browser:
    ./app/onboarding/page.tsx [Client Component Browser]
    ./app/onboarding/page.tsx [Server Component]

  Client Component SSR:
    ./app/onboarding/page.tsx [Client Component SSR]
    ./app/onboarding/page.tsx [Server Component] @ http://localhost:3000/_next/static/chunks/node_modules_next_dist_1e8vcs8._.js:1052
[  131384ms] [ERROR] ./app/onboarding/page.tsx:295:12
Error: Unexpected token. Did you mean `{'}'}` or `&rbrace;`?
  293 |               </div>
  294 |             </PantallaFunnel>
> 295 |           )}
      |            ^
  296 |
  297 |           {paso === 'loading' && plato && (
  298 |             <LoadingPlan

Parsing ecmascript source code failed

Import traces:
  Client Component Browser:
    ./app/onboarding/page.tsx [Client Component Browser]
    ./app/onboarding/page.tsx [Server Component]

  Client Component SSR:
    ./app/onboarding/page.tsx [Client Component SSR]
    ./app/onboarding/page.tsx [Server Component] @ http://localhost:3000/_next/static/chunks/node_modules_next_dist_1e8vcs8._.js:1052
[  131452ms] [ERROR] ./app/onboarding/page.tsx:295:12
Error: Unexpected token. Did you mean `{'}'}` or `&rbrace;`?
  293 |               </div>
  294 |             </PantallaFunnel>
> 295 |           )}
      |            ^
  296 |
  297 |           {paso === 'loading' && plato && (
  298 |             <LoadingPlan

Parsing ecmascript source code failed

Import traces:
  Client Component Browser:
    ./app/onboarding/page.tsx [Client Component Browser]
    ./app/onboarding/page.tsx [Server Component]

  Client Component SSR:
    ./app/onboarding/page.tsx [Client Component SSR]
    ./app/onboarding/page.tsx [Server Component] @ http://localhost:3000/_next/static/chunks/node_modules_next_dist_1e8vcs8._.js:1052
[  131512ms] [ERROR] ./app/onboarding/page.tsx:295:12
Error: Unexpected token. Did you mean `{'}'}` or `&rbrace;`?
  293 |               </div>
  294 |             </PantallaFunnel>
> 295 |           )}
      |            ^
  296 |
  297 |           {paso === 'loading' && plato && (
  298 |             <LoadingPlan

Parsing ecmascript source code failed

Import traces:
  Client Component Browser:
    ./app/onboarding/page.tsx [Client Component Browser]
    ./app/onboarding/page.tsx [Server Component]

  Client Component SSR:
    ./app/onboarding/page.tsx [Client Component SSR]
    ./app/onboarding/page.tsx [Server Component] @ http://localhost:3000/_next/static/chunks/node_modules_next_dist_1e8vcs8._.js:1052
[  131562ms] [ERROR] ./app/onboarding/page.tsx:295:12
Error: Unexpected token. Did you mean `{'}'}` or `&rbrace;`?
  293 |               </div>
  294 |             </PantallaFunnel>
> 295 |           )}
      |            ^
  296 |
  297 |           {paso === 'loading' && plato && (
  298 |             <LoadingPlan

Parsing ecmascript source code failed

Import traces:
  Client Component Browser:
    ./app/onboarding/page.tsx [Client Component Browser]
    ./app/onboarding/page.tsx [Server Component]

  Client Component SSR:
    ./app/onboarding/page.tsx [Client Component SSR]
    ./app/onboarding/page.tsx [Server Component] @ http://localhost:3000/_next/static/chunks/node_modules_next_dist_1e8vcs8._.js:1052
[  131613ms] [ERROR] ./app/onboarding/page.tsx:295:12
Error: Unexpected token. Did you mean `{'}'}` or `&rbrace;`?
  293 |               </div>
  294 |             </PantallaFunnel>
> 295 |           )}
      |            ^
  296 |
  297 |           {paso === 'loading' && plato && (
  298 |             <LoadingPlan

Parsing ecmascript source code failed

Import traces:
  Client Component Browser:
    ./app/onboarding/page.tsx [Client Component Browser]
    ./app/onboarding/page.tsx [Server Component]

  Client Component SSR:
    ./app/onboarding/page.tsx [Client Component SSR]
    ./app/onboarding/page.tsx [Server Component] @ http://localhost:3000/_next/static/chunks/node_modules_next_dist_1e8vcs8._.js:1052
[  131663ms] [ERROR] ./app/onboarding/page.tsx:295:12
Error: Unexpected token. Did you mean `{'}'}` or `&rbrace;`?
  293 |               </div>
  294 |             </PantallaFunnel>
> 295 |           )}
      |            ^
  296 |
  297 |           {paso === 'loading' && plato && (
  298 |             <LoadingPlan

Parsing ecmascript source code failed

Import traces:
  Client Component Browser:
    ./app/onboarding/page.tsx [Client Component Browser]
    ./app/onboarding/page.tsx [Server Component]

  Client Component SSR:
    ./app/onboarding/page.tsx [Client Component SSR]
    ./app/onboarding/page.tsx [Server Component] @ http://localhost:3000/_next/static/chunks/node_modules_next_dist_1e8vcs8._.js:1052
[  131702ms] [ERROR] ./app/onboarding/page.tsx:295:12
Error: Unexpected token. Did you mean `{'}'}` or `&rbrace;`?
  293 |               </div>
  294 |             </PantallaFunnel>
> 295 |           )}
      |            ^
  296 |
  297 |           {paso === 'loading' && plato && (
  298 |             <LoadingPlan

Parsing ecmascript source code failed

Import traces:
  Client Component Browser:
    ./app/onboarding/page.tsx [Client Component Browser]
    ./app/onboarding/page.tsx [Server Component]

  Client Component SSR:
    ./app/onboarding/page.tsx [Client Component SSR]
    ./app/onboarding/page.tsx [Server Component] @ http://localhost:3000/_next/static/chunks/node_modules_next_dist_1e8vcs8._.js:1052
[  131762ms] [ERROR] ./app/onboarding/page.tsx:295:12
Error: Unexpected token. Did you mean `{'}'}` or `&rbrace;`?
  293 |               </div>
  294 |             </PantallaFunnel>
> 295 |           )}
      |            ^
  296 |
  297 |           {paso === 'loading' && plato && (
  298 |             <LoadingPlan

Parsing ecmascript source code failed

Import traces:
  Client Component Browser:
    ./app/onboarding/page.tsx [Client Component Browser]
    ./app/onboarding/page.tsx [Server Component]

  Client Component SSR:
    ./app/onboarding/page.tsx [Client Component SSR]
    ./app/onboarding/page.tsx [Server Component] @ http://localhost:3000/_next/static/chunks/node_modules_next_dist_1e8vcs8._.js:1052
[  131816ms] [ERROR] ./app/onboarding/page.tsx:295:12
Error: Unexpected token. Did you mean `{'}'}` or `&rbrace;`?
  293 |               </div>
  294 |             </PantallaFunnel>
> 295 |           )}
      |            ^
  296 |
  297 |           {paso === 'loading' && plato && (
  298 |             <LoadingPlan

Parsing ecmascript source code failed

Import traces:
  Client Component Browser:
    ./app/onboarding/page.tsx [Client Component Browser]
    ./app/onboarding/page.tsx [Server Component]

  Client Component SSR:
    ./app/onboarding/page.tsx [Client Component SSR]
    ./app/onboarding/page.tsx [Server Component] @ http://localhost:3000/_next/static/chunks/node_modules_next_dist_1e8vcs8._.js:1052
[  131864ms] [ERROR] ./app/onboarding/page.tsx:295:12
Error: Unexpected token. Did you mean `{'}'}` or `&rbrace;`?
  293 |               </div>
  294 |             </PantallaFunnel>
> 295 |           )}
      |            ^
  296 |
  297 |           {paso === 'loading' && plato && (
  298 |             <LoadingPlan

Parsing ecmascript source code failed

Import traces:
  Client Component Browser:
    ./app/onboarding/page.tsx [Client Component Browser]
    ./app/onboarding/page.tsx [Server Component]

  Client Component SSR:
    ./app/onboarding/page.tsx [Client Component SSR]
    ./app/onboarding/page.tsx [Server Component] @ http://localhost:3000/_next/static/chunks/node_modules_next_dist_1e8vcs8._.js:1052
[  131915ms] [ERROR] ./app/onboarding/page.tsx:295:12
Error: Unexpected token. Did you mean `{'}'}` or `&rbrace;`?
  293 |               </div>
  294 |             </PantallaFunnel>
> 295 |           )}
      |            ^
  296 |
  297 |           {paso === 'loading' && plato && (
  298 |             <LoadingPlan

Parsing ecmascript source code failed

Import traces:
  Client Component Browser:
    ./app/onboarding/page.tsx [Client Component Browser]
    ./app/onboarding/page.tsx [Server Component]

  Client Component SSR:
    ./app/onboarding/page.tsx [Client Component SSR]
    ./app/onboarding/page.tsx [Server Component] @ http://localhost:3000/_next/static/chunks/node_modules_next_dist_1e8vcs8._.js:1052
[  131965ms] [ERROR] ./app/onboarding/page.tsx:295:12
Error: Unexpected token. Did you mean `{'}'}` or `&rbrace;`?
  293 |               </div>
  294 |             </PantallaFunnel>
> 295 |           )}
      |            ^
  296 |
  297 |           {paso === 'loading' && plato && (
  298 |             <LoadingPlan

Parsing ecmascript source code failed

Import traces:
  Client Component Browser:
    ./app/onboarding/page.tsx [Client Component Browser]
    ./app/onboarding/page.tsx [Server Component]

  Client Component SSR:
    ./app/onboarding/page.tsx [Client Component SSR]
    ./app/onboarding/page.tsx [Server Component] @ http://localhost:3000/_next/static/chunks/node_modules_next_dist_1e8vcs8._.js:1052
[  132014ms] [ERROR] ./app/onboarding/page.tsx:295:12
Error: Unexpected token. Did you mean `{'}'}` or `&rbrace;`?
  293 |               </div>
  294 |             </PantallaFunnel>
> 295 |           )}
      |            ^
  296 |
  297 |           {paso === 'loading' && plato && (
  298 |             <LoadingPlan

Parsing ecmascript source code failed

Import traces:
  Client Component Browser:
    ./app/onboarding/page.tsx [Client Component Browser]
    ./app/onboarding/page.tsx [Server Component]

  Client Component SSR:
    ./app/onboarding/page.tsx [Client Component SSR]
    ./app/onboarding/page.tsx [Server Component] @ http://localhost:3000/_next/static/chunks/node_modules_next_dist_1e8vcs8._.js:1052
[  132055ms] [ERROR] ./app/onboarding/page.tsx:295:12
Error: Unexpected token. Did you mean `{'}'}` or `&rbrace;`?
  293 |               </div>
  294 |             </PantallaFunnel>
> 295 |           )}
      |            ^
  296 |
  297 |           {paso === 'loading' && plato && (
  298 |             <LoadingPlan

Parsing ecmascript source code failed

Import traces:
  Client Component Browser:
    ./app/onboarding/page.tsx [Client Component Browser]
    ./app/onboarding/page.tsx [Server Component]

  Client Component SSR:
    ./app/onboarding/page.tsx [Client Component SSR]
    ./app/onboarding/page.tsx [Server Component] @ http://localhost:3000/_next/static/chunks/node_modules_next_dist_1e8vcs8._.js:1052
[  132098ms] [ERROR] ./app/onboarding/page.tsx:295:12
Error: Unexpected token. Did you mean `{'}'}` or `&rbrace;`?
  293 |               </div>
  294 |             </PantallaFunnel>
> 295 |           )}
      |            ^
  296 |
  297 |           {paso === 'loading' && plato && (
  298 |             <LoadingPlan

Parsing ecmascript source code failed

Import traces:
  Client Component Browser:
    ./app/onboarding/page.tsx [Client Component Browser]
    ./app/onboarding/page.tsx [Server Component]

  Client Component SSR:
    ./app/onboarding/page.tsx [Client Component SSR]
    ./app/onboarding/page.tsx [Server Component] @ http://localhost:3000/_next/static/chunks/node_modules_next_dist_1e8vcs8._.js:1052
[  132147ms] [ERROR] ./app/onboarding/page.tsx:295:12
Error: Unexpected token. Did you mean `{'}'}` or `&rbrace;`?
  293 |               </div>
  294 |             </PantallaFunnel>
> 295 |           )}
      |            ^
  296 |
  297 |           {paso === 'loading' && plato && (
  298 |             <LoadingPlan

Parsing ecmascript source code failed

Import traces:
  Client Component Browser:
    ./app/onboarding/page.tsx [Client Component Browser]
    ./app/onboarding/page.tsx [Server Component]

  Client Component SSR:
    ./app/onboarding/page.tsx [Client Component SSR]
    ./app/onboarding/page.tsx [Server Component] @ http://localhost:3000/_next/static/chunks/node_modules_next_dist_1e8vcs8._.js:1052
[  132198ms] [ERROR] ./app/onboarding/page.tsx:295:12
Error: Unexpected token. Did you mean `{'}'}` or `&rbrace;`?
  293 |               </div>
  294 |             </PantallaFunnel>
> 295 |           )}
      |            ^
  296 |
  297 |           {paso === 'loading' && plato && (
  298 |             <LoadingPlan

Parsing ecmascript source code failed

Import traces:
  Client Component Browser:
    ./app/onboarding/page.tsx [Client Component Browser]
    ./app/onboarding/page.tsx [Server Component]

  Client Component SSR:
    ./app/onboarding/page.tsx [Client Component SSR]
    ./app/onboarding/page.tsx [Server Component] @ http://localhost:3000/_next/static/chunks/node_modules_next_dist_1e8vcs8._.js:1052
[  132236ms] [ERROR] ./app/onboarding/page.tsx:295:12
Error: Unexpected token. Did you mean `{'}'}` or `&rbrace;`?
  293 |               </div>
  294 |             </PantallaFunnel>
> 295 |           )}
      |            ^
  296 |
  297 |           {paso === 'loading' && plato && (
  298 |             <LoadingPlan

Parsing ecmascript source code failed

Import traces:
  Client Component Browser:
    ./app/onboarding/page.tsx [Client Component Browser]
    ./app/onboarding/page.tsx [Server Component]

  Client Component SSR:
    ./app/onboarding/page.tsx [Client Component SSR]
    ./app/onboarding/page.tsx [Server Component] @ http://localhost:3000/_next/static/chunks/node_modules_next_dist_1e8vcs8._.js:1052
[  132285ms] [ERROR] ./app/onboarding/page.tsx:295:12
Error: Unexpected token. Did you mean `{'}'}` or `&rbrace;`?
  293 |               </div>
  294 |             </PantallaFunnel>
> 295 |           )}
      |            ^
  296 |
  297 |           {paso === 'loading' && plato && (
  298 |             <LoadingPlan

Parsing ecmascript source code failed

Import traces:
  Client Component Browser:
    ./app/onboarding/page.tsx [Client Component Browser]
    ./app/onboarding/page.tsx [Server Component]

  Client Component SSR:
    ./app/onboarding/page.tsx [Client Component SSR]
    ./app/onboarding/page.tsx [Server Component] @ http://localhost:3000/_next/static/chunks/node_modules_next_dist_1e8vcs8._.js:1052
[  132346ms] [ERROR] ./app/onboarding/page.tsx:295:12
Error: Unexpected token. Did you mean `{'}'}` or `&rbrace;`?
  293 |               </div>
  294 |             </PantallaFunnel>
> 295 |           )}
      |            ^
  296 |
  297 |           {paso === 'loading' && plato && (
  298 |             <LoadingPlan

Parsing ecmascript source code failed

Import traces:
  Client Component Browser:
    ./app/onboarding/page.tsx [Client Component Browser]
    ./app/onboarding/page.tsx [Server Component]

  Client Component SSR:
    ./app/onboarding/page.tsx [Client Component SSR]
    ./app/onboarding/page.tsx [Server Component] @ http://localhost:3000/_next/static/chunks/node_modules_next_dist_1e8vcs8._.js:1052
[  132400ms] [ERROR] ./app/onboarding/page.tsx:295:12
Error: Unexpected token. Did you mean `{'}'}` or `&rbrace;`?
  293 |               </div>
  294 |             </PantallaFunnel>
> 295 |           )}
      |            ^
  296 |
  297 |           {paso === 'loading' && plato && (
  298 |             <LoadingPlan

Parsing ecmascript source code failed

Import traces:
  Client Component Browser:
    ./app/onboarding/page.tsx [Client Component Browser]
    ./app/onboarding/page.tsx [Server Component]

  Client Component SSR:
    ./app/onboarding/page.tsx [Client Component SSR]
    ./app/onboarding/page.tsx [Server Component] @ http://localhost:3000/_next/static/chunks/node_modules_next_dist_1e8vcs8._.js:1052
[  132452ms] [ERROR] ./app/onboarding/page.tsx:295:12
Error: Unexpected token. Did you mean `{'}'}` or `&rbrace;`?
  293 |               </div>
  294 |             </PantallaFunnel>
> 295 |           )}
      |            ^
  296 |
  297 |           {paso === 'loading' && plato && (
  298 |             <LoadingPlan

Parsing ecmascript source code failed

Import traces:
  Client Component Browser:
    ./app/onboarding/page.tsx [Client Component Browser]
    ./app/onboarding/page.tsx [Server Component]

  Client Component SSR:
    ./app/onboarding/page.tsx [Client Component SSR]
    ./app/onboarding/page.tsx [Server Component] @ http://localhost:3000/_next/static/chunks/node_modules_next_dist_1e8vcs8._.js:1052
[  132511ms] [ERROR] ./app/onboarding/page.tsx:295:12
Error: Unexpected token. Did you mean `{'}'}` or `&rbrace;`?
  293 |               </div>
  294 |             </PantallaFunnel>
> 295 |           )}
      |            ^
  296 |
  297 |           {paso === 'loading' && plato && (
  298 |             <LoadingPlan

Parsing ecmascript source code failed

Import traces:
  Client Component Browser:
    ./app/onboarding/page.tsx [Client Component Browser]
    ./app/onboarding/page.tsx [Server Component]

  Client Component SSR:
    ./app/onboarding/page.tsx [Client Component SSR]
    ./app/onboarding/page.tsx [Server Component] @ http://localhost:3000/_next/static/chunks/node_modules_next_dist_1e8vcs8._.js:1052
[  132556ms] [ERROR] ./app/onboarding/page.tsx:295:12
Error: Unexpected token. Did you mean `{'}'}` or `&rbrace;`?
  293 |               </div>
  294 |             </PantallaFunnel>
> 295 |           )}
      |            ^
  296 |
  297 |           {paso === 'loading' && plato && (
  298 |             <LoadingPlan

Parsing ecmascript source code failed

Import traces:
  Client Component Browser:
    ./app/onboarding/page.tsx [Client Component Browser]
    ./app/onboarding/page.tsx [Server Component]

  Client Component SSR:
    ./app/onboarding/page.tsx [Client Component SSR]
    ./app/onboarding/page.tsx [Server Component] @ http://localhost:3000/_next/static/chunks/node_modules_next_dist_1e8vcs8._.js:1052
[  132600ms] [ERROR] ./app/onboarding/page.tsx:295:12
Error: Unexpected token. Did you mean `{'}'}` or `&rbrace;`?
  293 |               </div>
  294 |             </PantallaFunnel>
> 295 |           )}
      |            ^
  296 |
  297 |           {paso === 'loading' && plato && (
  298 |             <LoadingPlan

Parsing ecmascript source code failed

Import traces:
  Client Component Browser:
    ./app/onboarding/page.tsx [Client Component Browser]
    ./app/onboarding/page.tsx [Server Component]

  Client Component SSR:
    ./app/onboarding/page.tsx [Client Component SSR]
    ./app/onboarding/page.tsx [Server Component] @ http://localhost:3000/_next/static/chunks/node_modules_next_dist_1e8vcs8._.js:1052
[  132647ms] [ERROR] ./app/onboarding/page.tsx:295:12
Error: Unexpected token. Did you mean `{'}'}` or `&rbrace;`?
  293 |               </div>
  294 |             </PantallaFunnel>
> 295 |           )}
      |            ^
  296 |
  297 |           {paso === 'loading' && plato && (
  298 |             <LoadingPlan

Parsing ecmascript source code failed

Import traces:
  Client Component Browser:
    ./app/onboarding/page.tsx [Client Component Browser]
    ./app/onboarding/page.tsx [Server Component]

  Client Component SSR:
    ./app/onboarding/page.tsx [Client Component SSR]
    ./app/onboarding/page.tsx [Server Component] @ http://localhost:3000/_next/static/chunks/node_modules_next_dist_1e8vcs8._.js:1052
[  132702ms] [ERROR] ./app/onboarding/page.tsx:295:12
Error: Unexpected token. Did you mean `{'}'}` or `&rbrace;`?
  293 |               </div>
  294 |             </PantallaFunnel>
> 295 |           )}
      |            ^
  296 |
  297 |           {paso === 'loading' && plato && (
  298 |             <LoadingPlan

Parsing ecmascript source code failed

Import traces:
  Client Component Browser:
    ./app/onboarding/page.tsx [Client Component Browser]
    ./app/onboarding/page.tsx [Server Component]

  Client Component SSR:
    ./app/onboarding/page.tsx [Client Component SSR]
    ./app/onboarding/page.tsx [Server Component] @ http://localhost:3000/_next/static/chunks/node_modules_next_dist_1e8vcs8._.js:1052
[  132762ms] [ERROR] ./app/onboarding/page.tsx:295:12
Error: Unexpected token. Did you mean `{'}'}` or `&rbrace;`?
  293 |               </div>
  294 |             </PantallaFunnel>
> 295 |           )}
      |            ^
  296 |
  297 |           {paso === 'loading' && plato && (
  298 |             <LoadingPlan

Parsing ecmascript source code failed

Import traces:
  Client Component Browser:
    ./app/onboarding/page.tsx [Client Component Browser]
    ./app/onboarding/page.tsx [Server Component]

  Client Component SSR:
    ./app/onboarding/page.tsx [Client Component SSR]
    ./app/onboarding/page.tsx [Server Component] @ http://localhost:3000/_next/static/chunks/node_modules_next_dist_1e8vcs8._.js:1052
[  132817ms] [ERROR] ./app/onboarding/page.tsx:295:12
Error: Unexpected token. Did you mean `{'}'}` or `&rbrace;`?
  293 |               </div>
  294 |             </PantallaFunnel>
> 295 |           )}
      |            ^
  296 |
  297 |           {paso === 'loading' && plato && (
  298 |             <LoadingPlan

Parsing ecmascript source code failed

Import traces:
  Client Component Browser:
    ./app/onboarding/page.tsx [Client Component Browser]
    ./app/onboarding/page.tsx [Server Component]

  Client Component SSR:
    ./app/onboarding/page.tsx [Client Component SSR]
    ./app/onboarding/page.tsx [Server Component] @ http://localhost:3000/_next/static/chunks/node_modules_next_dist_1e8vcs8._.js:1052
[  132869ms] [ERROR] ./app/onboarding/page.tsx:295:12
Error: Unexpected token. Did you mean `{'}'}` or `&rbrace;`?
  293 |               </div>
  294 |             </PantallaFunnel>
> 295 |           )}
      |            ^
  296 |
  297 |           {paso === 'loading' && plato && (
  298 |             <LoadingPlan

Parsing ecmascript source code failed

Import traces:
  Client Component Browser:
    ./app/onboarding/page.tsx [Client Component Browser]
    ./app/onboarding/page.tsx [Server Component]

  Client Component SSR:
    ./app/onboarding/page.tsx [Client Component SSR]
    ./app/onboarding/page.tsx [Server Component] @ http://localhost:3000/_next/static/chunks/node_modules_next_dist_1e8vcs8._.js:1052
[  132929ms] [ERROR] ./app/onboarding/page.tsx:295:12
Error: Unexpected token. Did you mean `{'}'}` or `&rbrace;`?
  293 |               </div>
  294 |             </PantallaFunnel>
> 295 |           )}
      |            ^
  296 |
  297 |           {paso === 'loading' && plato && (
  298 |             <LoadingPlan

Parsing ecmascript source code failed

Import traces:
  Client Component Browser:
    ./app/onboarding/page.tsx [Client Component Browser]
    ./app/onboarding/page.tsx [Server Component]

  Client Component SSR:
    ./app/onboarding/page.tsx [Client Component SSR]
    ./app/onboarding/page.tsx [Server Component] @ http://localhost:3000/_next/static/chunks/node_modules_next_dist_1e8vcs8._.js:1052
[  132980ms] [ERROR] ./app/onboarding/page.tsx:295:12
Error: Unexpected token. Did you mean `{'}'}` or `&rbrace;`?
  293 |               </div>
  294 |             </PantallaFunnel>
> 295 |           )}
      |            ^
  296 |
  297 |           {paso === 'loading' && plato && (
  298 |             <LoadingPlan

Parsing ecmascript source code failed

Import traces:
  Client Component Browser:
    ./app/onboarding/page.tsx [Client Component Browser]
    ./app/onboarding/page.tsx [Server Component]

  Client Component SSR:
    ./app/onboarding/page.tsx [Client Component SSR]
    ./app/onboarding/page.tsx [Server Component] @ http://localhost:3000/_next/static/chunks/node_modules_next_dist_1e8vcs8._.js:1052
[  133035ms] [ERROR] ./app/onboarding/page.tsx:295:12
Error: Unexpected token. Did you mean `{'}'}` or `&rbrace;`?
  293 |               </div>
  294 |             </PantallaFunnel>
> 295 |           )}
      |            ^
  296 |
  297 |           {paso === 'loading' && plato && (
  298 |             <LoadingPlan

Parsing ecmascript source code failed

Import traces:
  Client Component Browser:
    ./app/onboarding/page.tsx [Client Component Browser]
    ./app/onboarding/page.tsx [Server Component]

  Client Component SSR:
    ./app/onboarding/page.tsx [Client Component SSR]
    ./app/onboarding/page.tsx [Server Component] @ http://localhost:3000/_next/static/chunks/node_modules_next_dist_1e8vcs8._.js:1052
[  133084ms] [ERROR] ./app/onboarding/page.tsx:295:12
Error: Unexpected token. Did you mean `{'}'}` or `&rbrace;`?
  293 |               </div>
  294 |             </PantallaFunnel>
> 295 |           )}
      |            ^
  296 |
  297 |           {paso === 'loading' && plato && (
  298 |             <LoadingPlan

Parsing ecmascript source code failed

Import traces:
  Client Component Browser:
    ./app/onboarding/page.tsx [Client Component Browser]
    ./app/onboarding/page.tsx [Server Component]

  Client Component SSR:
    ./app/onboarding/page.tsx [Client Component SSR]
    ./app/onboarding/page.tsx [Server Component] @ http://localhost:3000/_next/static/chunks/node_modules_next_dist_1e8vcs8._.js:1052
[  133135ms] [ERROR] ./app/onboarding/page.tsx:295:12
Error: Unexpected token. Did you mean `{'}'}` or `&rbrace;`?
  293 |               </div>
  294 |             </PantallaFunnel>
> 295 |           )}
      |            ^
  296 |
  297 |           {paso === 'loading' && plato && (
  298 |             <LoadingPlan

Parsing ecmascript source code failed

Import traces:
  Client Component Browser:
    ./app/onboarding/page.tsx [Client Component Browser]
    ./app/onboarding/page.tsx [Server Component]

  Client Component SSR:
    ./app/onboarding/page.tsx [Client Component SSR]
    ./app/onboarding/page.tsx [Server Component] @ http://localhost:3000/_next/static/chunks/node_modules_next_dist_1e8vcs8._.js:1052
[  133181ms] [ERROR] ./app/onboarding/page.tsx:295:12
Error: Unexpected token. Did you mean `{'}'}` or `&rbrace;`?
  293 |               </div>
  294 |             </PantallaFunnel>
> 295 |           )}
      |            ^
  296 |
  297 |           {paso === 'loading' && plato && (
  298 |             <LoadingPlan

Parsing ecmascript source code failed

Import traces:
  Client Component Browser:
    ./app/onboarding/page.tsx [Client Component Browser]
    ./app/onboarding/page.tsx [Server Component]

  Client Component SSR:
    ./app/onboarding/page.tsx [Client Component SSR]
    ./app/onboarding/page.tsx [Server Component] @ http://localhost:3000/_next/static/chunks/node_modules_next_dist_1e8vcs8._.js:1052
[  133232ms] [ERROR] ./app/onboarding/page.tsx:295:12
Error: Unexpected token. Did you mean `{'}'}` or `&rbrace;`?
  293 |               </div>
  294 |             </PantallaFunnel>
> 295 |           )}
      |            ^
  296 |
  297 |           {paso === 'loading' && plato && (
  298 |             <LoadingPlan

Parsing ecmascript source code failed

Import traces:
  Client Component Browser:
    ./app/onboarding/page.tsx [Client Component Browser]
    ./app/onboarding/page.tsx [Server Component]

  Client Component SSR:
    ./app/onboarding/page.tsx [Client Component SSR]
    ./app/onboarding/page.tsx [Server Component] @ http://localhost:3000/_next/static/chunks/node_modules_next_dist_1e8vcs8._.js:1052
[  133276ms] [ERROR] ./app/onboarding/page.tsx:295:12
Error: Unexpected token. Did you mean `{'}'}` or `&rbrace;`?
  293 |               </div>
  294 |             </PantallaFunnel>
> 295 |           )}
      |            ^
  296 |
  297 |           {paso === 'loading' && plato && (
  298 |             <LoadingPlan

Parsing ecmascript source code failed

Import traces:
  Client Component Browser:
    ./app/onboarding/page.tsx [Client Component Browser]
    ./app/onboarding/page.tsx [Server Component]

  Client Component SSR:
    ./app/onboarding/page.tsx [Client Component SSR]
    ./app/onboarding/page.tsx [Server Component] @ http://localhost:3000/_next/static/chunks/node_modules_next_dist_1e8vcs8._.js:1052
[  133332ms] [ERROR] ./app/onboarding/page.tsx:295:12
Error: Unexpected token. Did you mean `{'}'}` or `&rbrace;`?
  293 |               </div>
  294 |             </PantallaFunnel>
> 295 |           )}
      |            ^
  296 |
  297 |           {paso === 'loading' && plato && (
  298 |             <LoadingPlan

Parsing ecmascript source code failed

Import traces:
  Client Component Browser:
    ./app/onboarding/page.tsx [Client Component Browser]
    ./app/onboarding/page.tsx [Server Component]

  Client Component SSR:
    ./app/onboarding/page.tsx [Client Component SSR]
    ./app/onboarding/page.tsx [Server Component] @ http://localhost:3000/_next/static/chunks/node_modules_next_dist_1e8vcs8._.js:1052
[  133383ms] [ERROR] ./app/onboarding/page.tsx:295:12
Error: Unexpected token. Did you mean `{'}'}` or `&rbrace;`?
  293 |               </div>
  294 |             </PantallaFunnel>
> 295 |           )}
      |            ^
  296 |
  297 |           {paso === 'loading' && plato && (
  298 |             <LoadingPlan

Parsing ecmascript source code failed

Import traces:
  Client Component Browser:
    ./app/onboarding/page.tsx [Client Component Browser]
    ./app/onboarding/page.tsx [Server Component]

  Client Component SSR:
    ./app/onboarding/page.tsx [Client Component SSR]
    ./app/onboarding/page.tsx [Server Component] @ http://localhost:3000/_next/static/chunks/node_modules_next_dist_1e8vcs8._.js:1052
[  133432ms] [ERROR] ./app/onboarding/page.tsx:295:12
Error: Unexpected token. Did you mean `{'}'}` or `&rbrace;`?
  293 |               </div>
  294 |             </PantallaFunnel>
> 295 |           )}
      |            ^
  296 |
  297 |           {paso === 'loading' && plato && (
  298 |             <LoadingPlan

Parsing ecmascript source code failed

Import traces:
  Client Component Browser:
    ./app/onboarding/page.tsx [Client Component Browser]
    ./app/onboarding/page.tsx [Server Component]

  Client Component SSR:
    ./app/onboarding/page.tsx [Client Component SSR]
    ./app/onboarding/page.tsx [Server Component] @ http://localhost:3000/_next/static/chunks/node_modules_next_dist_1e8vcs8._.js:1052
[  133476ms] [ERROR] ./app/onboarding/page.tsx:295:12
Error: Unexpected token. Did you mean `{'}'}` or `&rbrace;`?
  293 |               </div>
  294 |             </PantallaFunnel>
> 295 |           )}
      |            ^
  296 |
  297 |           {paso === 'loading' && plato && (
  298 |             <LoadingPlan

Parsing ecmascript source code failed

Import traces:
  Client Component Browser:
    ./app/onboarding/page.tsx [Client Component Browser]
    ./app/onboarding/page.tsx [Server Component]

  Client Component SSR:
    ./app/onboarding/page.tsx [Client Component SSR]
    ./app/onboarding/page.tsx [Server Component] @ http://localhost:3000/_next/static/chunks/node_modules_next_dist_1e8vcs8._.js:1052
[  133522ms] [ERROR] ./app/onboarding/page.tsx:295:12
Error: Unexpected token. Did you mean `{'}'}` or `&rbrace;`?
  293 |               </div>
  294 |             </PantallaFunnel>
> 295 |           )}
      |            ^
  296 |
  297 |           {paso === 'loading' && plato && (
  298 |             <LoadingPlan

Parsing ecmascript source code failed

Import traces:
  Client Component Browser:
    ./app/onboarding/page.tsx [Client Component Browser]
    ./app/onboarding/page.tsx [Server Component]

  Client Component SSR:
    ./app/onboarding/page.tsx [Client Component SSR]
    ./app/onboarding/page.tsx [Server Component] @ http://localhost:3000/_next/static/chunks/node_modules_next_dist_1e8vcs8._.js:1052
[  133572ms] [ERROR] ./app/onboarding/page.tsx:295:12
Error: Unexpected token. Did you mean `{'}'}` or `&rbrace;`?
  293 |               </div>
  294 |             </PantallaFunnel>
> 295 |           )}
      |            ^
  296 |
  297 |           {paso === 'loading' && plato && (
  298 |             <LoadingPlan

Parsing ecmascript source code failed

Import traces:
  Client Component Browser:
    ./app/onboarding/page.tsx [Client Component Browser]
    ./app/onboarding/page.tsx [Server Component]

  Client Component SSR:
    ./app/onboarding/page.tsx [Client Component SSR]
    ./app/onboarding/page.tsx [Server Component] @ http://localhost:3000/_next/static/chunks/node_modules_next_dist_1e8vcs8._.js:1052
[  133625ms] [ERROR] ./app/onboarding/page.tsx:295:12
Error: Unexpected token. Did you mean `{'}'}` or `&rbrace;`?
  293 |               </div>
  294 |             </PantallaFunnel>
> 295 |           )}
      |            ^
  296 |
  297 |           {paso === 'loading' && plato && (
  298 |             <LoadingPlan

Parsing ecmascript source code failed

Import traces:
  Client Component Browser:
    ./app/onboarding/page.tsx [Client Component Browser]
    ./app/onboarding/page.tsx [Server Component]

  Client Component SSR:
    ./app/onboarding/page.tsx [Client Component SSR]
    ./app/onboarding/page.tsx [Server Component] @ http://localhost:3000/_next/static/chunks/node_modules_next_dist_1e8vcs8._.js:1052
[  133672ms] [ERROR] ./app/onboarding/page.tsx:295:12
Error: Unexpected token. Did you mean `{'}'}` or `&rbrace;`?
  293 |               </div>
  294 |             </PantallaFunnel>
> 295 |           )}
      |            ^
  296 |
  297 |           {paso === 'loading' && plato && (
  298 |             <LoadingPlan

Parsing ecmascript source code failed

Import traces:
  Client Component Browser:
    ./app/onboarding/page.tsx [Client Component Browser]
    ./app/onboarding/page.tsx [Server Component]

  Client Component SSR:
    ./app/onboarding/page.tsx [Client Component SSR]
    ./app/onboarding/page.tsx [Server Component] @ http://localhost:3000/_next/static/chunks/node_modules_next_dist_1e8vcs8._.js:1052
[  133723ms] [ERROR] ./app/onboarding/page.tsx:295:12
Error: Unexpected token. Did you mean `{'}'}` or `&rbrace;`?
  293 |               </div>
  294 |             </PantallaFunnel>
> 295 |           )}
      |            ^
  296 |
  297 |           {paso === 'loading' && plato && (
  298 |             <LoadingPlan

Parsing ecmascript source code failed

Import traces:
  Client Component Browser:
    ./app/onboarding/page.tsx [Client Component Browser]
    ./app/onboarding/page.tsx [Server Component]

  Client Component SSR:
    ./app/onboarding/page.tsx [Client Component SSR]
    ./app/onboarding/page.tsx [Server Component] @ http://localhost:3000/_next/static/chunks/node_modules_next_dist_1e8vcs8._.js:1052
[  133787ms] [ERROR] ./app/onboarding/page.tsx:295:12
Error: Unexpected token. Did you mean `{'}'}` or `&rbrace;`?
  293 |               </div>
  294 |             </PantallaFunnel>
> 295 |           )}
      |            ^
  296 |
  297 |           {paso === 'loading' && plato && (
  298 |             <LoadingPlan

Parsing ecmascript source code failed

Import traces:
  Client Component Browser:
    ./app/onboarding/page.tsx [Client Component Browser]
    ./app/onboarding/page.tsx [Server Component]

  Client Component SSR:
    ./app/onboarding/page.tsx [Client Component SSR]
    ./app/onboarding/page.tsx [Server Component] @ http://localhost:3000/_next/static/chunks/node_modules_next_dist_1e8vcs8._.js:1052
[  133830ms] [ERROR] ./app/onboarding/page.tsx:295:12
Error: Unexpected token. Did you mean `{'}'}` or `&rbrace;`?
  293 |               </div>
  294 |             </PantallaFunnel>
> 295 |           )}
      |            ^
  296 |
  297 |           {paso === 'loading' && plato && (
  298 |             <LoadingPlan

Parsing ecmascript source code failed

Import traces:
  Client Component Browser:
    ./app/onboarding/page.tsx [Client Component Browser]
    ./app/onboarding/page.tsx [Server Component]

  Client Component SSR:
    ./app/onboarding/page.tsx [Client Component SSR]
    ./app/onboarding/page.tsx [Server Component] @ http://localhost:3000/_next/static/chunks/node_modules_next_dist_1e8vcs8._.js:1052
[  133870ms] [ERROR] ./app/onboarding/page.tsx:295:12
Error: Unexpected token. Did you mean `{'}'}` or `&rbrace;`?
  293 |               </div>
  294 |             </PantallaFunnel>
> 295 |           )}
      |            ^
  296 |
  297 |           {paso === 'loading' && plato && (
  298 |             <LoadingPlan

Parsing ecmascript source code failed

Import traces:
  Client Component Browser:
    ./app/onboarding/page.tsx [Client Component Browser]
    ./app/onboarding/page.tsx [Server Component]

  Client Component SSR:
    ./app/onboarding/page.tsx [Client Component SSR]
    ./app/onboarding/page.tsx [Server Component] @ http://localhost:3000/_next/static/chunks/node_modules_next_dist_1e8vcs8._.js:1052
[  133912ms] [ERROR] ./app/onboarding/page.tsx:295:12
Error: Unexpected token. Did you mean `{'}'}` or `&rbrace;`?
  293 |               </div>
  294 |             </PantallaFunnel>
> 295 |           )}
      |            ^
  296 |
  297 |           {paso === 'loading' && plato && (
  298 |             <LoadingPlan

Parsing ecmascript source code failed

Import traces:
  Client Component Browser:
    ./app/onboarding/page.tsx [Client Component Browser]
    ./app/onboarding/page.tsx [Server Component]

  Client Component SSR:
    ./app/onboarding/page.tsx [Client Component SSR]
    ./app/onboarding/page.tsx [Server Component] @ http://localhost:3000/_next/static/chunks/node_modules_next_dist_1e8vcs8._.js:1052
[  133962ms] [ERROR] ./app/onboarding/page.tsx:295:12
Error: Unexpected token. Did you mean `{'}'}` or `&rbrace;`?
  293 |               </div>
  294 |             </PantallaFunnel>
> 295 |           )}
      |            ^
  296 |
  297 |           {paso === 'loading' && plato && (
  298 |             <LoadingPlan

Parsing ecmascript source code failed

Import traces:
  Client Component Browser:
    ./app/onboarding/page.tsx [Client Component Browser]
    ./app/onboarding/page.tsx [Server Component]

  Client Component SSR:
    ./app/onboarding/page.tsx [Client Component SSR]
    ./app/onboarding/page.tsx [Server Component] @ http://localhost:3000/_next/static/chunks/node_modules_next_dist_1e8vcs8._.js:1052
[  134013ms] [ERROR] ./app/onboarding/page.tsx:295:12
Error: Unexpected token. Did you mean `{'}'}` or `&rbrace;`?
  293 |               </div>
  294 |             </PantallaFunnel>
> 295 |           )}
      |            ^
  296 |
  297 |           {paso === 'loading' && plato && (
  298 |             <LoadingPlan

Parsing ecmascript source code failed

Import traces:
  Client Component Browser:
    ./app/onboarding/page.tsx [Client Component Browser]
    ./app/onboarding/page.tsx [Server Component]

  Client Component SSR:
    ./app/onboarding/page.tsx [Client Component SSR]
    ./app/onboarding/page.tsx [Server Component] @ http://localhost:3000/_next/static/chunks/node_modules_next_dist_1e8vcs8._.js:1052
[  134053ms] [ERROR] ./app/onboarding/page.tsx:295:12
Error: Unexpected token. Did you mean `{'}'}` or `&rbrace;`?
  293 |               </div>
  294 |             </PantallaFunnel>
> 295 |           )}
      |            ^
  296 |
  297 |           {paso === 'loading' && plato && (
  298 |             <LoadingPlan

Parsing ecmascript source code failed

Import traces:
  Client Component Browser:
    ./app/onboarding/page.tsx [Client Component Browser]
    ./app/onboarding/page.tsx [Server Component]

  Client Component SSR:
    ./app/onboarding/page.tsx [Client Component SSR]
    ./app/onboarding/page.tsx [Server Component] @ http://localhost:3000/_next/static/chunks/node_modules_next_dist_1e8vcs8._.js:1052
[  134096ms] [ERROR] ./app/onboarding/page.tsx:295:12
Error: Unexpected token. Did you mean `{'}'}` or `&rbrace;`?
  293 |               </div>
  294 |             </PantallaFunnel>
> 295 |           )}
      |            ^
  296 |
  297 |           {paso === 'loading' && plato && (
  298 |             <LoadingPlan

Parsing ecmascript source code failed

Import traces:
  Client Component Browser:
    ./app/onboarding/page.tsx [Client Component Browser]
    ./app/onboarding/page.tsx [Server Component]

  Client Component SSR:
    ./app/onboarding/page.tsx [Client Component SSR]
    ./app/onboarding/page.tsx [Server Component] @ http://localhost:3000/_next/static/chunks/node_modules_next_dist_1e8vcs8._.js:1052
[  134141ms] [ERROR] ./app/onboarding/page.tsx:295:12
Error: Unexpected token. Did you mean `{'}'}` or `&rbrace;`?
  293 |               </div>
  294 |             </PantallaFunnel>
> 295 |           )}
      |            ^
  296 |
  297 |           {paso === 'loading' && plato && (
  298 |             <LoadingPlan

Parsing ecmascript source code failed

Import traces:
  Client Component Browser:
    ./app/onboarding/page.tsx [Client Component Browser]
    ./app/onboarding/page.tsx [Server Component]

  Client Component SSR:
    ./app/onboarding/page.tsx [Client Component SSR]
    ./app/onboarding/page.tsx [Server Component] @ http://localhost:3000/_next/static/chunks/node_modules_next_dist_1e8vcs8._.js:1052
[  134197ms] [ERROR] ./app/onboarding/page.tsx:295:12
Error: Unexpected token. Did you mean `{'}'}` or `&rbrace;`?
  293 |               </div>
  294 |             </PantallaFunnel>
> 295 |           )}
      |            ^
  296 |
  297 |           {paso === 'loading' && plato && (
  298 |             <LoadingPlan

Parsing ecmascript source code failed

Import traces:
  Client Component Browser:
    ./app/onboarding/page.tsx [Client Component Browser]
    ./app/onboarding/page.tsx [Server Component]

  Client Component SSR:
    ./app/onboarding/page.tsx [Client Component SSR]
    ./app/onboarding/page.tsx [Server Component] @ http://localhost:3000/_next/static/chunks/node_modules_next_dist_1e8vcs8._.js:1052
[  134237ms] [ERROR] ./app/onboarding/page.tsx:295:12
Error: Unexpected token. Did you mean `{'}'}` or `&rbrace;`?
  293 |               </div>
  294 |             </PantallaFunnel>
> 295 |           )}
      |            ^
  296 |
  297 |           {paso === 'loading' && plato && (
  298 |             <LoadingPlan

Parsing ecmascript source code failed

Import traces:
  Client Component Browser:
    ./app/onboarding/page.tsx [Client Component Browser]
    ./app/onboarding/page.tsx [Server Component]

  Client Component SSR:
    ./app/onboarding/page.tsx [Client Component SSR]
    ./app/onboarding/page.tsx [Server Component] @ http://localhost:3000/_next/static/chunks/node_modules_next_dist_1e8vcs8._.js:1052
[  134287ms] [ERROR] ./app/onboarding/page.tsx:295:12
Error: Unexpected token. Did you mean `{'}'}` or `&rbrace;`?
  293 |               </div>
  294 |             </PantallaFunnel>
> 295 |           )}
      |            ^
  296 |
  297 |           {paso === 'loading' && plato && (
  298 |             <LoadingPlan

Parsing ecmascript source code failed

Import traces:
  Client Component Browser:
    ./app/onboarding/page.tsx [Client Component Browser]
    ./app/onboarding/page.tsx [Server Component]

  Client Component SSR:
    ./app/onboarding/page.tsx [Client Component SSR]
    ./app/onboarding/page.tsx [Server Component] @ http://localhost:3000/_next/static/chunks/node_modules_next_dist_1e8vcs8._.js:1052
[  134337ms] [ERROR] ./app/onboarding/page.tsx:295:12
Error: Unexpected token. Did you mean `{'}'}` or `&rbrace;`?
  293 |               </div>
  294 |             </PantallaFunnel>
> 295 |           )}
      |            ^
  296 |
  297 |           {paso === 'loading' && plato && (
  298 |             <LoadingPlan

Parsing ecmascript source code failed

Import traces:
  Client Component Browser:
    ./app/onboarding/page.tsx [Client Component Browser]
    ./app/onboarding/page.tsx [Server Component]

  Client Component SSR:
    ./app/onboarding/page.tsx [Client Component SSR]
    ./app/onboarding/page.tsx [Server Component] @ http://localhost:3000/_next/static/chunks/node_modules_next_dist_1e8vcs8._.js:1052
[  134379ms] [ERROR] ./app/onboarding/page.tsx:295:12
Error: Unexpected token. Did you mean `{'}'}` or `&rbrace;`?
  293 |               </div>
  294 |             </PantallaFunnel>
> 295 |           )}
      |            ^
  296 |
  297 |           {paso === 'loading' && plato && (
  298 |             <LoadingPlan

Parsing ecmascript source code failed

Import traces:
  Client Component Browser:
    ./app/onboarding/page.tsx [Client Component Browser]
    ./app/onboarding/page.tsx [Server Component]

  Client Component SSR:
    ./app/onboarding/page.tsx [Client Component SSR]
    ./app/onboarding/page.tsx [Server Component] @ http://localhost:3000/_next/static/chunks/node_modules_next_dist_1e8vcs8._.js:1052
[  134430ms] [ERROR] ./app/onboarding/page.tsx:295:12
Error: Unexpected token. Did you mean `{'}'}` or `&rbrace;`?
  293 |               </div>
  294 |             </PantallaFunnel>
> 295 |           )}
      |            ^
  296 |
  297 |           {paso === 'loading' && plato && (
  298 |             <LoadingPlan

Parsing ecmascript source code failed

Import traces:
  Client Component Browser:
    ./app/onboarding/page.tsx [Client Component Browser]
    ./app/onboarding/page.tsx [Server Component]

  Client Component SSR:
    ./app/onboarding/page.tsx [Client Component SSR]
    ./app/onboarding/page.tsx [Server Component] @ http://localhost:3000/_next/static/chunks/node_modules_next_dist_1e8vcs8._.js:1052
[  134620ms] [ERROR] ./app/onboarding/page.tsx:295:12
Error: Unexpected token. Did you mean `{'}'}` or `&rbrace;`?
  293 |               </div>
  294 |             </PantallaFunnel>
> 295 |           )}
      |            ^
  296 |
  297 |           {paso === 'loading' && plato && (
  298 |             <LoadingPlan

Parsing ecmascript source code failed

Import traces:
  Client Component Browser:
    ./app/onboarding/page.tsx [Client Component Browser]
    ./app/onboarding/page.tsx [Server Component]

  Client Component SSR:
    ./app/onboarding/page.tsx [Client Component SSR]
    ./app/onboarding/page.tsx [Server Component] @ http://localhost:3000/_next/static/chunks/node_modules_next_dist_1e8vcs8._.js:1052
[  134637ms] [LOG] [Fast Refresh] rebuilding @ http://localhost:3000/_next/static/chunks/node_modules_next_dist_1e8vcs8._.js:776
[  134681ms] [ERROR] ./app/onboarding/page.tsx:295:12
Error: Unexpected token. Did you mean `{'}'}` or `&rbrace;`?
  293 |               </div>
  294 |             </PantallaFunnel>
> 295 |           )}
      |            ^
  296 |
  297 |           {paso === 'loading' && plato && (
  298 |             <LoadingPlan

Parsing ecmascript source code failed

Import traces:
  Client Component Browser:
    ./app/onboarding/page.tsx [Client Component Browser]
    ./app/onboarding/page.tsx [Server Component]

  Client Component SSR:
    ./app/onboarding/page.tsx [Client Component SSR]
    ./app/onboarding/page.tsx [Server Component] @ http://localhost:3000/_next/static/chunks/node_modules_next_dist_1e8vcs8._.js:1052
[  134730ms] [ERROR] ./app/onboarding/page.tsx:295:12
Error: Unexpected token. Did you mean `{'}'}` or `&rbrace;`?
  293 |               </div>
  294 |             </PantallaFunnel>
> 295 |           )}
      |            ^
  296 |
  297 |           {paso === 'loading' && plato && (
  298 |             <LoadingPlan

Parsing ecmascript source code failed

Import traces:
  Client Component Browser:
    ./app/onboarding/page.tsx [Client Component Browser]
    ./app/onboarding/page.tsx [Server Component]

  Client Component SSR:
    ./app/onboarding/page.tsx [Client Component SSR]
    ./app/onboarding/page.tsx [Server Component] @ http://localhost:3000/_next/static/chunks/node_modules_next_dist_1e8vcs8._.js:1052
[  134770ms] [ERROR] ./app/onboarding/page.tsx:295:12
Error: Unexpected token. Did you mean `{'}'}` or `&rbrace;`?
  293 |               </div>
  294 |             </PantallaFunnel>
> 295 |           )}
      |            ^
  296 |
  297 |           {paso === 'loading' && plato && (
  298 |             <LoadingPlan

Parsing ecmascript source code failed

Import traces:
  Client Component Browser:
    ./app/onboarding/page.tsx [Client Component Browser]
    ./app/onboarding/page.tsx [Server Component]

  Client Component SSR:
    ./app/onboarding/page.tsx [Client Component SSR]
    ./app/onboarding/page.tsx [Server Component] @ http://localhost:3000/_next/static/chunks/node_modules_next_dist_1e8vcs8._.js:1052
[  134830ms] [ERROR] ./app/onboarding/page.tsx:295:12
Error: Unexpected token. Did you mean `{'}'}` or `&rbrace;`?
  293 |               </div>
  294 |             </PantallaFunnel>
> 295 |           )}
      |            ^
  296 |
  297 |           {paso === 'loading' && plato && (
  298 |             <LoadingPlan

Parsing ecmascript source code failed

Import traces:
  Client Component Browser:
    ./app/onboarding/page.tsx [Client Component Browser]
    ./app/onboarding/page.tsx [Server Component]

  Client Component SSR:
    ./app/onboarding/page.tsx [Client Component SSR]
    ./app/onboarding/page.tsx [Server Component] @ http://localhost:3000/_next/static/chunks/node_modules_next_dist_1e8vcs8._.js:1052
[  134877ms] [ERROR] ./app/onboarding/page.tsx:295:12
Error: Unexpected token. Did you mean `{'}'}` or `&rbrace;`?
  293 |               </div>
  294 |             </PantallaFunnel>
> 295 |           )}
      |            ^
  296 |
  297 |           {paso === 'loading' && plato && (
  298 |             <LoadingPlan

Parsing ecmascript source code failed

Import traces:
  Client Component Browser:
    ./app/onboarding/page.tsx [Client Component Browser]
    ./app/onboarding/page.tsx [Server Component]

  Client Component SSR:
    ./app/onboarding/page.tsx [Client Component SSR]
    ./app/onboarding/page.tsx [Server Component] @ http://localhost:3000/_next/static/chunks/node_modules_next_dist_1e8vcs8._.js:1052
[  134917ms] [ERROR] ./app/onboarding/page.tsx:295:12
Error: Unexpected token. Did you mean `{'}'}` or `&rbrace;`?
  293 |               </div>
  294 |             </PantallaFunnel>
> 295 |           )}
      |            ^
  296 |
  297 |           {paso === 'loading' && plato && (
  298 |             <LoadingPlan

Parsing ecmascript source code failed

Import traces:
  Client Component Browser:
    ./app/onboarding/page.tsx [Client Component Browser]
    ./app/onboarding/page.tsx [Server Component]

  Client Component SSR:
    ./app/onboarding/page.tsx [Client Component SSR]
    ./app/onboarding/page.tsx [Server Component] @ http://localhost:3000/_next/static/chunks/node_modules_next_dist_1e8vcs8._.js:1052
[  134965ms] [ERROR] ./app/onboarding/page.tsx:295:12
Error: Unexpected token. Did you mean `{'}'}` or `&rbrace;`?
  293 |               </div>
  294 |             </PantallaFunnel>
> 295 |           )}
      |            ^
  296 |
  297 |           {paso === 'loading' && plato && (
  298 |             <LoadingPlan

Parsing ecmascript source code failed

Import traces:
  Client Component Browser:
    ./app/onboarding/page.tsx [Client Component Browser]
    ./app/onboarding/page.tsx [Server Component]

  Client Component SSR:
    ./app/onboarding/page.tsx [Client Component SSR]
    ./app/onboarding/page.tsx [Server Component] @ http://localhost:3000/_next/static/chunks/node_modules_next_dist_1e8vcs8._.js:1052
[  135014ms] [ERROR] ./app/onboarding/page.tsx:295:12
Error: Unexpected token. Did you mean `{'}'}` or `&rbrace;`?
  293 |               </div>
  294 |             </PantallaFunnel>
> 295 |           )}
      |            ^
  296 |
  297 |           {paso === 'loading' && plato && (
  298 |             <LoadingPlan

Parsing ecmascript source code failed

Import traces:
  Client Component Browser:
    ./app/onboarding/page.tsx [Client Component Browser]
    ./app/onboarding/page.tsx [Server Component]

  Client Component SSR:
    ./app/onboarding/page.tsx [Client Component SSR]
    ./app/onboarding/page.tsx [Server Component] @ http://localhost:3000/_next/static/chunks/node_modules_next_dist_1e8vcs8._.js:1052
[  135063ms] [ERROR] ./app/onboarding/page.tsx:295:12
Error: Unexpected token. Did you mean `{'}'}` or `&rbrace;`?
  293 |               </div>
  294 |             </PantallaFunnel>
> 295 |           )}
      |            ^
  296 |
  297 |           {paso === 'loading' && plato && (
  298 |             <LoadingPlan

Parsing ecmascript source code failed

Import traces:
  Client Component Browser:
    ./app/onboarding/page.tsx [Client Component Browser]
    ./app/onboarding/page.tsx [Server Component]

  Client Component SSR:
    ./app/onboarding/page.tsx [Client Component SSR]
    ./app/onboarding/page.tsx [Server Component] @ http://localhost:3000/_next/static/chunks/node_modules_next_dist_1e8vcs8._.js:1052
[  135113ms] [ERROR] ./app/onboarding/page.tsx:295:12
Error: Unexpected token. Did you mean `{'}'}` or `&rbrace;`?
  293 |               </div>
  294 |             </PantallaFunnel>
> 295 |           )}
      |            ^
  296 |
  297 |           {paso === 'loading' && plato && (
  298 |             <LoadingPlan

Parsing ecmascript source code failed

Import traces:
  Client Component Browser:
    ./app/onboarding/page.tsx [Client Component Browser]
    ./app/onboarding/page.tsx [Server Component]

  Client Component SSR:
    ./app/onboarding/page.tsx [Client Component SSR]
    ./app/onboarding/page.tsx [Server Component] @ http://localhost:3000/_next/static/chunks/node_modules_next_dist_1e8vcs8._.js:1052
[  135169ms] [ERROR] ./app/onboarding/page.tsx:295:12
Error: Unexpected token. Did you mean `{'}'}` or `&rbrace;`?
  293 |               </div>
  294 |             </PantallaFunnel>
> 295 |           )}
      |            ^
  296 |
  297 |           {paso === 'loading' && plato && (
  298 |             <LoadingPlan

Parsing ecmascript source code failed

Import traces:
  Client Component Browser:
    ./app/onboarding/page.tsx [Client Component Browser]
    ./app/onboarding/page.tsx [Server Component]

  Client Component SSR:
    ./app/onboarding/page.tsx [Client Component SSR]
    ./app/onboarding/page.tsx [Server Component] @ http://localhost:3000/_next/static/chunks/node_modules_next_dist_1e8vcs8._.js:1052
[  135219ms] [ERROR] ./app/onboarding/page.tsx:295:12
Error: Unexpected token. Did you mean `{'}'}` or `&rbrace;`?
  293 |               </div>
  294 |             </PantallaFunnel>
> 295 |           )}
      |            ^
  296 |
  297 |           {paso === 'loading' && plato && (
  298 |             <LoadingPlan

Parsing ecmascript source code failed

Import traces:
  Client Component Browser:
    ./app/onboarding/page.tsx [Client Component Browser]
    ./app/onboarding/page.tsx [Server Component]

  Client Component SSR:
    ./app/onboarding/page.tsx [Client Component SSR]
    ./app/onboarding/page.tsx [Server Component] @ http://localhost:3000/_next/static/chunks/node_modules_next_dist_1e8vcs8._.js:1052
[  135268ms] [ERROR] ./app/onboarding/page.tsx:295:12
Error: Unexpected token. Did you mean `{'}'}` or `&rbrace;`?
  293 |               </div>
  294 |             </PantallaFunnel>
> 295 |           )}
      |            ^
  296 |
  297 |           {paso === 'loading' && plato && (
  298 |             <LoadingPlan

Parsing ecmascript source code failed

Import traces:
  Client Component Browser:
    ./app/onboarding/page.tsx [Client Component Browser]
    ./app/onboarding/page.tsx [Server Component]

  Client Component SSR:
    ./app/onboarding/page.tsx [Client Component SSR]
    ./app/onboarding/page.tsx [Server Component] @ http://localhost:3000/_next/static/chunks/node_modules_next_dist_1e8vcs8._.js:1052
[  135329ms] [ERROR] ./app/onboarding/page.tsx:295:12
Error: Unexpected token. Did you mean `{'}'}` or `&rbrace;`?
  293 |               </div>
  294 |             </PantallaFunnel>
> 295 |           )}
      |            ^
  296 |
  297 |           {paso === 'loading' && plato && (
  298 |             <LoadingPlan

Parsing ecmascript source code failed

Import traces:
  Client Component Browser:
    ./app/onboarding/page.tsx [Client Component Browser]
    ./app/onboarding/page.tsx [Server Component]

  Client Component SSR:
    ./app/onboarding/page.tsx [Client Component SSR]
    ./app/onboarding/page.tsx [Server Component] @ http://localhost:3000/_next/static/chunks/node_modules_next_dist_1e8vcs8._.js:1052
[  135395ms] [ERROR] ./app/onboarding/page.tsx:295:12
Error: Unexpected token. Did you mean `{'}'}` or `&rbrace;`?
  293 |               </div>
  294 |             </PantallaFunnel>
> 295 |           )}
      |            ^
  296 |
  297 |           {paso === 'loading' && plato && (
  298 |             <LoadingPlan

Parsing ecmascript source code failed

Import traces:
  Client Component Browser:
    ./app/onboarding/page.tsx [Client Component Browser]
    ./app/onboarding/page.tsx [Server Component]

  Client Component SSR:
    ./app/onboarding/page.tsx [Client Component SSR]
    ./app/onboarding/page.tsx [Server Component] @ http://localhost:3000/_next/static/chunks/node_modules_next_dist_1e8vcs8._.js:1052
[  135441ms] [ERROR] ./app/onboarding/page.tsx:295:12
Error: Unexpected token. Did you mean `{'}'}` or `&rbrace;`?
  293 |               </div>
  294 |             </PantallaFunnel>
> 295 |           )}
      |            ^
  296 |
  297 |           {paso === 'loading' && plato && (
  298 |             <LoadingPlan

Parsing ecmascript source code failed

Import traces:
  Client Component Browser:
    ./app/onboarding/page.tsx [Client Component Browser]
    ./app/onboarding/page.tsx [Server Component]

  Client Component SSR:
    ./app/onboarding/page.tsx [Client Component SSR]
    ./app/onboarding/page.tsx [Server Component] @ http://localhost:3000/_next/static/chunks/node_modules_next_dist_1e8vcs8._.js:1052
[  135485ms] [ERROR] ./app/onboarding/page.tsx:295:12
Error: Unexpected token. Did you mean `{'}'}` or `&rbrace;`?
  293 |               </div>
  294 |             </PantallaFunnel>
> 295 |           )}
      |            ^
  296 |
  297 |           {paso === 'loading' && plato && (
  298 |             <LoadingPlan

Parsing ecmascript source code failed

Import traces:
  Client Component Browser:
    ./app/onboarding/page.tsx [Client Component Browser]
    ./app/onboarding/page.tsx [Server Component]

  Client Component SSR:
    ./app/onboarding/page.tsx [Client Component SSR]
    ./app/onboarding/page.tsx [Server Component] @ http://localhost:3000/_next/static/chunks/node_modules_next_dist_1e8vcs8._.js:1052
[  135533ms] [ERROR] ./app/onboarding/page.tsx:295:12
Error: Unexpected token. Did you mean `{'}'}` or `&rbrace;`?
  293 |               </div>
  294 |             </PantallaFunnel>
> 295 |           )}
      |            ^
  296 |
  297 |           {paso === 'loading' && plato && (
  298 |             <LoadingPlan

Parsing ecmascript source code failed

Import traces:
  Client Component Browser:
    ./app/onboarding/page.tsx [Client Component Browser]
    ./app/onboarding/page.tsx [Server Component]

  Client Component SSR:
    ./app/onboarding/page.tsx [Client Component SSR]
    ./app/onboarding/page.tsx [Server Component] @ http://localhost:3000/_next/static/chunks/node_modules_next_dist_1e8vcs8._.js:1052
[  135584ms] [ERROR] ./app/onboarding/page.tsx:295:12
Error: Unexpected token. Did you mean `{'}'}` or `&rbrace;`?
  293 |               </div>
  294 |             </PantallaFunnel>
> 295 |           )}
      |            ^
  296 |
  297 |           {paso === 'loading' && plato && (
  298 |             <LoadingPlan

Parsing ecmascript source code failed

Import traces:
  Client Component Browser:
    ./app/onboarding/page.tsx [Client Component Browser]
    ./app/onboarding/page.tsx [Server Component]

  Client Component SSR:
    ./app/onboarding/page.tsx [Client Component SSR]
    ./app/onboarding/page.tsx [Server Component] @ http://localhost:3000/_next/static/chunks/node_modules_next_dist_1e8vcs8._.js:1052
[  135632ms] [ERROR] ./app/onboarding/page.tsx:295:12
Error: Unexpected token. Did you mean `{'}'}` or `&rbrace;`?
  293 |               </div>
  294 |             </PantallaFunnel>
> 295 |           )}
      |            ^
  296 |
  297 |           {paso === 'loading' && plato && (
  298 |             <LoadingPlan

Parsing ecmascript source code failed

Import traces:
  Client Component Browser:
    ./app/onboarding/page.tsx [Client Component Browser]
    ./app/onboarding/page.tsx [Server Component]

  Client Component SSR:
    ./app/onboarding/page.tsx [Client Component SSR]
    ./app/onboarding/page.tsx [Server Component] @ http://localhost:3000/_next/static/chunks/node_modules_next_dist_1e8vcs8._.js:1052
[  135683ms] [ERROR] ./app/onboarding/page.tsx:295:12
Error: Unexpected token. Did you mean `{'}'}` or `&rbrace;`?
  293 |               </div>
  294 |             </PantallaFunnel>
> 295 |           )}
      |            ^
  296 |
  297 |           {paso === 'loading' && plato && (
  298 |             <LoadingPlan

Parsing ecmascript source code failed

Import traces:
  Client Component Browser:
    ./app/onboarding/page.tsx [Client Component Browser]
    ./app/onboarding/page.tsx [Server Component]

  Client Component SSR:
    ./app/onboarding/page.tsx [Client Component SSR]
    ./app/onboarding/page.tsx [Server Component] @ http://localhost:3000/_next/static/chunks/node_modules_next_dist_1e8vcs8._.js:1052
[  135742ms] [ERROR] ./app/onboarding/page.tsx:295:12
Error: Unexpected token. Did you mean `{'}'}` or `&rbrace;`?
  293 |               </div>
  294 |             </PantallaFunnel>
> 295 |           )}
      |            ^
  296 |
  297 |           {paso === 'loading' && plato && (
  298 |             <LoadingPlan

Parsing ecmascript source code failed

Import traces:
  Client Component Browser:
    ./app/onboarding/page.tsx [Client Component Browser]
    ./app/onboarding/page.tsx [Server Component]

  Client Component SSR:
    ./app/onboarding/page.tsx [Client Component SSR]
    ./app/onboarding/page.tsx [Server Component] @ http://localhost:3000/_next/static/chunks/node_modules_next_dist_1e8vcs8._.js:1052
[  135783ms] [ERROR] ./app/onboarding/page.tsx:295:12
Error: Unexpected token. Did you mean `{'}'}` or `&rbrace;`?
  293 |               </div>
  294 |             </PantallaFunnel>
> 295 |           )}
      |            ^
  296 |
  297 |           {paso === 'loading' && plato && (
  298 |             <LoadingPlan

Parsing ecmascript source code failed

Import traces:
  Client Component Browser:
    ./app/onboarding/page.tsx [Client Component Browser]
    ./app/onboarding/page.tsx [Server Component]

  Client Component SSR:
    ./app/onboarding/page.tsx [Client Component SSR]
    ./app/onboarding/page.tsx [Server Component] @ http://localhost:3000/_next/static/chunks/node_modules_next_dist_1e8vcs8._.js:1052
[  135833ms] [ERROR] ./app/onboarding/page.tsx:295:12
Error: Unexpected token. Did you mean `{'}'}` or `&rbrace;`?
  293 |               </div>
  294 |             </PantallaFunnel>
> 295 |           )}
      |            ^
  296 |
  297 |           {paso === 'loading' && plato && (
  298 |             <LoadingPlan

Parsing ecmascript source code failed

Import traces:
  Client Component Browser:
    ./app/onboarding/page.tsx [Client Component Browser]
    ./app/onboarding/page.tsx [Server Component]

  Client Component SSR:
    ./app/onboarding/page.tsx [Client Component SSR]
    ./app/onboarding/page.tsx [Server Component] @ http://localhost:3000/_next/static/chunks/node_modules_next_dist_1e8vcs8._.js:1052
[  135883ms] [ERROR] ./app/onboarding/page.tsx:295:12
Error: Unexpected token. Did you mean `{'}'}` or `&rbrace;`?
  293 |               </div>
  294 |             </PantallaFunnel>
> 295 |           )}
      |            ^
  296 |
  297 |           {paso === 'loading' && plato && (
  298 |             <LoadingPlan

Parsing ecmascript source code failed

Import traces:
  Client Component Browser:
    ./app/onboarding/page.tsx [Client Component Browser]
    ./app/onboarding/page.tsx [Server Component]

  Client Component SSR:
    ./app/onboarding/page.tsx [Client Component SSR]
    ./app/onboarding/page.tsx [Server Component] @ http://localhost:3000/_next/static/chunks/node_modules_next_dist_1e8vcs8._.js:1052
[  135933ms] [ERROR] ./app/onboarding/page.tsx:295:12
Error: Unexpected token. Did you mean `{'}'}` or `&rbrace;`?
  293 |               </div>
  294 |             </PantallaFunnel>
> 295 |           )}
      |            ^
  296 |
  297 |           {paso === 'loading' && plato && (
  298 |             <LoadingPlan

Parsing ecmascript source code failed

Import traces:
  Client Component Browser:
    ./app/onboarding/page.tsx [Client Component Browser]
    ./app/onboarding/page.tsx [Server Component]

  Client Component SSR:
    ./app/onboarding/page.tsx [Client Component SSR]
    ./app/onboarding/page.tsx [Server Component] @ http://localhost:3000/_next/static/chunks/node_modules_next_dist_1e8vcs8._.js:1052
[  135978ms] [ERROR] ./app/onboarding/page.tsx:295:12
Error: Unexpected token. Did you mean `{'}'}` or `&rbrace;`?
  293 |               </div>
  294 |             </PantallaFunnel>
> 295 |           )}
      |            ^
  296 |
  297 |           {paso === 'loading' && plato && (
  298 |             <LoadingPlan

Parsing ecmascript source code failed

Import traces:
  Client Component Browser:
    ./app/onboarding/page.tsx [Client Component Browser]
    ./app/onboarding/page.tsx [Server Component]

  Client Component SSR:
    ./app/onboarding/page.tsx [Client Component SSR]
    ./app/onboarding/page.tsx [Server Component] @ http://localhost:3000/_next/static/chunks/node_modules_next_dist_1e8vcs8._.js:1052
[  136030ms] [ERROR] ./app/onboarding/page.tsx:295:12
Error: Unexpected token. Did you mean `{'}'}` or `&rbrace;`?
  293 |               </div>
  294 |             </PantallaFunnel>
> 295 |           )}
      |            ^
  296 |
  297 |           {paso === 'loading' && plato && (
  298 |             <LoadingPlan

Parsing ecmascript source code failed

Import traces:
  Client Component Browser:
    ./app/onboarding/page.tsx [Client Component Browser]
    ./app/onboarding/page.tsx [Server Component]

  Client Component SSR:
    ./app/onboarding/page.tsx [Client Component SSR]
    ./app/onboarding/page.tsx [Server Component] @ http://localhost:3000/_next/static/chunks/node_modules_next_dist_1e8vcs8._.js:1052
[  136082ms] [ERROR] ./app/onboarding/page.tsx:295:12
Error: Unexpected token. Did you mean `{'}'}` or `&rbrace;`?
  293 |               </div>
  294 |             </PantallaFunnel>
> 295 |           )}
      |            ^
  296 |
  297 |           {paso === 'loading' && plato && (
  298 |             <LoadingPlan

Parsing ecmascript source code failed

Import traces:
  Client Component Browser:
    ./app/onboarding/page.tsx [Client Component Browser]
    ./app/onboarding/page.tsx [Server Component]

  Client Component SSR:
    ./app/onboarding/page.tsx [Client Component SSR]
    ./app/onboarding/page.tsx [Server Component] @ http://localhost:3000/_next/static/chunks/node_modules_next_dist_1e8vcs8._.js:1052
[  136130ms] [ERROR] ./app/onboarding/page.tsx:295:12
Error: Unexpected token. Did you mean `{'}'}` or `&rbrace;`?
  293 |               </div>
  294 |             </PantallaFunnel>
> 295 |           )}
      |            ^
  296 |
  297 |           {paso === 'loading' && plato && (
  298 |             <LoadingPlan

Parsing ecmascript source code failed

Import traces:
  Client Component Browser:
    ./app/onboarding/page.tsx [Client Component Browser]
    ./app/onboarding/page.tsx [Server Component]

  Client Component SSR:
    ./app/onboarding/page.tsx [Client Component SSR]
    ./app/onboarding/page.tsx [Server Component] @ http://localhost:3000/_next/static/chunks/node_modules_next_dist_1e8vcs8._.js:1052
[  136183ms] [ERROR] ./app/onboarding/page.tsx:295:12
Error: Unexpected token. Did you mean `{'}'}` or `&rbrace;`?
  293 |               </div>
  294 |             </PantallaFunnel>
> 295 |           )}
      |            ^
  296 |
  297 |           {paso === 'loading' && plato && (
  298 |             <LoadingPlan

Parsing ecmascript source code failed

Import traces:
  Client Component Browser:
    ./app/onboarding/page.tsx [Client Component Browser]
    ./app/onboarding/page.tsx [Server Component]

  Client Component SSR:
    ./app/onboarding/page.tsx [Client Component SSR]
    ./app/onboarding/page.tsx [Server Component] @ http://localhost:3000/_next/static/chunks/node_modules_next_dist_1e8vcs8._.js:1052
[  136233ms] [ERROR] ./app/onboarding/page.tsx:295:12
Error: Unexpected token. Did you mean `{'}'}` or `&rbrace;`?
  293 |               </div>
  294 |             </PantallaFunnel>
> 295 |           )}
      |            ^
  296 |
  297 |           {paso === 'loading' && plato && (
  298 |             <LoadingPlan

Parsing ecmascript source code failed

Import traces:
  Client Component Browser:
    ./app/onboarding/page.tsx [Client Component Browser]
    ./app/onboarding/page.tsx [Server Component]

  Client Component SSR:
    ./app/onboarding/page.tsx [Client Component SSR]
    ./app/onboarding/page.tsx [Server Component] @ http://localhost:3000/_next/static/chunks/node_modules_next_dist_1e8vcs8._.js:1052
[  136282ms] [ERROR] ./app/onboarding/page.tsx:295:12
Error: Unexpected token. Did you mean `{'}'}` or `&rbrace;`?
  293 |               </div>
  294 |             </PantallaFunnel>
> 295 |           )}
      |            ^
  296 |
  297 |           {paso === 'loading' && plato && (
  298 |             <LoadingPlan

Parsing ecmascript source code failed

Import traces:
  Client Component Browser:
    ./app/onboarding/page.tsx [Client Component Browser]
    ./app/onboarding/page.tsx [Server Component]

  Client Component SSR:
    ./app/onboarding/page.tsx [Client Component SSR]
    ./app/onboarding/page.tsx [Server Component] @ http://localhost:3000/_next/static/chunks/node_modules_next_dist_1e8vcs8._.js:1052
[  136328ms] [ERROR] ./app/onboarding/page.tsx:295:12
Error: Unexpected token. Did you mean `{'}'}` or `&rbrace;`?
  293 |               </div>
  294 |             </PantallaFunnel>
> 295 |           )}
      |            ^
  296 |
  297 |           {paso === 'loading' && plato && (
  298 |             <LoadingPlan

Parsing ecmascript source code failed

Import traces:
  Client Component Browser:
    ./app/onboarding/page.tsx [Client Component Browser]
    ./app/onboarding/page.tsx [Server Component]

  Client Component SSR:
    ./app/onboarding/page.tsx [Client Component SSR]
    ./app/onboarding/page.tsx [Server Component] @ http://localhost:3000/_next/static/chunks/node_modules_next_dist_1e8vcs8._.js:1052
[  136381ms] [ERROR] ./app/onboarding/page.tsx:295:12
Error: Unexpected token. Did you mean `{'}'}` or `&rbrace;`?
  293 |               </div>
  294 |             </PantallaFunnel>
> 295 |           )}
      |            ^
  296 |
  297 |           {paso === 'loading' && plato && (
  298 |             <LoadingPlan

Parsing ecmascript source code failed

Import traces:
  Client Component Browser:
    ./app/onboarding/page.tsx [Client Component Browser]
    ./app/onboarding/page.tsx [Server Component]

  Client Component SSR:
    ./app/onboarding/page.tsx [Client Component SSR]
    ./app/onboarding/page.tsx [Server Component] @ http://localhost:3000/_next/static/chunks/node_modules_next_dist_1e8vcs8._.js:1052
[  136431ms] [ERROR] ./app/onboarding/page.tsx:295:12
Error: Unexpected token. Did you mean `{'}'}` or `&rbrace;`?
  293 |               </div>
  294 |             </PantallaFunnel>
> 295 |           )}
      |            ^
  296 |
  297 |           {paso === 'loading' && plato && (
  298 |             <LoadingPlan

Parsing ecmascript source code failed

Import traces:
  Client Component Browser:
    ./app/onboarding/page.tsx [Client Component Browser]
    ./app/onboarding/page.tsx [Server Component]

  Client Component SSR:
    ./app/onboarding/page.tsx [Client Component SSR]
    ./app/onboarding/page.tsx [Server Component] @ http://localhost:3000/_next/static/chunks/node_modules_next_dist_1e8vcs8._.js:1052
[  136481ms] [ERROR] ./app/onboarding/page.tsx:295:12
Error: Unexpected token. Did you mean `{'}'}` or `&rbrace;`?
  293 |               </div>
  294 |             </PantallaFunnel>
> 295 |           )}
      |            ^
  296 |
  297 |           {paso === 'loading' && plato && (
  298 |             <LoadingPlan

Parsing ecmascript source code failed

Import traces:
  Client Component Browser:
    ./app/onboarding/page.tsx [Client Component Browser]
    ./app/onboarding/page.tsx [Server Component]

  Client Component SSR:
    ./app/onboarding/page.tsx [Client Component SSR]
    ./app/onboarding/page.tsx [Server Component] @ http://localhost:3000/_next/static/chunks/node_modules_next_dist_1e8vcs8._.js:1052
[  136532ms] [ERROR] ./app/onboarding/page.tsx:295:12
Error: Unexpected token. Did you mean `{'}'}` or `&rbrace;`?
  293 |               </div>
  294 |             </PantallaFunnel>
> 295 |           )}
      |            ^
  296 |
  297 |           {paso === 'loading' && plato && (
  298 |             <LoadingPlan

Parsing ecmascript source code failed

Import traces:
  Client Component Browser:
    ./app/onboarding/page.tsx [Client Component Browser]
    ./app/onboarding/page.tsx [Server Component]

  Client Component SSR:
    ./app/onboarding/page.tsx [Client Component SSR]
    ./app/onboarding/page.tsx [Server Component] @ http://localhost:3000/_next/static/chunks/node_modules_next_dist_1e8vcs8._.js:1052
[  136581ms] [ERROR] ./app/onboarding/page.tsx:295:12
Error: Unexpected token. Did you mean `{'}'}` or `&rbrace;`?
  293 |               </div>
  294 |             </PantallaFunnel>
> 295 |           )}
      |            ^
  296 |
  297 |           {paso === 'loading' && plato && (
  298 |             <LoadingPlan

Parsing ecmascript source code failed

Import traces:
  Client Component Browser:
    ./app/onboarding/page.tsx [Client Component Browser]
    ./app/onboarding/page.tsx [Server Component]

  Client Component SSR:
    ./app/onboarding/page.tsx [Client Component SSR]
    ./app/onboarding/page.tsx [Server Component] @ http://localhost:3000/_next/static/chunks/node_modules_next_dist_1e8vcs8._.js:1052
[  136622ms] [ERROR] ./app/onboarding/page.tsx:295:12
Error: Unexpected token. Did you mean `{'}'}` or `&rbrace;`?
  293 |               </div>
  294 |             </PantallaFunnel>
> 295 |           )}
      |            ^
  296 |
  297 |           {paso === 'loading' && plato && (
  298 |             <LoadingPlan

Parsing ecmascript source code failed

Import traces:
  Client Component Browser:
    ./app/onboarding/page.tsx [Client Component Browser]
    ./app/onboarding/page.tsx [Server Component]

  Client Component SSR:
    ./app/onboarding/page.tsx [Client Component SSR]
    ./app/onboarding/page.tsx [Server Component] @ http://localhost:3000/_next/static/chunks/node_modules_next_dist_1e8vcs8._.js:1052
[  136677ms] [ERROR] ./app/onboarding/page.tsx:295:12
Error: Unexpected token. Did you mean `{'}'}` or `&rbrace;`?
  293 |               </div>
  294 |             </PantallaFunnel>
> 295 |           )}
      |            ^
  296 |
  297 |           {paso === 'loading' && plato && (
  298 |             <LoadingPlan

Parsing ecmascript source code failed

Import traces:
  Client Component Browser:
    ./app/onboarding/page.tsx [Client Component Browser]
    ./app/onboarding/page.tsx [Server Component]

  Client Component SSR:
    ./app/onboarding/page.tsx [Client Component SSR]
    ./app/onboarding/page.tsx [Server Component] @ http://localhost:3000/_next/static/chunks/node_modules_next_dist_1e8vcs8._.js:1052
[  136721ms] [ERROR] ./app/onboarding/page.tsx:295:12
Error: Unexpected token. Did you mean `{'}'}` or `&rbrace;`?
  293 |               </div>
  294 |             </PantallaFunnel>
> 295 |           )}
      |            ^
  296 |
  297 |           {paso === 'loading' && plato && (
  298 |             <LoadingPlan

Parsing ecmascript source code failed

Import traces:
  Client Component Browser:
    ./app/onboarding/page.tsx [Client Component Browser]
    ./app/onboarding/page.tsx [Server Component]

  Client Component SSR:
    ./app/onboarding/page.tsx [Client Component SSR]
    ./app/onboarding/page.tsx [Server Component] @ http://localhost:3000/_next/static/chunks/node_modules_next_dist_1e8vcs8._.js:1052
[  136764ms] [ERROR] ./app/onboarding/page.tsx:295:12
Error: Unexpected token. Did you mean `{'}'}` or `&rbrace;`?
  293 |               </div>
  294 |             </PantallaFunnel>
> 295 |           )}
      |            ^
  296 |
  297 |           {paso === 'loading' && plato && (
  298 |             <LoadingPlan

Parsing ecmascript source code failed

Import traces:
  Client Component Browser:
    ./app/onboarding/page.tsx [Client Component Browser]
    ./app/onboarding/page.tsx [Server Component]

  Client Component SSR:
    ./app/onboarding/page.tsx [Client Component SSR]
    ./app/onboarding/page.tsx [Server Component] @ http://localhost:3000/_next/static/chunks/node_modules_next_dist_1e8vcs8._.js:1052
[  136826ms] [ERROR] ./app/onboarding/page.tsx:295:12
Error: Unexpected token. Did you mean `{'}'}` or `&rbrace;`?
  293 |               </div>
  294 |             </PantallaFunnel>
> 295 |           )}
      |            ^
  296 |
  297 |           {paso === 'loading' && plato && (
  298 |             <LoadingPlan

Parsing ecmascript source code failed

Import traces:
  Client Component Browser:
    ./app/onboarding/page.tsx [Client Component Browser]
    ./app/onboarding/page.tsx [Server Component]

  Client Component SSR:
    ./app/onboarding/page.tsx [Client Component SSR]
    ./app/onboarding/page.tsx [Server Component] @ http://localhost:3000/_next/static/chunks/node_modules_next_dist_1e8vcs8._.js:1052
[  136882ms] [ERROR] ./app/onboarding/page.tsx:295:12
Error: Unexpected token. Did you mean `{'}'}` or `&rbrace;`?
  293 |               </div>
  294 |             </PantallaFunnel>
> 295 |           )}
      |            ^
  296 |
  297 |           {paso === 'loading' && plato && (
  298 |             <LoadingPlan

Parsing ecmascript source code failed

Import traces:
  Client Component Browser:
    ./app/onboarding/page.tsx [Client Component Browser]
    ./app/onboarding/page.tsx [Server Component]

  Client Component SSR:
    ./app/onboarding/page.tsx [Client Component SSR]
    ./app/onboarding/page.tsx [Server Component] @ http://localhost:3000/_next/static/chunks/node_modules_next_dist_1e8vcs8._.js:1052
[  136931ms] [ERROR] ./app/onboarding/page.tsx:295:12
Error: Unexpected token. Did you mean `{'}'}` or `&rbrace;`?
  293 |               </div>
  294 |             </PantallaFunnel>
> 295 |           )}
      |            ^
  296 |
  297 |           {paso === 'loading' && plato && (
  298 |             <LoadingPlan

Parsing ecmascript source code failed

Import traces:
  Client Component Browser:
    ./app/onboarding/page.tsx [Client Component Browser]
    ./app/onboarding/page.tsx [Server Component]

  Client Component SSR:
    ./app/onboarding/page.tsx [Client Component SSR]
    ./app/onboarding/page.tsx [Server Component] @ http://localhost:3000/_next/static/chunks/node_modules_next_dist_1e8vcs8._.js:1052
[  136982ms] [ERROR] ./app/onboarding/page.tsx:295:12
Error: Unexpected token. Did you mean `{'}'}` or `&rbrace;`?
  293 |               </div>
  294 |             </PantallaFunnel>
> 295 |           )}
      |            ^
  296 |
  297 |           {paso === 'loading' && plato && (
  298 |             <LoadingPlan

Parsing ecmascript source code failed

Import traces:
  Client Component Browser:
    ./app/onboarding/page.tsx [Client Component Browser]
    ./app/onboarding/page.tsx [Server Component]

  Client Component SSR:
    ./app/onboarding/page.tsx [Client Component SSR]
    ./app/onboarding/page.tsx [Server Component] @ http://localhost:3000/_next/static/chunks/node_modules_next_dist_1e8vcs8._.js:1052
[  137045ms] [ERROR] ./app/onboarding/page.tsx:295:12
Error: Unexpected token. Did you mean `{'}'}` or `&rbrace;`?
  293 |               </div>
  294 |             </PantallaFunnel>
> 295 |           )}
      |            ^
  296 |
  297 |           {paso === 'loading' && plato && (
  298 |             <LoadingPlan

Parsing ecmascript source code failed

Import traces:
  Client Component Browser:
    ./app/onboarding/page.tsx [Client Component Browser]
    ./app/onboarding/page.tsx [Server Component]

  Client Component SSR:
    ./app/onboarding/page.tsx [Client Component SSR]
    ./app/onboarding/page.tsx [Server Component] @ http://localhost:3000/_next/static/chunks/node_modules_next_dist_1e8vcs8._.js:1052
[  137100ms] [ERROR] ./app/onboarding/page.tsx:295:12
Error: Unexpected token. Did you mean `{'}'}` or `&rbrace;`?
  293 |               </div>
  294 |             </PantallaFunnel>
> 295 |           )}
      |            ^
  296 |
  297 |           {paso === 'loading' && plato && (
  298 |             <LoadingPlan

Parsing ecmascript source code failed

Import traces:
  Client Component Browser:
    ./app/onboarding/page.tsx [Client Component Browser]
    ./app/onboarding/page.tsx [Server Component]

  Client Component SSR:
    ./app/onboarding/page.tsx [Client Component SSR]
    ./app/onboarding/page.tsx [Server Component] @ http://localhost:3000/_next/static/chunks/node_modules_next_dist_1e8vcs8._.js:1052
[  137151ms] [ERROR] ./app/onboarding/page.tsx:295:12
Error: Unexpected token. Did you mean `{'}'}` or `&rbrace;`?
  293 |               </div>
  294 |             </PantallaFunnel>
> 295 |           )}
      |            ^
  296 |
  297 |           {paso === 'loading' && plato && (
  298 |             <LoadingPlan

Parsing ecmascript source code failed

Import traces:
  Client Component Browser:
    ./app/onboarding/page.tsx [Client Component Browser]
    ./app/onboarding/page.tsx [Server Component]

  Client Component SSR:
    ./app/onboarding/page.tsx [Client Component SSR]
    ./app/onboarding/page.tsx [Server Component] @ http://localhost:3000/_next/static/chunks/node_modules_next_dist_1e8vcs8._.js:1052
[  137200ms] [ERROR] ./app/onboarding/page.tsx:295:12
Error: Unexpected token. Did you mean `{'}'}` or `&rbrace;`?
  293 |               </div>
  294 |             </PantallaFunnel>
> 295 |           )}
      |            ^
  296 |
  297 |           {paso === 'loading' && plato && (
  298 |             <LoadingPlan

Parsing ecmascript source code failed

Import traces:
  Client Component Browser:
    ./app/onboarding/page.tsx [Client Component Browser]
    ./app/onboarding/page.tsx [Server Component]

  Client Component SSR:
    ./app/onboarding/page.tsx [Client Component SSR]
    ./app/onboarding/page.tsx [Server Component] @ http://localhost:3000/_next/static/chunks/node_modules_next_dist_1e8vcs8._.js:1052
[  137253ms] [ERROR] ./app/onboarding/page.tsx:295:12
Error: Unexpected token. Did you mean `{'}'}` or `&rbrace;`?
  293 |               </div>
  294 |             </PantallaFunnel>
> 295 |           )}
      |            ^
  296 |
  297 |           {paso === 'loading' && plato && (
  298 |             <LoadingPlan

Parsing ecmascript source code failed

Import traces:
  Client Component Browser:
    ./app/onboarding/page.tsx [Client Component Browser]
    ./app/onboarding/page.tsx [Server Component]

  Client Component SSR:
    ./app/onboarding/page.tsx [Client Component SSR]
    ./app/onboarding/page.tsx [Server Component] @ http://localhost:3000/_next/static/chunks/node_modules_next_dist_1e8vcs8._.js:1052
[  137302ms] [ERROR] ./app/onboarding/page.tsx:295:12
Error: Unexpected token. Did you mean `{'}'}` or `&rbrace;`?
  293 |               </div>
  294 |             </PantallaFunnel>
> 295 |           )}
      |            ^
  296 |
  297 |           {paso === 'loading' && plato && (
  298 |             <LoadingPlan

Parsing ecmascript source code failed

Import traces:
  Client Component Browser:
    ./app/onboarding/page.tsx [Client Component Browser]
    ./app/onboarding/page.tsx [Server Component]

  Client Component SSR:
    ./app/onboarding/page.tsx [Client Component SSR]
    ./app/onboarding/page.tsx [Server Component] @ http://localhost:3000/_next/static/chunks/node_modules_next_dist_1e8vcs8._.js:1052
[  137349ms] [ERROR] ./app/onboarding/page.tsx:295:12
Error: Unexpected token. Did you mean `{'}'}` or `&rbrace;`?
  293 |               </div>
  294 |             </PantallaFunnel>
> 295 |           )}
      |            ^
  296 |
  297 |           {paso === 'loading' && plato && (
  298 |             <LoadingPlan

Parsing ecmascript source code failed

Import traces:
  Client Component Browser:
    ./app/onboarding/page.tsx [Client Component Browser]
    ./app/onboarding/page.tsx [Server Component]

  Client Component SSR:
    ./app/onboarding/page.tsx [Client Component SSR]
    ./app/onboarding/page.tsx [Server Component] @ http://localhost:3000/_next/static/chunks/node_modules_next_dist_1e8vcs8._.js:1052
[  137400ms] [ERROR] ./app/onboarding/page.tsx:295:12
Error: Unexpected token. Did you mean `{'}'}` or `&rbrace;`?
  293 |               </div>
  294 |             </PantallaFunnel>
> 295 |           )}
      |            ^
  296 |
  297 |           {paso === 'loading' && plato && (
  298 |             <LoadingPlan

Parsing ecmascript source code failed

Import traces:
  Client Component Browser:
    ./app/onboarding/page.tsx [Client Component Browser]
    ./app/onboarding/page.tsx [Server Component]

  Client Component SSR:
    ./app/onboarding/page.tsx [Client Component SSR]
    ./app/onboarding/page.tsx [Server Component] @ http://localhost:3000/_next/static/chunks/node_modules_next_dist_1e8vcs8._.js:1052
[  137452ms] [ERROR] ./app/onboarding/page.tsx:295:12
Error: Unexpected token. Did you mean `{'}'}` or `&rbrace;`?
  293 |               </div>
  294 |             </PantallaFunnel>
> 295 |           )}
      |            ^
  296 |
  297 |           {paso === 'loading' && plato && (
  298 |             <LoadingPlan

Parsing ecmascript source code failed

Import traces:
  Client Component Browser:
    ./app/onboarding/page.tsx [Client Component Browser]
    ./app/onboarding/page.tsx [Server Component]

  Client Component SSR:
    ./app/onboarding/page.tsx [Client Component SSR]
    ./app/onboarding/page.tsx [Server Component] @ http://localhost:3000/_next/static/chunks/node_modules_next_dist_1e8vcs8._.js:1052
[  137498ms] [ERROR] ./app/onboarding/page.tsx:295:12
Error: Unexpected token. Did you mean `{'}'}` or `&rbrace;`?
  293 |               </div>
  294 |             </PantallaFunnel>
> 295 |           )}
      |            ^
  296 |
  297 |           {paso === 'loading' && plato && (
  298 |             <LoadingPlan

Parsing ecmascript source code failed

Import traces:
  Client Component Browser:
    ./app/onboarding/page.tsx [Client Component Browser]
    ./app/onboarding/page.tsx [Server Component]

  Client Component SSR:
    ./app/onboarding/page.tsx [Client Component SSR]
    ./app/onboarding/page.tsx [Server Component] @ http://localhost:3000/_next/static/chunks/node_modules_next_dist_1e8vcs8._.js:1052
[  137553ms] [ERROR] ./app/onboarding/page.tsx:295:12
Error: Unexpected token. Did you mean `{'}'}` or `&rbrace;`?
  293 |               </div>
  294 |             </PantallaFunnel>
> 295 |           )}
      |            ^
  296 |
  297 |           {paso === 'loading' && plato && (
  298 |             <LoadingPlan

Parsing ecmascript source code failed

Import traces:
  Client Component Browser:
    ./app/onboarding/page.tsx [Client Component Browser]
    ./app/onboarding/page.tsx [Server Component]

  Client Component SSR:
    ./app/onboarding/page.tsx [Client Component SSR]
    ./app/onboarding/page.tsx [Server Component] @ http://localhost:3000/_next/static/chunks/node_modules_next_dist_1e8vcs8._.js:1052
[  137601ms] [ERROR] ./app/onboarding/page.tsx:295:12
Error: Unexpected token. Did you mean `{'}'}` or `&rbrace;`?
  293 |               </div>
  294 |             </PantallaFunnel>
> 295 |           )}
      |            ^
  296 |
  297 |           {paso === 'loading' && plato && (
  298 |             <LoadingPlan

Parsing ecmascript source code failed

Import traces:
  Client Component Browser:
    ./app/onboarding/page.tsx [Client Component Browser]
    ./app/onboarding/page.tsx [Server Component]

  Client Component SSR:
    ./app/onboarding/page.tsx [Client Component SSR]
    ./app/onboarding/page.tsx [Server Component] @ http://localhost:3000/_next/static/chunks/node_modules_next_dist_1e8vcs8._.js:1052
[  137649ms] [ERROR] ./app/onboarding/page.tsx:295:12
Error: Unexpected token. Did you mean `{'}'}` or `&rbrace;`?
  293 |               </div>
  294 |             </PantallaFunnel>
> 295 |           )}
      |            ^
  296 |
  297 |           {paso === 'loading' && plato && (
  298 |             <LoadingPlan

Parsing ecmascript source code failed

Import traces:
  Client Component Browser:
    ./app/onboarding/page.tsx [Client Component Browser]
    ./app/onboarding/page.tsx [Server Component]

  Client Component SSR:
    ./app/onboarding/page.tsx [Client Component SSR]
    ./app/onboarding/page.tsx [Server Component] @ http://localhost:3000/_next/static/chunks/node_modules_next_dist_1e8vcs8._.js:1052
[  137706ms] [ERROR] ./app/onboarding/page.tsx:295:12
Error: Unexpected token. Did you mean `{'}'}` or `&rbrace;`?
  293 |               </div>
  294 |             </PantallaFunnel>
> 295 |           )}
      |            ^
  296 |
  297 |           {paso === 'loading' && plato && (
  298 |             <LoadingPlan

Parsing ecmascript source code failed

Import traces:
  Client Component Browser:
    ./app/onboarding/page.tsx [Client Component Browser]
    ./app/onboarding/page.tsx [Server Component]

  Client Component SSR:
    ./app/onboarding/page.tsx [Client Component SSR]
    ./app/onboarding/page.tsx [Server Component] @ http://localhost:3000/_next/static/chunks/node_modules_next_dist_1e8vcs8._.js:1052
[  137761ms] [ERROR] ./app/onboarding/page.tsx:295:12
Error: Unexpected token. Did you mean `{'}'}` or `&rbrace;`?
  293 |               </div>
  294 |             </PantallaFunnel>
> 295 |           )}
      |            ^
  296 |
  297 |           {paso === 'loading' && plato && (
  298 |             <LoadingPlan

Parsing ecmascript source code failed

Import traces:
  Client Component Browser:
    ./app/onboarding/page.tsx [Client Component Browser]
    ./app/onboarding/page.tsx [Server Component]

  Client Component SSR:
    ./app/onboarding/page.tsx [Client Component SSR]
    ./app/onboarding/page.tsx [Server Component] @ http://localhost:3000/_next/static/chunks/node_modules_next_dist_1e8vcs8._.js:1052
[  137815ms] [ERROR] ./app/onboarding/page.tsx:295:12
Error: Unexpected token. Did you mean `{'}'}` or `&rbrace;`?
  293 |               </div>
  294 |             </PantallaFunnel>
> 295 |           )}
      |            ^
  296 |
  297 |           {paso === 'loading' && plato && (
  298 |             <LoadingPlan

Parsing ecmascript source code failed

Import traces:
  Client Component Browser:
    ./app/onboarding/page.tsx [Client Component Browser]
    ./app/onboarding/page.tsx [Server Component]

  Client Component SSR:
    ./app/onboarding/page.tsx [Client Component SSR]
    ./app/onboarding/page.tsx [Server Component] @ http://localhost:3000/_next/static/chunks/node_modules_next_dist_1e8vcs8._.js:1052
[  137864ms] [ERROR] ./app/onboarding/page.tsx:295:12
Error: Unexpected token. Did you mean `{'}'}` or `&rbrace;`?
  293 |               </div>
  294 |             </PantallaFunnel>
> 295 |           )}
      |            ^
  296 |
  297 |           {paso === 'loading' && plato && (
  298 |             <LoadingPlan

Parsing ecmascript source code failed

Import traces:
  Client Component Browser:
    ./app/onboarding/page.tsx [Client Component Browser]
    ./app/onboarding/page.tsx [Server Component]

  Client Component SSR:
    ./app/onboarding/page.tsx [Client Component SSR]
    ./app/onboarding/page.tsx [Server Component] @ http://localhost:3000/_next/static/chunks/node_modules_next_dist_1e8vcs8._.js:1052
[  137927ms] [ERROR] ./app/onboarding/page.tsx:295:12
Error: Unexpected token. Did you mean `{'}'}` or `&rbrace;`?
  293 |               </div>
  294 |             </PantallaFunnel>
> 295 |           )}
      |            ^
  296 |
  297 |           {paso === 'loading' && plato && (
  298 |             <LoadingPlan

Parsing ecmascript source code failed

Import traces:
  Client Component Browser:
    ./app/onboarding/page.tsx [Client Component Browser]
    ./app/onboarding/page.tsx [Server Component]

  Client Component SSR:
    ./app/onboarding/page.tsx [Client Component SSR]
    ./app/onboarding/page.tsx [Server Component] @ http://localhost:3000/_next/static/chunks/node_modules_next_dist_1e8vcs8._.js:1052
[  137979ms] [ERROR] ./app/onboarding/page.tsx:295:12
Error: Unexpected token. Did you mean `{'}'}` or `&rbrace;`?
  293 |               </div>
  294 |             </PantallaFunnel>
> 295 |           )}
      |            ^
  296 |
  297 |           {paso === 'loading' && plato && (
  298 |             <LoadingPlan

Parsing ecmascript source code failed

Import traces:
  Client Component Browser:
    ./app/onboarding/page.tsx [Client Component Browser]
    ./app/onboarding/page.tsx [Server Component]

  Client Component SSR:
    ./app/onboarding/page.tsx [Client Component SSR]
    ./app/onboarding/page.tsx [Server Component] @ http://localhost:3000/_next/static/chunks/node_modules_next_dist_1e8vcs8._.js:1052
[  138027ms] [ERROR] ./app/onboarding/page.tsx:295:12
Error: Unexpected token. Did you mean `{'}'}` or `&rbrace;`?
  293 |               </div>
  294 |             </PantallaFunnel>
> 295 |           )}
      |            ^
  296 |
  297 |           {paso === 'loading' && plato && (
  298 |             <LoadingPlan

Parsing ecmascript source code failed

Import traces:
  Client Component Browser:
    ./app/onboarding/page.tsx [Client Component Browser]
    ./app/onboarding/page.tsx [Server Component]

  Client Component SSR:
    ./app/onboarding/page.tsx [Client Component SSR]
    ./app/onboarding/page.tsx [Server Component] @ http://localhost:3000/_next/static/chunks/node_modules_next_dist_1e8vcs8._.js:1052
[  138080ms] [ERROR] ./app/onboarding/page.tsx:295:12
Error: Unexpected token. Did you mean `{'}'}` or `&rbrace;`?
  293 |               </div>
  294 |             </PantallaFunnel>
> 295 |           )}
      |            ^
  296 |
  297 |           {paso === 'loading' && plato && (
  298 |             <LoadingPlan

Parsing ecmascript source code failed

Import traces:
  Client Component Browser:
    ./app/onboarding/page.tsx [Client Component Browser]
    ./app/onboarding/page.tsx [Server Component]

  Client Component SSR:
    ./app/onboarding/page.tsx [Client Component SSR]
    ./app/onboarding/page.tsx [Server Component] @ http://localhost:3000/_next/static/chunks/node_modules_next_dist_1e8vcs8._.js:1052
[  138133ms] [ERROR] ./app/onboarding/page.tsx:295:12
Error: Unexpected token. Did you mean `{'}'}` or `&rbrace;`?
  293 |               </div>
  294 |             </PantallaFunnel>
> 295 |           )}
      |            ^
  296 |
  297 |           {paso === 'loading' && plato && (
  298 |             <LoadingPlan

Parsing ecmascript source code failed

Import traces:
  Client Component Browser:
    ./app/onboarding/page.tsx [Client Component Browser]
    ./app/onboarding/page.tsx [Server Component]

  Client Component SSR:
    ./app/onboarding/page.tsx [Client Component SSR]
    ./app/onboarding/page.tsx [Server Component] @ http://localhost:3000/_next/static/chunks/node_modules_next_dist_1e8vcs8._.js:1052
[  138177ms] [ERROR] ./app/onboarding/page.tsx:295:12
Error: Unexpected token. Did you mean `{'}'}` or `&rbrace;`?
  293 |               </div>
  294 |             </PantallaFunnel>
> 295 |           )}
      |            ^
  296 |
  297 |           {paso === 'loading' && plato && (
  298 |             <LoadingPlan

Parsing ecmascript source code failed

Import traces:
  Client Component Browser:
    ./app/onboarding/page.tsx [Client Component Browser]
    ./app/onboarding/page.tsx [Server Component]

  Client Component SSR:
    ./app/onboarding/page.tsx [Client Component SSR]
    ./app/onboarding/page.tsx [Server Component] @ http://localhost:3000/_next/static/chunks/node_modules_next_dist_1e8vcs8._.js:1052
[  138222ms] [ERROR] ./app/onboarding/page.tsx:295:12
Error: Unexpected token. Did you mean `{'}'}` or `&rbrace;`?
  293 |               </div>
  294 |             </PantallaFunnel>
> 295 |           )}
      |            ^
  296 |
  297 |           {paso === 'loading' && plato && (
  298 |             <LoadingPlan

Parsing ecmascript source code failed

Import traces:
  Client Component Browser:
    ./app/onboarding/page.tsx [Client Component Browser]
    ./app/onboarding/page.tsx [Server Component]

  Client Component SSR:
    ./app/onboarding/page.tsx [Client Component SSR]
    ./app/onboarding/page.tsx [Server Component] @ http://localhost:3000/_next/static/chunks/node_modules_next_dist_1e8vcs8._.js:1052
[  138281ms] [ERROR] ./app/onboarding/page.tsx:295:12
Error: Unexpected token. Did you mean `{'}'}` or `&rbrace;`?
  293 |               </div>
  294 |             </PantallaFunnel>
> 295 |           )}
      |            ^
  296 |
  297 |           {paso === 'loading' && plato && (
  298 |             <LoadingPlan

Parsing ecmascript source code failed

Import traces:
  Client Component Browser:
    ./app/onboarding/page.tsx [Client Component Browser]
    ./app/onboarding/page.tsx [Server Component]

  Client Component SSR:
    ./app/onboarding/page.tsx [Client Component SSR]
    ./app/onboarding/page.tsx [Server Component] @ http://localhost:3000/_next/static/chunks/node_modules_next_dist_1e8vcs8._.js:1052
[  138330ms] [ERROR] ./app/onboarding/page.tsx:295:12
Error: Unexpected token. Did you mean `{'}'}` or `&rbrace;`?
  293 |               </div>
  294 |             </PantallaFunnel>
> 295 |           )}
      |            ^
  296 |
  297 |           {paso === 'loading' && plato && (
  298 |             <LoadingPlan

Parsing ecmascript source code failed

Import traces:
  Client Component Browser:
    ./app/onboarding/page.tsx [Client Component Browser]
    ./app/onboarding/page.tsx [Server Component]

  Client Component SSR:
    ./app/onboarding/page.tsx [Client Component SSR]
    ./app/onboarding/page.tsx [Server Component] @ http://localhost:3000/_next/static/chunks/node_modules_next_dist_1e8vcs8._.js:1052
[  138382ms] [ERROR] ./app/onboarding/page.tsx:295:12
Error: Unexpected token. Did you mean `{'}'}` or `&rbrace;`?
  293 |               </div>
  294 |             </PantallaFunnel>
> 295 |           )}
      |            ^
  296 |
  297 |           {paso === 'loading' && plato && (
  298 |             <LoadingPlan

Parsing ecmascript source code failed

Import traces:
  Client Component Browser:
    ./app/onboarding/page.tsx [Client Component Browser]
    ./app/onboarding/page.tsx [Server Component]

  Client Component SSR:
    ./app/onboarding/page.tsx [Client Component SSR]
    ./app/onboarding/page.tsx [Server Component] @ http://localhost:3000/_next/static/chunks/node_modules_next_dist_1e8vcs8._.js:1052
[  138432ms] [ERROR] ./app/onboarding/page.tsx:295:12
Error: Unexpected token. Did you mean `{'}'}` or `&rbrace;`?
  293 |               </div>
  294 |             </PantallaFunnel>
> 295 |           )}
      |            ^
  296 |
  297 |           {paso === 'loading' && plato && (
  298 |             <LoadingPlan

Parsing ecmascript source code failed

Import traces:
  Client Component Browser:
    ./app/onboarding/page.tsx [Client Component Browser]
    ./app/onboarding/page.tsx [Server Component]

  Client Component SSR:
    ./app/onboarding/page.tsx [Client Component SSR]
    ./app/onboarding/page.tsx [Server Component] @ http://localhost:3000/_next/static/chunks/node_modules_next_dist_1e8vcs8._.js:1052
[  138494ms] [ERROR] ./app/onboarding/page.tsx:295:12
Error: Unexpected token. Did you mean `{'}'}` or `&rbrace;`?
  293 |               </div>
  294 |             </PantallaFunnel>
> 295 |           )}
      |            ^
  296 |
  297 |           {paso === 'loading' && plato && (
  298 |             <LoadingPlan

Parsing ecmascript source code failed

Import traces:
  Client Component Browser:
    ./app/onboarding/page.tsx [Client Component Browser]
    ./app/onboarding/page.tsx [Server Component]

  Client Component SSR:
    ./app/onboarding/page.tsx [Client Component SSR]
    ./app/onboarding/page.tsx [Server Component] @ http://localhost:3000/_next/static/chunks/node_modules_next_dist_1e8vcs8._.js:1052
[  138542ms] [ERROR] ./app/onboarding/page.tsx:295:12
Error: Unexpected token. Did you mean `{'}'}` or `&rbrace;`?
  293 |               </div>
  294 |             </PantallaFunnel>
> 295 |           )}
      |            ^
  296 |
  297 |           {paso === 'loading' && plato && (
  298 |             <LoadingPlan

Parsing ecmascript source code failed

Import traces:
  Client Component Browser:
    ./app/onboarding/page.tsx [Client Component Browser]
    ./app/onboarding/page.tsx [Server Component]

  Client Component SSR:
    ./app/onboarding/page.tsx [Client Component SSR]
    ./app/onboarding/page.tsx [Server Component] @ http://localhost:3000/_next/static/chunks/node_modules_next_dist_1e8vcs8._.js:1052
[  138597ms] [ERROR] ./app/onboarding/page.tsx:295:12
Error: Unexpected token. Did you mean `{'}'}` or `&rbrace;`?
  293 |               </div>
  294 |             </PantallaFunnel>
> 295 |           )}
      |            ^
  296 |
  297 |           {paso === 'loading' && plato && (
  298 |             <LoadingPlan

Parsing ecmascript source code failed

Import traces:
  Client Component Browser:
    ./app/onboarding/page.tsx [Client Component Browser]
    ./app/onboarding/page.tsx [Server Component]

  Client Component SSR:
    ./app/onboarding/page.tsx [Client Component SSR]
    ./app/onboarding/page.tsx [Server Component] @ http://localhost:3000/_next/static/chunks/node_modules_next_dist_1e8vcs8._.js:1052
[  138641ms] [ERROR] ./app/onboarding/page.tsx:295:12
Error: Unexpected token. Did you mean `{'}'}` or `&rbrace;`?
  293 |               </div>
  294 |             </PantallaFunnel>
> 295 |           )}
      |            ^
  296 |
  297 |           {paso === 'loading' && plato && (
  298 |             <LoadingPlan

Parsing ecmascript source code failed

Import traces:
  Client Component Browser:
    ./app/onboarding/page.tsx [Client Component Browser]
    ./app/onboarding/page.tsx [Server Component]

  Client Component SSR:
    ./app/onboarding/page.tsx [Client Component SSR]
    ./app/onboarding/page.tsx [Server Component] @ http://localhost:3000/_next/static/chunks/node_modules_next_dist_1e8vcs8._.js:1052
[  138689ms] [ERROR] ./app/onboarding/page.tsx:295:12
Error: Unexpected token. Did you mean `{'}'}` or `&rbrace;`?
  293 |               </div>
  294 |             </PantallaFunnel>
> 295 |           )}
      |            ^
  296 |
  297 |           {paso === 'loading' && plato && (
  298 |             <LoadingPlan

Parsing ecmascript source code failed

Import traces:
  Client Component Browser:
    ./app/onboarding/page.tsx [Client Component Browser]
    ./app/onboarding/page.tsx [Server Component]

  Client Component SSR:
    ./app/onboarding/page.tsx [Client Component SSR]
    ./app/onboarding/page.tsx [Server Component] @ http://localhost:3000/_next/static/chunks/node_modules_next_dist_1e8vcs8._.js:1052
[  138731ms] [ERROR] ./app/onboarding/page.tsx:295:12
Error: Unexpected token. Did you mean `{'}'}` or `&rbrace;`?
  293 |               </div>
  294 |             </PantallaFunnel>
> 295 |           )}
      |            ^
  296 |
  297 |           {paso === 'loading' && plato && (
  298 |             <LoadingPlan

Parsing ecmascript source code failed

Import traces:
  Client Component Browser:
    ./app/onboarding/page.tsx [Client Component Browser]
    ./app/onboarding/page.tsx [Server Component]

  Client Component SSR:
    ./app/onboarding/page.tsx [Client Component SSR]
    ./app/onboarding/page.tsx [Server Component] @ http://localhost:3000/_next/static/chunks/node_modules_next_dist_1e8vcs8._.js:1052
[  138771ms] [ERROR] ./app/onboarding/page.tsx:295:12
Error: Unexpected token. Did you mean `{'}'}` or `&rbrace;`?
  293 |               </div>
  294 |             </PantallaFunnel>
> 295 |           )}
      |            ^
  296 |
  297 |           {paso === 'loading' && plato && (
  298 |             <LoadingPlan

Parsing ecmascript source code failed

Import traces:
  Client Component Browser:
    ./app/onboarding/page.tsx [Client Component Browser]
    ./app/onboarding/page.tsx [Server Component]

  Client Component SSR:
    ./app/onboarding/page.tsx [Client Component SSR]
    ./app/onboarding/page.tsx [Server Component] @ http://localhost:3000/_next/static/chunks/node_modules_next_dist_1e8vcs8._.js:1052
[  138823ms] [ERROR] ./app/onboarding/page.tsx:295:12
Error: Unexpected token. Did you mean `{'}'}` or `&rbrace;`?
  293 |               </div>
  294 |             </PantallaFunnel>
> 295 |           )}
      |            ^
  296 |
  297 |           {paso === 'loading' && plato && (
  298 |             <LoadingPlan

Parsing ecmascript source code failed

Import traces:
  Client Component Browser:
    ./app/onboarding/page.tsx [Client Component Browser]
    ./app/onboarding/page.tsx [Server Component]

  Client Component SSR:
    ./app/onboarding/page.tsx [Client Component SSR]
    ./app/onboarding/page.tsx [Server Component] @ http://localhost:3000/_next/static/chunks/node_modules_next_dist_1e8vcs8._.js:1052
[  138881ms] [ERROR] ./app/onboarding/page.tsx:295:12
Error: Unexpected token. Did you mean `{'}'}` or `&rbrace;`?
  293 |               </div>
  294 |             </PantallaFunnel>
> 295 |           )}
      |            ^
  296 |
  297 |           {paso === 'loading' && plato && (
  298 |             <LoadingPlan

Parsing ecmascript source code failed

Import traces:
  Client Component Browser:
    ./app/onboarding/page.tsx [Client Component Browser]
    ./app/onboarding/page.tsx [Server Component]

  Client Component SSR:
    ./app/onboarding/page.tsx [Client Component SSR]
    ./app/onboarding/page.tsx [Server Component] @ http://localhost:3000/_next/static/chunks/node_modules_next_dist_1e8vcs8._.js:1052
[  138921ms] [ERROR] ./app/onboarding/page.tsx:295:12
Error: Unexpected token. Did you mean `{'}'}` or `&rbrace;`?
  293 |               </div>
  294 |             </PantallaFunnel>
> 295 |           )}
      |            ^
  296 |
  297 |           {paso === 'loading' && plato && (
  298 |             <LoadingPlan

Parsing ecmascript source code failed

Import traces:
  Client Component Browser:
    ./app/onboarding/page.tsx [Client Component Browser]
    ./app/onboarding/page.tsx [Server Component]

  Client Component SSR:
    ./app/onboarding/page.tsx [Client Component SSR]
    ./app/onboarding/page.tsx [Server Component] @ http://localhost:3000/_next/static/chunks/node_modules_next_dist_1e8vcs8._.js:1052
[  138971ms] [ERROR] ./app/onboarding/page.tsx:295:12
Error: Unexpected token. Did you mean `{'}'}` or `&rbrace;`?
  293 |               </div>
  294 |             </PantallaFunnel>
> 295 |           )}
      |            ^
  296 |
  297 |           {paso === 'loading' && plato && (
  298 |             <LoadingPlan

Parsing ecmascript source code failed

Import traces:
  Client Component Browser:
    ./app/onboarding/page.tsx [Client Component Browser]
    ./app/onboarding/page.tsx [Server Component]

  Client Component SSR:
    ./app/onboarding/page.tsx [Client Component SSR]
    ./app/onboarding/page.tsx [Server Component] @ http://localhost:3000/_next/static/chunks/node_modules_next_dist_1e8vcs8._.js:1052
[  139014ms] [ERROR] ./app/onboarding/page.tsx:295:12
Error: Unexpected token. Did you mean `{'}'}` or `&rbrace;`?
  293 |               </div>
  294 |             </PantallaFunnel>
> 295 |           )}
      |            ^
  296 |
  297 |           {paso === 'loading' && plato && (
  298 |             <LoadingPlan

Parsing ecmascript source code failed

Import traces:
  Client Component Browser:
    ./app/onboarding/page.tsx [Client Component Browser]
    ./app/onboarding/page.tsx [Server Component]

  Client Component SSR:
    ./app/onboarding/page.tsx [Client Component SSR]
    ./app/onboarding/page.tsx [Server Component] @ http://localhost:3000/_next/static/chunks/node_modules_next_dist_1e8vcs8._.js:1052
[  139070ms] [ERROR] ./app/onboarding/page.tsx:295:12
Error: Unexpected token. Did you mean `{'}'}` or `&rbrace;`?
  293 |               </div>
  294 |             </PantallaFunnel>
> 295 |           )}
      |            ^
  296 |
  297 |           {paso === 'loading' && plato && (
  298 |             <LoadingPlan

Parsing ecmascript source code failed

Import traces:
  Client Component Browser:
    ./app/onboarding/page.tsx [Client Component Browser]
    ./app/onboarding/page.tsx [Server Component]

  Client Component SSR:
    ./app/onboarding/page.tsx [Client Component SSR]
    ./app/onboarding/page.tsx [Server Component] @ http://localhost:3000/_next/static/chunks/node_modules_next_dist_1e8vcs8._.js:1052
[  139130ms] [ERROR] ./app/onboarding/page.tsx:295:12
Error: Unexpected token. Did you mean `{'}'}` or `&rbrace;`?
  293 |               </div>
  294 |             </PantallaFunnel>
> 295 |           )}
      |            ^
  296 |
  297 |           {paso === 'loading' && plato && (
  298 |             <LoadingPlan

Parsing ecmascript source code failed

Import traces:
  Client Component Browser:
    ./app/onboarding/page.tsx [Client Component Browser]
    ./app/onboarding/page.tsx [Server Component]

  Client Component SSR:
    ./app/onboarding/page.tsx [Client Component SSR]
    ./app/onboarding/page.tsx [Server Component] @ http://localhost:3000/_next/static/chunks/node_modules_next_dist_1e8vcs8._.js:1052
[  139169ms] [ERROR] ./app/onboarding/page.tsx:295:12
Error: Unexpected token. Did you mean `{'}'}` or `&rbrace;`?
  293 |               </div>
  294 |             </PantallaFunnel>
> 295 |           )}
      |            ^
  296 |
  297 |           {paso === 'loading' && plato && (
  298 |             <LoadingPlan

Parsing ecmascript source code failed

Import traces:
  Client Component Browser:
    ./app/onboarding/page.tsx [Client Component Browser]
    ./app/onboarding/page.tsx [Server Component]

  Client Component SSR:
    ./app/onboarding/page.tsx [Client Component SSR]
    ./app/onboarding/page.tsx [Server Component] @ http://localhost:3000/_next/static/chunks/node_modules_next_dist_1e8vcs8._.js:1052
[  139229ms] [ERROR] ./app/onboarding/page.tsx:295:12
Error: Unexpected token. Did you mean `{'}'}` or `&rbrace;`?
  293 |               </div>
  294 |             </PantallaFunnel>
> 295 |           )}
      |            ^
  296 |
  297 |           {paso === 'loading' && plato && (
  298 |             <LoadingPlan

Parsing ecmascript source code failed

Import traces:
  Client Component Browser:
    ./app/onboarding/page.tsx [Client Component Browser]
    ./app/onboarding/page.tsx [Server Component]

  Client Component SSR:
    ./app/onboarding/page.tsx [Client Component SSR]
    ./app/onboarding/page.tsx [Server Component] @ http://localhost:3000/_next/static/chunks/node_modules_next_dist_1e8vcs8._.js:1052
[  139279ms] [ERROR] ./app/onboarding/page.tsx:295:12
Error: Unexpected token. Did you mean `{'}'}` or `&rbrace;`?
  293 |               </div>
  294 |             </PantallaFunnel>
> 295 |           )}
      |            ^
  296 |
  297 |           {paso === 'loading' && plato && (
  298 |             <LoadingPlan

Parsing ecmascript source code failed

Import traces:
  Client Component Browser:
    ./app/onboarding/page.tsx [Client Component Browser]
    ./app/onboarding/page.tsx [Server Component]

  Client Component SSR:
    ./app/onboarding/page.tsx [Client Component SSR]
    ./app/onboarding/page.tsx [Server Component] @ http://localhost:3000/_next/static/chunks/node_modules_next_dist_1e8vcs8._.js:1052
[  139318ms] [ERROR] ./app/onboarding/page.tsx:295:12
Error: Unexpected token. Did you mean `{'}'}` or `&rbrace;`?
  293 |               </div>
  294 |             </PantallaFunnel>
> 295 |           )}
      |            ^
  296 |
  297 |           {paso === 'loading' && plato && (
  298 |             <LoadingPlan

Parsing ecmascript source code failed

Import traces:
  Client Component Browser:
    ./app/onboarding/page.tsx [Client Component Browser]
    ./app/onboarding/page.tsx [Server Component]

  Client Component SSR:
    ./app/onboarding/page.tsx [Client Component SSR]
    ./app/onboarding/page.tsx [Server Component] @ http://localhost:3000/_next/static/chunks/node_modules_next_dist_1e8vcs8._.js:1052
[  139365ms] [ERROR] ./app/onboarding/page.tsx:295:12
Error: Unexpected token. Did you mean `{'}'}` or `&rbrace;`?
  293 |               </div>
  294 |             </PantallaFunnel>
> 295 |           )}
      |            ^
  296 |
  297 |           {paso === 'loading' && plato && (
  298 |             <LoadingPlan

Parsing ecmascript source code failed

Import traces:
  Client Component Browser:
    ./app/onboarding/page.tsx [Client Component Browser]
    ./app/onboarding/page.tsx [Server Component]

  Client Component SSR:
    ./app/onboarding/page.tsx [Client Component SSR]
    ./app/onboarding/page.tsx [Server Component] @ http://localhost:3000/_next/static/chunks/node_modules_next_dist_1e8vcs8._.js:1052
[  139414ms] [ERROR] ./app/onboarding/page.tsx:295:12
Error: Unexpected token. Did you mean `{'}'}` or `&rbrace;`?
  293 |               </div>
  294 |             </PantallaFunnel>
> 295 |           )}
      |            ^
  296 |
  297 |           {paso === 'loading' && plato && (
  298 |             <LoadingPlan

Parsing ecmascript source code failed

Import traces:
  Client Component Browser:
    ./app/onboarding/page.tsx [Client Component Browser]
    ./app/onboarding/page.tsx [Server Component]

  Client Component SSR:
    ./app/onboarding/page.tsx [Client Component SSR]
    ./app/onboarding/page.tsx [Server Component] @ http://localhost:3000/_next/static/chunks/node_modules_next_dist_1e8vcs8._.js:1052
[  139471ms] [ERROR] ./app/onboarding/page.tsx:295:12
Error: Unexpected token. Did you mean `{'}'}` or `&rbrace;`?
  293 |               </div>
  294 |             </PantallaFunnel>
> 295 |           )}
      |            ^
  296 |
  297 |           {paso === 'loading' && plato && (
  298 |             <LoadingPlan

Parsing ecmascript source code failed

Import traces:
  Client Component Browser:
    ./app/onboarding/page.tsx [Client Component Browser]
    ./app/onboarding/page.tsx [Server Component]

  Client Component SSR:
    ./app/onboarding/page.tsx [Client Component SSR]
    ./app/onboarding/page.tsx [Server Component] @ http://localhost:3000/_next/static/chunks/node_modules_next_dist_1e8vcs8._.js:1052
[  139517ms] [ERROR] ./app/onboarding/page.tsx:295:12
Error: Unexpected token. Did you mean `{'}'}` or `&rbrace;`?
  293 |               </div>
  294 |             </PantallaFunnel>
> 295 |           )}
      |            ^
  296 |
  297 |           {paso === 'loading' && plato && (
  298 |             <LoadingPlan

Parsing ecmascript source code failed

Import traces:
  Client Component Browser:
    ./app/onboarding/page.tsx [Client Component Browser]
    ./app/onboarding/page.tsx [Server Component]

  Client Component SSR:
    ./app/onboarding/page.tsx [Client Component SSR]
    ./app/onboarding/page.tsx [Server Component] @ http://localhost:3000/_next/static/chunks/node_modules_next_dist_1e8vcs8._.js:1052
[  139567ms] [ERROR] ./app/onboarding/page.tsx:295:12
Error: Unexpected token. Did you mean `{'}'}` or `&rbrace;`?
  293 |               </div>
  294 |             </PantallaFunnel>
> 295 |           )}
      |            ^
  296 |
  297 |           {paso === 'loading' && plato && (
  298 |             <LoadingPlan

Parsing ecmascript source code failed

Import traces:
  Client Component Browser:
    ./app/onboarding/page.tsx [Client Component Browser]
    ./app/onboarding/page.tsx [Server Component]

  Client Component SSR:
    ./app/onboarding/page.tsx [Client Component SSR]
    ./app/onboarding/page.tsx [Server Component] @ http://localhost:3000/_next/static/chunks/node_modules_next_dist_1e8vcs8._.js:1052
[  139616ms] [ERROR] ./app/onboarding/page.tsx:295:12
Error: Unexpected token. Did you mean `{'}'}` or `&rbrace;`?
  293 |               </div>
  294 |             </PantallaFunnel>
> 295 |           )}
      |            ^
  296 |
  297 |           {paso === 'loading' && plato && (
  298 |             <LoadingPlan

Parsing ecmascript source code failed

Import traces:
  Client Component Browser:
    ./app/onboarding/page.tsx [Client Component Browser]
    ./app/onboarding/page.tsx [Server Component]

  Client Component SSR:
    ./app/onboarding/page.tsx [Client Component SSR]
    ./app/onboarding/page.tsx [Server Component] @ http://localhost:3000/_next/static/chunks/node_modules_next_dist_1e8vcs8._.js:1052
[  139666ms] [ERROR] ./app/onboarding/page.tsx:295:12
Error: Unexpected token. Did you mean `{'}'}` or `&rbrace;`?
  293 |               </div>
  294 |             </PantallaFunnel>
> 295 |           )}
      |            ^
  296 |
  297 |           {paso === 'loading' && plato && (
  298 |             <LoadingPlan

Parsing ecmascript source code failed

Import traces:
  Client Component Browser:
    ./app/onboarding/page.tsx [Client Component Browser]
    ./app/onboarding/page.tsx [Server Component]

  Client Component SSR:
    ./app/onboarding/page.tsx [Client Component SSR]
    ./app/onboarding/page.tsx [Server Component] @ http://localhost:3000/_next/static/chunks/node_modules_next_dist_1e8vcs8._.js:1052
[  139705ms] [ERROR] ./app/onboarding/page.tsx:295:12
Error: Unexpected token. Did you mean `{'}'}` or `&rbrace;`?
  293 |               </div>
  294 |             </PantallaFunnel>
> 295 |           )}
      |            ^
  296 |
  297 |           {paso === 'loading' && plato && (
  298 |             <LoadingPlan

Parsing ecmascript source code failed

Import traces:
  Client Component Browser:
    ./app/onboarding/page.tsx [Client Component Browser]
    ./app/onboarding/page.tsx [Server Component]

  Client Component SSR:
    ./app/onboarding/page.tsx [Client Component SSR]
    ./app/onboarding/page.tsx [Server Component] @ http://localhost:3000/_next/static/chunks/node_modules_next_dist_1e8vcs8._.js:1052
[  139748ms] [ERROR] ./app/onboarding/page.tsx:295:12
Error: Unexpected token. Did you mean `{'}'}` or `&rbrace;`?
  293 |               </div>
  294 |             </PantallaFunnel>
> 295 |           )}
      |            ^
  296 |
  297 |           {paso === 'loading' && plato && (
  298 |             <LoadingPlan

Parsing ecmascript source code failed

Import traces:
  Client Component Browser:
    ./app/onboarding/page.tsx [Client Component Browser]
    ./app/onboarding/page.tsx [Server Component]

  Client Component SSR:
    ./app/onboarding/page.tsx [Client Component SSR]
    ./app/onboarding/page.tsx [Server Component] @ http://localhost:3000/_next/static/chunks/node_modules_next_dist_1e8vcs8._.js:1052
[  139810ms] [ERROR] ./app/onboarding/page.tsx:295:12
Error: Unexpected token. Did you mean `{'}'}` or `&rbrace;`?
  293 |               </div>
  294 |             </PantallaFunnel>
> 295 |           )}
      |            ^
  296 |
  297 |           {paso === 'loading' && plato && (
  298 |             <LoadingPlan

Parsing ecmascript source code failed

Import traces:
  Client Component Browser:
    ./app/onboarding/page.tsx [Client Component Browser]
    ./app/onboarding/page.tsx [Server Component]

  Client Component SSR:
    ./app/onboarding/page.tsx [Client Component SSR]
    ./app/onboarding/page.tsx [Server Component] @ http://localhost:3000/_next/static/chunks/node_modules_next_dist_1e8vcs8._.js:1052
[  139854ms] [ERROR] ./app/onboarding/page.tsx:295:12
Error: Unexpected token. Did you mean `{'}'}` or `&rbrace;`?
  293 |               </div>
  294 |             </PantallaFunnel>
> 295 |           )}
      |            ^
  296 |
  297 |           {paso === 'loading' && plato && (
  298 |             <LoadingPlan

Parsing ecmascript source code failed

Import traces:
  Client Component Browser:
    ./app/onboarding/page.tsx [Client Component Browser]
    ./app/onboarding/page.tsx [Server Component]

  Client Component SSR:
    ./app/onboarding/page.tsx [Client Component SSR]
    ./app/onboarding/page.tsx [Server Component] @ http://localhost:3000/_next/static/chunks/node_modules_next_dist_1e8vcs8._.js:1052
[  139903ms] [ERROR] ./app/onboarding/page.tsx:295:12
Error: Unexpected token. Did you mean `{'}'}` or `&rbrace;`?
  293 |               </div>
  294 |             </PantallaFunnel>
> 295 |           )}
      |            ^
  296 |
  297 |           {paso === 'loading' && plato && (
  298 |             <LoadingPlan

Parsing ecmascript source code failed

Import traces:
  Client Component Browser:
    ./app/onboarding/page.tsx [Client Component Browser]
    ./app/onboarding/page.tsx [Server Component]

  Client Component SSR:
    ./app/onboarding/page.tsx [Client Component SSR]
    ./app/onboarding/page.tsx [Server Component] @ http://localhost:3000/_next/static/chunks/node_modules_next_dist_1e8vcs8._.js:1052
[  139946ms] [ERROR] ./app/onboarding/page.tsx:295:12
Error: Unexpected token. Did you mean `{'}'}` or `&rbrace;`?
  293 |               </div>
  294 |             </PantallaFunnel>
> 295 |           )}
      |            ^
  296 |
  297 |           {paso === 'loading' && plato && (
  298 |             <LoadingPlan

Parsing ecmascript source code failed

Import traces:
  Client Component Browser:
    ./app/onboarding/page.tsx [Client Component Browser]
    ./app/onboarding/page.tsx [Server Component]

  Client Component SSR:
    ./app/onboarding/page.tsx [Client Component SSR]
    ./app/onboarding/page.tsx [Server Component] @ http://localhost:3000/_next/static/chunks/node_modules_next_dist_1e8vcs8._.js:1052
[  139989ms] [ERROR] ./app/onboarding/page.tsx:295:12
Error: Unexpected token. Did you mean `{'}'}` or `&rbrace;`?
  293 |               </div>
  294 |             </PantallaFunnel>
> 295 |           )}
      |            ^
  296 |
  297 |           {paso === 'loading' && plato && (
  298 |             <LoadingPlan

Parsing ecmascript source code failed

Import traces:
  Client Component Browser:
    ./app/onboarding/page.tsx [Client Component Browser]
    ./app/onboarding/page.tsx [Server Component]

  Client Component SSR:
    ./app/onboarding/page.tsx [Client Component SSR]
    ./app/onboarding/page.tsx [Server Component] @ http://localhost:3000/_next/static/chunks/node_modules_next_dist_1e8vcs8._.js:1052
[  140037ms] [ERROR] ./app/onboarding/page.tsx:295:12
Error: Unexpected token. Did you mean `{'}'}` or `&rbrace;`?
  293 |               </div>
  294 |             </PantallaFunnel>
> 295 |           )}
      |            ^
  296 |
  297 |           {paso === 'loading' && plato && (
  298 |             <LoadingPlan

Parsing ecmascript source code failed

Import traces:
  Client Component Browser:
    ./app/onboarding/page.tsx [Client Component Browser]
    ./app/onboarding/page.tsx [Server Component]

  Client Component SSR:
    ./app/onboarding/page.tsx [Client Component SSR]
    ./app/onboarding/page.tsx [Server Component] @ http://localhost:3000/_next/static/chunks/node_modules_next_dist_1e8vcs8._.js:1052
[  140097ms] [ERROR] ./app/onboarding/page.tsx:295:12
Error: Unexpected token. Did you mean `{'}'}` or `&rbrace;`?
  293 |               </div>
  294 |             </PantallaFunnel>
> 295 |           )}
      |            ^
  296 |
  297 |           {paso === 'loading' && plato && (
  298 |             <LoadingPlan

Parsing ecmascript source code failed

Import traces:
  Client Component Browser:
    ./app/onboarding/page.tsx [Client Component Browser]
    ./app/onboarding/page.tsx [Server Component]

  Client Component SSR:
    ./app/onboarding/page.tsx [Client Component SSR]
    ./app/onboarding/page.tsx [Server Component] @ http://localhost:3000/_next/static/chunks/node_modules_next_dist_1e8vcs8._.js:1052
[  140150ms] [ERROR] ./app/onboarding/page.tsx:295:12
Error: Unexpected token. Did you mean `{'}'}` or `&rbrace;`?
  293 |               </div>
  294 |             </PantallaFunnel>
> 295 |           )}
      |            ^
  296 |
  297 |           {paso === 'loading' && plato && (
  298 |             <LoadingPlan

Parsing ecmascript source code failed

Import traces:
  Client Component Browser:
    ./app/onboarding/page.tsx [Client Component Browser]
    ./app/onboarding/page.tsx [Server Component]

  Client Component SSR:
    ./app/onboarding/page.tsx [Client Component SSR]
    ./app/onboarding/page.tsx [Server Component] @ http://localhost:3000/_next/static/chunks/node_modules_next_dist_1e8vcs8._.js:1052
[  140199ms] [ERROR] ./app/onboarding/page.tsx:295:12
Error: Unexpected token. Did you mean `{'}'}` or `&rbrace;`?
  293 |               </div>
  294 |             </PantallaFunnel>
> 295 |           )}
      |            ^
  296 |
  297 |           {paso === 'loading' && plato && (
  298 |             <LoadingPlan

Parsing ecmascript source code failed

Import traces:
  Client Component Browser:
    ./app/onboarding/page.tsx [Client Component Browser]
    ./app/onboarding/page.tsx [Server Component]

  Client Component SSR:
    ./app/onboarding/page.tsx [Client Component SSR]
    ./app/onboarding/page.tsx [Server Component] @ http://localhost:3000/_next/static/chunks/node_modules_next_dist_1e8vcs8._.js:1052
[  140243ms] [ERROR] ./app/onboarding/page.tsx:295:12
Error: Unexpected token. Did you mean `{'}'}` or `&rbrace;`?
  293 |               </div>
  294 |             </PantallaFunnel>
> 295 |           )}
      |            ^
  296 |
  297 |           {paso === 'loading' && plato && (
  298 |             <LoadingPlan

Parsing ecmascript source code failed

Import traces:
  Client Component Browser:
    ./app/onboarding/page.tsx [Client Component Browser]
    ./app/onboarding/page.tsx [Server Component]

  Client Component SSR:
    ./app/onboarding/page.tsx [Client Component SSR]
    ./app/onboarding/page.tsx [Server Component] @ http://localhost:3000/_next/static/chunks/node_modules_next_dist_1e8vcs8._.js:1052
[  140290ms] [ERROR] ./app/onboarding/page.tsx:295:12
Error: Unexpected token. Did you mean `{'}'}` or `&rbrace;`?
  293 |               </div>
  294 |             </PantallaFunnel>
> 295 |           )}
      |            ^
  296 |
  297 |           {paso === 'loading' && plato && (
  298 |             <LoadingPlan

Parsing ecmascript source code failed

Import traces:
  Client Component Browser:
    ./app/onboarding/page.tsx [Client Component Browser]
    ./app/onboarding/page.tsx [Server Component]

  Client Component SSR:
    ./app/onboarding/page.tsx [Client Component SSR]
    ./app/onboarding/page.tsx [Server Component] @ http://localhost:3000/_next/static/chunks/node_modules_next_dist_1e8vcs8._.js:1052
[  140339ms] [ERROR] ./app/onboarding/page.tsx:295:12
Error: Unexpected token. Did you mean `{'}'}` or `&rbrace;`?
  293 |               </div>
  294 |             </PantallaFunnel>
> 295 |           )}
      |            ^
  296 |
  297 |           {paso === 'loading' && plato && (
  298 |             <LoadingPlan

Parsing ecmascript source code failed

Import traces:
  Client Component Browser:
    ./app/onboarding/page.tsx [Client Component Browser]
    ./app/onboarding/page.tsx [Server Component]

  Client Component SSR:
    ./app/onboarding/page.tsx [Client Component SSR]
    ./app/onboarding/page.tsx [Server Component] @ http://localhost:3000/_next/static/chunks/node_modules_next_dist_1e8vcs8._.js:1052
[  140397ms] [ERROR] ./app/onboarding/page.tsx:295:12
Error: Unexpected token. Did you mean `{'}'}` or `&rbrace;`?
  293 |               </div>
  294 |             </PantallaFunnel>
> 295 |           )}
      |            ^
  296 |
  297 |           {paso === 'loading' && plato && (
  298 |             <LoadingPlan

Parsing ecmascript source code failed

Import traces:
  Client Component Browser:
    ./app/onboarding/page.tsx [Client Component Browser]
    ./app/onboarding/page.tsx [Server Component]

  Client Component SSR:
    ./app/onboarding/page.tsx [Client Component SSR]
    ./app/onboarding/page.tsx [Server Component] @ http://localhost:3000/_next/static/chunks/node_modules_next_dist_1e8vcs8._.js:1052
[  140439ms] [ERROR] ./app/onboarding/page.tsx:295:12
Error: Unexpected token. Did you mean `{'}'}` or `&rbrace;`?
  293 |               </div>
  294 |             </PantallaFunnel>
> 295 |           )}
      |            ^
  296 |
  297 |           {paso === 'loading' && plato && (
  298 |             <LoadingPlan

Parsing ecmascript source code failed

Import traces:
  Client Component Browser:
    ./app/onboarding/page.tsx [Client Component Browser]
    ./app/onboarding/page.tsx [Server Component]

  Client Component SSR:
    ./app/onboarding/page.tsx [Client Component SSR]
    ./app/onboarding/page.tsx [Server Component] @ http://localhost:3000/_next/static/chunks/node_modules_next_dist_1e8vcs8._.js:1052
[  140488ms] [ERROR] ./app/onboarding/page.tsx:295:12
Error: Unexpected token. Did you mean `{'}'}` or `&rbrace;`?
  293 |               </div>
  294 |             </PantallaFunnel>
> 295 |           )}
      |            ^
  296 |
  297 |           {paso === 'loading' && plato && (
  298 |             <LoadingPlan

Parsing ecmascript source code failed

Import traces:
  Client Component Browser:
    ./app/onboarding/page.tsx [Client Component Browser]
    ./app/onboarding/page.tsx [Server Component]

  Client Component SSR:
    ./app/onboarding/page.tsx [Client Component SSR]
    ./app/onboarding/page.tsx [Server Component] @ http://localhost:3000/_next/static/chunks/node_modules_next_dist_1e8vcs8._.js:1052
[  140548ms] [ERROR] ./app/onboarding/page.tsx:295:12
Error: Unexpected token. Did you mean `{'}'}` or `&rbrace;`?
  293 |               </div>
  294 |             </PantallaFunnel>
> 295 |           )}
      |            ^
  296 |
  297 |           {paso === 'loading' && plato && (
  298 |             <LoadingPlan

Parsing ecmascript source code failed

Import traces:
  Client Component Browser:
    ./app/onboarding/page.tsx [Client Component Browser]
    ./app/onboarding/page.tsx [Server Component]

  Client Component SSR:
    ./app/onboarding/page.tsx [Client Component SSR]
    ./app/onboarding/page.tsx [Server Component] @ http://localhost:3000/_next/static/chunks/node_modules_next_dist_1e8vcs8._.js:1052
[  140589ms] [ERROR] ./app/onboarding/page.tsx:295:12
Error: Unexpected token. Did you mean `{'}'}` or `&rbrace;`?
  293 |               </div>
  294 |             </PantallaFunnel>
> 295 |           )}
      |            ^
  296 |
  297 |           {paso === 'loading' && plato && (
  298 |             <LoadingPlan

Parsing ecmascript source code failed

Import traces:
  Client Component Browser:
    ./app/onboarding/page.tsx [Client Component Browser]
    ./app/onboarding/page.tsx [Server Component]

  Client Component SSR:
    ./app/onboarding/page.tsx [Client Component SSR]
    ./app/onboarding/page.tsx [Server Component] @ http://localhost:3000/_next/static/chunks/node_modules_next_dist_1e8vcs8._.js:1052
[  140651ms] [ERROR] ./app/onboarding/page.tsx:295:12
Error: Unexpected token. Did you mean `{'}'}` or `&rbrace;`?
  293 |               </div>
  294 |             </PantallaFunnel>
> 295 |           )}
      |            ^
  296 |
  297 |           {paso === 'loading' && plato && (
  298 |             <LoadingPlan

Parsing ecmascript source code failed

Import traces:
  Client Component Browser:
    ./app/onboarding/page.tsx [Client Component Browser]
    ./app/onboarding/page.tsx [Server Component]

  Client Component SSR:
    ./app/onboarding/page.tsx [Client Component SSR]
    ./app/onboarding/page.tsx [Server Component] @ http://localhost:3000/_next/static/chunks/node_modules_next_dist_1e8vcs8._.js:1052
[  140720ms] [ERROR] ./app/onboarding/page.tsx:295:12
Error: Unexpected token. Did you mean `{'}'}` or `&rbrace;`?
  293 |               </div>
  294 |             </PantallaFunnel>
> 295 |           )}
      |            ^
  296 |
  297 |           {paso === 'loading' && plato && (
  298 |             <LoadingPlan

Parsing ecmascript source code failed

Import traces:
  Client Component Browser:
    ./app/onboarding/page.tsx [Client Component Browser]
    ./app/onboarding/page.tsx [Server Component]

  Client Component SSR:
    ./app/onboarding/page.tsx [Client Component SSR]
    ./app/onboarding/page.tsx [Server Component] @ http://localhost:3000/_next/static/chunks/node_modules_next_dist_1e8vcs8._.js:1052
[  140764ms] [ERROR] ./app/onboarding/page.tsx:295:12
Error: Unexpected token. Did you mean `{'}'}` or `&rbrace;`?
  293 |               </div>
  294 |             </PantallaFunnel>
> 295 |           )}
      |            ^
  296 |
  297 |           {paso === 'loading' && plato && (
  298 |             <LoadingPlan

Parsing ecmascript source code failed

Import traces:
  Client Component Browser:
    ./app/onboarding/page.tsx [Client Component Browser]
    ./app/onboarding/page.tsx [Server Component]

  Client Component SSR:
    ./app/onboarding/page.tsx [Client Component SSR]
    ./app/onboarding/page.tsx [Server Component] @ http://localhost:3000/_next/static/chunks/node_modules_next_dist_1e8vcs8._.js:1052
[  140813ms] [ERROR] ./app/onboarding/page.tsx:295:12
Error: Unexpected token. Did you mean `{'}'}` or `&rbrace;`?
  293 |               </div>
  294 |             </PantallaFunnel>
> 295 |           )}
      |            ^
  296 |
  297 |           {paso === 'loading' && plato && (
  298 |             <LoadingPlan

Parsing ecmascript source code failed

Import traces:
  Client Component Browser:
    ./app/onboarding/page.tsx [Client Component Browser]
    ./app/onboarding/page.tsx [Server Component]

  Client Component SSR:
    ./app/onboarding/page.tsx [Client Component SSR]
    ./app/onboarding/page.tsx [Server Component] @ http://localhost:3000/_next/static/chunks/node_modules_next_dist_1e8vcs8._.js:1052
[  140855ms] [ERROR] ./app/onboarding/page.tsx:295:12
Error: Unexpected token. Did you mean `{'}'}` or `&rbrace;`?
  293 |               </div>
  294 |             </PantallaFunnel>
> 295 |           )}
      |            ^
  296 |
  297 |           {paso === 'loading' && plato && (
  298 |             <LoadingPlan

Parsing ecmascript source code failed

Import traces:
  Client Component Browser:
    ./app/onboarding/page.tsx [Client Component Browser]
    ./app/onboarding/page.tsx [Server Component]

  Client Component SSR:
    ./app/onboarding/page.tsx [Client Component SSR]
    ./app/onboarding/page.tsx [Server Component] @ http://localhost:3000/_next/static/chunks/node_modules_next_dist_1e8vcs8._.js:1052
[  140905ms] [ERROR] ./app/onboarding/page.tsx:295:12
Error: Unexpected token. Did you mean `{'}'}` or `&rbrace;`?
  293 |               </div>
  294 |             </PantallaFunnel>
> 295 |           )}
      |            ^
  296 |
  297 |           {paso === 'loading' && plato && (
  298 |             <LoadingPlan

Parsing ecmascript source code failed

Import traces:
  Client Component Browser:
    ./app/onboarding/page.tsx [Client Component Browser]
    ./app/onboarding/page.tsx [Server Component]

  Client Component SSR:
    ./app/onboarding/page.tsx [Client Component SSR]
    ./app/onboarding/page.tsx [Server Component] @ http://localhost:3000/_next/static/chunks/node_modules_next_dist_1e8vcs8._.js:1052
[  140951ms] [ERROR] ./app/onboarding/page.tsx:295:12
Error: Unexpected token. Did you mean `{'}'}` or `&rbrace;`?
  293 |               </div>
  294 |             </PantallaFunnel>
> 295 |           )}
      |            ^
  296 |
  297 |           {paso === 'loading' && plato && (
  298 |             <LoadingPlan

Parsing ecmascript source code failed

Import traces:
  Client Component Browser:
    ./app/onboarding/page.tsx [Client Component Browser]
    ./app/onboarding/page.tsx [Server Component]

  Client Component SSR:
    ./app/onboarding/page.tsx [Client Component SSR]
    ./app/onboarding/page.tsx [Server Component] @ http://localhost:3000/_next/static/chunks/node_modules_next_dist_1e8vcs8._.js:1052
[  141001ms] [ERROR] ./app/onboarding/page.tsx:295:12
Error: Unexpected token. Did you mean `{'}'}` or `&rbrace;`?
  293 |               </div>
  294 |             </PantallaFunnel>
> 295 |           )}
      |            ^
  296 |
  297 |           {paso === 'loading' && plato && (
  298 |             <LoadingPlan

Parsing ecmascript source code failed

Import traces:
  Client Component Browser:
    ./app/onboarding/page.tsx [Client Component Browser]
    ./app/onboarding/page.tsx [Server Component]

  Client Component SSR:
    ./app/onboarding/page.tsx [Client Component SSR]
    ./app/onboarding/page.tsx [Server Component] @ http://localhost:3000/_next/static/chunks/node_modules_next_dist_1e8vcs8._.js:1052
[  141048ms] [ERROR] ./app/onboarding/page.tsx:295:12
Error: Unexpected token. Did you mean `{'}'}` or `&rbrace;`?
  293 |               </div>
  294 |             </PantallaFunnel>
> 295 |           )}
      |            ^
  296 |
  297 |           {paso === 'loading' && plato && (
  298 |             <LoadingPlan

Parsing ecmascript source code failed

Import traces:
  Client Component Browser:
    ./app/onboarding/page.tsx [Client Component Browser]
    ./app/onboarding/page.tsx [Server Component]

  Client Component SSR:
    ./app/onboarding/page.tsx [Client Component SSR]
    ./app/onboarding/page.tsx [Server Component] @ http://localhost:3000/_next/static/chunks/node_modules_next_dist_1e8vcs8._.js:1052
[  141103ms] [ERROR] ./app/onboarding/page.tsx:295:12
Error: Unexpected token. Did you mean `{'}'}` or `&rbrace;`?
  293 |               </div>
  294 |             </PantallaFunnel>
> 295 |           )}
      |            ^
  296 |
  297 |           {paso === 'loading' && plato && (
  298 |             <LoadingPlan

Parsing ecmascript source code failed

Import traces:
  Client Component Browser:
    ./app/onboarding/page.tsx [Client Component Browser]
    ./app/onboarding/page.tsx [Server Component]

  Client Component SSR:
    ./app/onboarding/page.tsx [Client Component SSR]
    ./app/onboarding/page.tsx [Server Component] @ http://localhost:3000/_next/static/chunks/node_modules_next_dist_1e8vcs8._.js:1052
[  141151ms] [ERROR] ./app/onboarding/page.tsx:295:12
Error: Unexpected token. Did you mean `{'}'}` or `&rbrace;`?
  293 |               </div>
  294 |             </PantallaFunnel>
> 295 |           )}
      |            ^
  296 |
  297 |           {paso === 'loading' && plato && (
  298 |             <LoadingPlan

Parsing ecmascript source code failed

Import traces:
  Client Component Browser:
    ./app/onboarding/page.tsx [Client Component Browser]
    ./app/onboarding/page.tsx [Server Component]

  Client Component SSR:
    ./app/onboarding/page.tsx [Client Component SSR]
    ./app/onboarding/page.tsx [Server Component] @ http://localhost:3000/_next/static/chunks/node_modules_next_dist_1e8vcs8._.js:1052
[  141197ms] [ERROR] ./app/onboarding/page.tsx:295:12
Error: Unexpected token. Did you mean `{'}'}` or `&rbrace;`?
  293 |               </div>
  294 |             </PantallaFunnel>
> 295 |           )}
      |            ^
  296 |
  297 |           {paso === 'loading' && plato && (
  298 |             <LoadingPlan

Parsing ecmascript source code failed

Import traces:
  Client Component Browser:
    ./app/onboarding/page.tsx [Client Component Browser]
    ./app/onboarding/page.tsx [Server Component]

  Client Component SSR:
    ./app/onboarding/page.tsx [Client Component SSR]
    ./app/onboarding/page.tsx [Server Component] @ http://localhost:3000/_next/static/chunks/node_modules_next_dist_1e8vcs8._.js:1052
[  141257ms] [ERROR] ./app/onboarding/page.tsx:295:12
Error: Unexpected token. Did you mean `{'}'}` or `&rbrace;`?
  293 |               </div>
  294 |             </PantallaFunnel>
> 295 |           )}
      |            ^
  296 |
  297 |           {paso === 'loading' && plato && (
  298 |             <LoadingPlan

Parsing ecmascript source code failed

Import traces:
  Client Component Browser:
    ./app/onboarding/page.tsx [Client Component Browser]
    ./app/onboarding/page.tsx [Server Component]

  Client Component SSR:
    ./app/onboarding/page.tsx [Client Component SSR]
    ./app/onboarding/page.tsx [Server Component] @ http://localhost:3000/_next/static/chunks/node_modules_next_dist_1e8vcs8._.js:1052
[  141315ms] [ERROR] ./app/onboarding/page.tsx:295:12
Error: Unexpected token. Did you mean `{'}'}` or `&rbrace;`?
  293 |               </div>
  294 |             </PantallaFunnel>
> 295 |           )}
      |            ^
  296 |
  297 |           {paso === 'loading' && plato && (
  298 |             <LoadingPlan

Parsing ecmascript source code failed

Import traces:
  Client Component Browser:
    ./app/onboarding/page.tsx [Client Component Browser]
    ./app/onboarding/page.tsx [Server Component]

  Client Component SSR:
    ./app/onboarding/page.tsx [Client Component SSR]
    ./app/onboarding/page.tsx [Server Component] @ http://localhost:3000/_next/static/chunks/node_modules_next_dist_1e8vcs8._.js:1052
[  141370ms] [ERROR] ./app/onboarding/page.tsx:295:12
Error: Unexpected token. Did you mean `{'}'}` or `&rbrace;`?
  293 |               </div>
  294 |             </PantallaFunnel>
> 295 |           )}
      |            ^
  296 |
  297 |           {paso === 'loading' && plato && (
  298 |             <LoadingPlan

Parsing ecmascript source code failed

Import traces:
  Client Component Browser:
    ./app/onboarding/page.tsx [Client Component Browser]
    ./app/onboarding/page.tsx [Server Component]

  Client Component SSR:
    ./app/onboarding/page.tsx [Client Component SSR]
    ./app/onboarding/page.tsx [Server Component] @ http://localhost:3000/_next/static/chunks/node_modules_next_dist_1e8vcs8._.js:1052
[  141421ms] [ERROR] ./app/onboarding/page.tsx:295:12
Error: Unexpected token. Did you mean `{'}'}` or `&rbrace;`?
  293 |               </div>
  294 |             </PantallaFunnel>
> 295 |           )}
      |            ^
  296 |
  297 |           {paso === 'loading' && plato && (
  298 |             <LoadingPlan

Parsing ecmascript source code failed

Import traces:
  Client Component Browser:
    ./app/onboarding/page.tsx [Client Component Browser]
    ./app/onboarding/page.tsx [Server Component]

  Client Component SSR:
    ./app/onboarding/page.tsx [Client Component SSR]
    ./app/onboarding/page.tsx [Server Component] @ http://localhost:3000/_next/static/chunks/node_modules_next_dist_1e8vcs8._.js:1052
[  141464ms] [ERROR] ./app/onboarding/page.tsx:295:12
Error: Unexpected token. Did you mean `{'}'}` or `&rbrace;`?
  293 |               </div>
  294 |             </PantallaFunnel>
> 295 |           )}
      |            ^
  296 |
  297 |           {paso === 'loading' && plato && (
  298 |             <LoadingPlan

Parsing ecmascript source code failed

Import traces:
  Client Component Browser:
    ./app/onboarding/page.tsx [Client Component Browser]
    ./app/onboarding/page.tsx [Server Component]

  Client Component SSR:
    ./app/onboarding/page.tsx [Client Component SSR]
    ./app/onboarding/page.tsx [Server Component] @ http://localhost:3000/_next/static/chunks/node_modules_next_dist_1e8vcs8._.js:1052
[  141505ms] [ERROR] ./app/onboarding/page.tsx:295:12
Error: Unexpected token. Did you mean `{'}'}` or `&rbrace;`?
  293 |               </div>
  294 |             </PantallaFunnel>
> 295 |           )}
      |            ^
  296 |
  297 |           {paso === 'loading' && plato && (
  298 |             <LoadingPlan

Parsing ecmascript source code failed

Import traces:
  Client Component Browser:
    ./app/onboarding/page.tsx [Client Component Browser]
    ./app/onboarding/page.tsx [Server Component]

  Client Component SSR:
    ./app/onboarding/page.tsx [Client Component SSR]
    ./app/onboarding/page.tsx [Server Component] @ http://localhost:3000/_next/static/chunks/node_modules_next_dist_1e8vcs8._.js:1052
[  141556ms] [ERROR] ./app/onboarding/page.tsx:295:12
Error: Unexpected token. Did you mean `{'}'}` or `&rbrace;`?
  293 |               </div>
  294 |             </PantallaFunnel>
> 295 |           )}
      |            ^
  296 |
  297 |           {paso === 'loading' && plato && (
  298 |             <LoadingPlan

Parsing ecmascript source code failed

Import traces:
  Client Component Browser:
    ./app/onboarding/page.tsx [Client Component Browser]
    ./app/onboarding/page.tsx [Server Component]

  Client Component SSR:
    ./app/onboarding/page.tsx [Client Component SSR]
    ./app/onboarding/page.tsx [Server Component] @ http://localhost:3000/_next/static/chunks/node_modules_next_dist_1e8vcs8._.js:1052
[  141598ms] [ERROR] ./app/onboarding/page.tsx:295:12
Error: Unexpected token. Did you mean `{'}'}` or `&rbrace;`?
  293 |               </div>
  294 |             </PantallaFunnel>
> 295 |           )}
      |            ^
  296 |
  297 |           {paso === 'loading' && plato && (
  298 |             <LoadingPlan

Parsing ecmascript source code failed

Import traces:
  Client Component Browser:
    ./app/onboarding/page.tsx [Client Component Browser]
    ./app/onboarding/page.tsx [Server Component]

  Client Component SSR:
    ./app/onboarding/page.tsx [Client Component SSR]
    ./app/onboarding/page.tsx [Server Component] @ http://localhost:3000/_next/static/chunks/node_modules_next_dist_1e8vcs8._.js:1052
[  141651ms] [ERROR] ./app/onboarding/page.tsx:295:12
Error: Unexpected token. Did you mean `{'}'}` or `&rbrace;`?
  293 |               </div>
  294 |             </PantallaFunnel>
> 295 |           )}
      |            ^
  296 |
  297 |           {paso === 'loading' && plato && (
  298 |             <LoadingPlan

Parsing ecmascript source code failed

Import traces:
  Client Component Browser:
    ./app/onboarding/page.tsx [Client Component Browser]
    ./app/onboarding/page.tsx [Server Component]

  Client Component SSR:
    ./app/onboarding/page.tsx [Client Component SSR]
    ./app/onboarding/page.tsx [Server Component] @ http://localhost:3000/_next/static/chunks/node_modules_next_dist_1e8vcs8._.js:1052
[  141697ms] [ERROR] ./app/onboarding/page.tsx:295:12
Error: Unexpected token. Did you mean `{'}'}` or `&rbrace;`?
  293 |               </div>
  294 |             </PantallaFunnel>
> 295 |           )}
      |            ^
  296 |
  297 |           {paso === 'loading' && plato && (
  298 |             <LoadingPlan

Parsing ecmascript source code failed

Import traces:
  Client Component Browser:
    ./app/onboarding/page.tsx [Client Component Browser]
    ./app/onboarding/page.tsx [Server Component]

  Client Component SSR:
    ./app/onboarding/page.tsx [Client Component SSR]
    ./app/onboarding/page.tsx [Server Component] @ http://localhost:3000/_next/static/chunks/node_modules_next_dist_1e8vcs8._.js:1052
[  141741ms] [ERROR] ./app/onboarding/page.tsx:295:12
Error: Unexpected token. Did you mean `{'}'}` or `&rbrace;`?
  293 |               </div>
  294 |             </PantallaFunnel>
> 295 |           )}
      |            ^
  296 |
  297 |           {paso === 'loading' && plato && (
  298 |             <LoadingPlan

Parsing ecmascript source code failed

Import traces:
  Client Component Browser:
    ./app/onboarding/page.tsx [Client Component Browser]
    ./app/onboarding/page.tsx [Server Component]

  Client Component SSR:
    ./app/onboarding/page.tsx [Client Component SSR]
    ./app/onboarding/page.tsx [Server Component] @ http://localhost:3000/_next/static/chunks/node_modules_next_dist_1e8vcs8._.js:1052
[  141801ms] [ERROR] ./app/onboarding/page.tsx:295:12
Error: Unexpected token. Did you mean `{'}'}` or `&rbrace;`?
  293 |               </div>
  294 |             </PantallaFunnel>
> 295 |           )}
      |            ^
  296 |
  297 |           {paso === 'loading' && plato && (
  298 |             <LoadingPlan

Parsing ecmascript source code failed

Import traces:
  Client Component Browser:
    ./app/onboarding/page.tsx [Client Component Browser]
    ./app/onboarding/page.tsx [Server Component]

  Client Component SSR:
    ./app/onboarding/page.tsx [Client Component SSR]
    ./app/onboarding/page.tsx [Server Component] @ http://localhost:3000/_next/static/chunks/node_modules_next_dist_1e8vcs8._.js:1052
[  141850ms] [ERROR] ./app/onboarding/page.tsx:295:12
Error: Unexpected token. Did you mean `{'}'}` or `&rbrace;`?
  293 |               </div>
  294 |             </PantallaFunnel>
> 295 |           )}
      |            ^
  296 |
  297 |           {paso === 'loading' && plato && (
  298 |             <LoadingPlan

Parsing ecmascript source code failed

Import traces:
  Client Component Browser:
    ./app/onboarding/page.tsx [Client Component Browser]
    ./app/onboarding/page.tsx [Server Component]

  Client Component SSR:
    ./app/onboarding/page.tsx [Client Component SSR]
    ./app/onboarding/page.tsx [Server Component] @ http://localhost:3000/_next/static/chunks/node_modules_next_dist_1e8vcs8._.js:1052
[  141902ms] [ERROR] ./app/onboarding/page.tsx:295:12
Error: Unexpected token. Did you mean `{'}'}` or `&rbrace;`?
  293 |               </div>
  294 |             </PantallaFunnel>
> 295 |           )}
      |            ^
  296 |
  297 |           {paso === 'loading' && plato && (
  298 |             <LoadingPlan

Parsing ecmascript source code failed

Import traces:
  Client Component Browser:
    ./app/onboarding/page.tsx [Client Component Browser]
    ./app/onboarding/page.tsx [Server Component]

  Client Component SSR:
    ./app/onboarding/page.tsx [Client Component SSR]
    ./app/onboarding/page.tsx [Server Component] @ http://localhost:3000/_next/static/chunks/node_modules_next_dist_1e8vcs8._.js:1052
[  141949ms] [ERROR] ./app/onboarding/page.tsx:295:12
Error: Unexpected token. Did you mean `{'}'}` or `&rbrace;`?
  293 |               </div>
  294 |             </PantallaFunnel>
> 295 |           )}
      |            ^
  296 |
  297 |           {paso === 'loading' && plato && (
  298 |             <LoadingPlan

Parsing ecmascript source code failed

Import traces:
  Client Component Browser:
    ./app/onboarding/page.tsx [Client Component Browser]
    ./app/onboarding/page.tsx [Server Component]

  Client Component SSR:
    ./app/onboarding/page.tsx [Client Component SSR]
    ./app/onboarding/page.tsx [Server Component] @ http://localhost:3000/_next/static/chunks/node_modules_next_dist_1e8vcs8._.js:1052
[  141989ms] [ERROR] ./app/onboarding/page.tsx:295:12
Error: Unexpected token. Did you mean `{'}'}` or `&rbrace;`?
  293 |               </div>
  294 |             </PantallaFunnel>
> 295 |           )}
      |            ^
  296 |
  297 |           {paso === 'loading' && plato && (
  298 |             <LoadingPlan

Parsing ecmascript source code failed

Import traces:
  Client Component Browser:
    ./app/onboarding/page.tsx [Client Component Browser]
    ./app/onboarding/page.tsx [Server Component]

  Client Component SSR:
    ./app/onboarding/page.tsx [Client Component SSR]
    ./app/onboarding/page.tsx [Server Component] @ http://localhost:3000/_next/static/chunks/node_modules_next_dist_1e8vcs8._.js:1052
[  142039ms] [ERROR] ./app/onboarding/page.tsx:295:12
Error: Unexpected token. Did you mean `{'}'}` or `&rbrace;`?
  293 |               </div>
  294 |             </PantallaFunnel>
> 295 |           )}
      |            ^
  296 |
  297 |           {paso === 'loading' && plato && (
  298 |             <LoadingPlan

Parsing ecmascript source code failed

Import traces:
  Client Component Browser:
    ./app/onboarding/page.tsx [Client Component Browser]
    ./app/onboarding/page.tsx [Server Component]

  Client Component SSR:
    ./app/onboarding/page.tsx [Client Component SSR]
    ./app/onboarding/page.tsx [Server Component] @ http://localhost:3000/_next/static/chunks/node_modules_next_dist_1e8vcs8._.js:1052
[  142095ms] [ERROR] ./app/onboarding/page.tsx:295:12
Error: Unexpected token. Did you mean `{'}'}` or `&rbrace;`?
  293 |               </div>
  294 |             </PantallaFunnel>
> 295 |           )}
      |            ^
  296 |
  297 |           {paso === 'loading' && plato && (
  298 |             <LoadingPlan

Parsing ecmascript source code failed

Import traces:
  Client Component Browser:
    ./app/onboarding/page.tsx [Client Component Browser]
    ./app/onboarding/page.tsx [Server Component]

  Client Component SSR:
    ./app/onboarding/page.tsx [Client Component SSR]
    ./app/onboarding/page.tsx [Server Component] @ http://localhost:3000/_next/static/chunks/node_modules_next_dist_1e8vcs8._.js:1052
[  142147ms] [ERROR] ./app/onboarding/page.tsx:295:12
Error: Unexpected token. Did you mean `{'}'}` or `&rbrace;`?
  293 |               </div>
  294 |             </PantallaFunnel>
> 295 |           )}
      |            ^
  296 |
  297 |           {paso === 'loading' && plato && (
  298 |             <LoadingPlan

Parsing ecmascript source code failed

Import traces:
  Client Component Browser:
    ./app/onboarding/page.tsx [Client Component Browser]
    ./app/onboarding/page.tsx [Server Component]

  Client Component SSR:
    ./app/onboarding/page.tsx [Client Component SSR]
    ./app/onboarding/page.tsx [Server Component] @ http://localhost:3000/_next/static/chunks/node_modules_next_dist_1e8vcs8._.js:1052
[  142198ms] [ERROR] ./app/onboarding/page.tsx:295:12
Error: Unexpected token. Did you mean `{'}'}` or `&rbrace;`?
  293 |               </div>
  294 |             </PantallaFunnel>
> 295 |           )}
      |            ^
  296 |
  297 |           {paso === 'loading' && plato && (
  298 |             <LoadingPlan

Parsing ecmascript source code failed

Import traces:
  Client Component Browser:
    ./app/onboarding/page.tsx [Client Component Browser]
    ./app/onboarding/page.tsx [Server Component]

  Client Component SSR:
    ./app/onboarding/page.tsx [Client Component SSR]
    ./app/onboarding/page.tsx [Server Component] @ http://localhost:3000/_next/static/chunks/node_modules_next_dist_1e8vcs8._.js:1052
[  142239ms] [ERROR] ./app/onboarding/page.tsx:295:12
Error: Unexpected token. Did you mean `{'}'}` or `&rbrace;`?
  293 |               </div>
  294 |             </PantallaFunnel>
> 295 |           )}
      |            ^
  296 |
  297 |           {paso === 'loading' && plato && (
  298 |             <LoadingPlan

Parsing ecmascript source code failed

Import traces:
  Client Component Browser:
    ./app/onboarding/page.tsx [Client Component Browser]
    ./app/onboarding/page.tsx [Server Component]

  Client Component SSR:
    ./app/onboarding/page.tsx [Client Component SSR]
    ./app/onboarding/page.tsx [Server Component] @ http://localhost:3000/_next/static/chunks/node_modules_next_dist_1e8vcs8._.js:1052
[  142282ms] [ERROR] ./app/onboarding/page.tsx:295:12
Error: Unexpected token. Did you mean `{'}'}` or `&rbrace;`?
  293 |               </div>
  294 |             </PantallaFunnel>
> 295 |           )}
      |            ^
  296 |
  297 |           {paso === 'loading' && plato && (
  298 |             <LoadingPlan

Parsing ecmascript source code failed

Import traces:
  Client Component Browser:
    ./app/onboarding/page.tsx [Client Component Browser]
    ./app/onboarding/page.tsx [Server Component]

  Client Component SSR:
    ./app/onboarding/page.tsx [Client Component SSR]
    ./app/onboarding/page.tsx [Server Component] @ http://localhost:3000/_next/static/chunks/node_modules_next_dist_1e8vcs8._.js:1052
[  142333ms] [ERROR] ./app/onboarding/page.tsx:295:12
Error: Unexpected token. Did you mean `{'}'}` or `&rbrace;`?
  293 |               </div>
  294 |             </PantallaFunnel>
> 295 |           )}
      |            ^
  296 |
  297 |           {paso === 'loading' && plato && (
  298 |             <LoadingPlan

Parsing ecmascript source code failed

Import traces:
  Client Component Browser:
    ./app/onboarding/page.tsx [Client Component Browser]
    ./app/onboarding/page.tsx [Server Component]

  Client Component SSR:
    ./app/onboarding/page.tsx [Client Component SSR]
    ./app/onboarding/page.tsx [Server Component] @ http://localhost:3000/_next/static/chunks/node_modules_next_dist_1e8vcs8._.js:1052
[  142381ms] [ERROR] ./app/onboarding/page.tsx:295:12
Error: Unexpected token. Did you mean `{'}'}` or `&rbrace;`?
  293 |               </div>
  294 |             </PantallaFunnel>
> 295 |           )}
      |            ^
  296 |
  297 |           {paso === 'loading' && plato && (
  298 |             <LoadingPlan

Parsing ecmascript source code failed

Import traces:
  Client Component Browser:
    ./app/onboarding/page.tsx [Client Component Browser]
    ./app/onboarding/page.tsx [Server Component]

  Client Component SSR:
    ./app/onboarding/page.tsx [Client Component SSR]
    ./app/onboarding/page.tsx [Server Component] @ http://localhost:3000/_next/static/chunks/node_modules_next_dist_1e8vcs8._.js:1052
[  142421ms] [ERROR] ./app/onboarding/page.tsx:295:12
Error: Unexpected token. Did you mean `{'}'}` or `&rbrace;`?
  293 |               </div>
  294 |             </PantallaFunnel>
> 295 |           )}
      |            ^
  296 |
  297 |           {paso === 'loading' && plato && (
  298 |             <LoadingPlan

Parsing ecmascript source code failed

Import traces:
  Client Component Browser:
    ./app/onboarding/page.tsx [Client Component Browser]
    ./app/onboarding/page.tsx [Server Component]

  Client Component SSR:
    ./app/onboarding/page.tsx [Client Component SSR]
    ./app/onboarding/page.tsx [Server Component] @ http://localhost:3000/_next/static/chunks/node_modules_next_dist_1e8vcs8._.js:1052
[  142491ms] [ERROR] ./app/onboarding/page.tsx:295:12
Error: Unexpected token. Did you mean `{'}'}` or `&rbrace;`?
  293 |               </div>
  294 |             </PantallaFunnel>
> 295 |           )}
      |            ^
  296 |
  297 |           {paso === 'loading' && plato && (
  298 |             <LoadingPlan

Parsing ecmascript source code failed

Import traces:
  Client Component Browser:
    ./app/onboarding/page.tsx [Client Component Browser]
    ./app/onboarding/page.tsx [Server Component]

  Client Component SSR:
    ./app/onboarding/page.tsx [Client Component SSR]
    ./app/onboarding/page.tsx [Server Component] @ http://localhost:3000/_next/static/chunks/node_modules_next_dist_1e8vcs8._.js:1052
[  142545ms] [ERROR] ./app/onboarding/page.tsx:295:12
Error: Unexpected token. Did you mean `{'}'}` or `&rbrace;`?
  293 |               </div>
  294 |             </PantallaFunnel>
> 295 |           )}
      |            ^
  296 |
  297 |           {paso === 'loading' && plato && (
  298 |             <LoadingPlan

Parsing ecmascript source code failed

Import traces:
  Client Component Browser:
    ./app/onboarding/page.tsx [Client Component Browser]
    ./app/onboarding/page.tsx [Server Component]

  Client Component SSR:
    ./app/onboarding/page.tsx [Client Component SSR]
    ./app/onboarding/page.tsx [Server Component] @ http://localhost:3000/_next/static/chunks/node_modules_next_dist_1e8vcs8._.js:1052
[  142612ms] [ERROR] ./app/onboarding/page.tsx:295:12
Error: Unexpected token. Did you mean `{'}'}` or `&rbrace;`?
  293 |               </div>
  294 |             </PantallaFunnel>
> 295 |           )}
      |            ^
  296 |
  297 |           {paso === 'loading' && plato && (
  298 |             <LoadingPlan

Parsing ecmascript source code failed

Import traces:
  Client Component Browser:
    ./app/onboarding/page.tsx [Client Component Browser]
    ./app/onboarding/page.tsx [Server Component]

  Client Component SSR:
    ./app/onboarding/page.tsx [Client Component SSR]
    ./app/onboarding/page.tsx [Server Component] @ http://localhost:3000/_next/static/chunks/node_modules_next_dist_1e8vcs8._.js:1052
[  142666ms] [ERROR] ./app/onboarding/page.tsx:295:12
Error: Unexpected token. Did you mean `{'}'}` or `&rbrace;`?
  293 |               </div>
  294 |             </PantallaFunnel>
> 295 |           )}
      |            ^
  296 |
  297 |           {paso === 'loading' && plato && (
  298 |             <LoadingPlan

Parsing ecmascript source code failed

Import traces:
  Client Component Browser:
    ./app/onboarding/page.tsx [Client Component Browser]
    ./app/onboarding/page.tsx [Server Component]

  Client Component SSR:
    ./app/onboarding/page.tsx [Client Component SSR]
    ./app/onboarding/page.tsx [Server Component] @ http://localhost:3000/_next/static/chunks/node_modules_next_dist_1e8vcs8._.js:1052
[  142711ms] [ERROR] ./app/onboarding/page.tsx:295:12
Error: Unexpected token. Did you mean `{'}'}` or `&rbrace;`?
  293 |               </div>
  294 |             </PantallaFunnel>
> 295 |           )}
      |            ^
  296 |
  297 |           {paso === 'loading' && plato && (
  298 |             <LoadingPlan

Parsing ecmascript source code failed

Import traces:
  Client Component Browser:
    ./app/onboarding/page.tsx [Client Component Browser]
    ./app/onboarding/page.tsx [Server Component]

  Client Component SSR:
    ./app/onboarding/page.tsx [Client Component SSR]
    ./app/onboarding/page.tsx [Server Component] @ http://localhost:3000/_next/static/chunks/node_modules_next_dist_1e8vcs8._.js:1052
[  142757ms] [ERROR] ./app/onboarding/page.tsx:295:12
Error: Unexpected token. Did you mean `{'}'}` or `&rbrace;`?
  293 |               </div>
  294 |             </PantallaFunnel>
> 295 |           )}
      |            ^
  296 |
  297 |           {paso === 'loading' && plato && (
  298 |             <LoadingPlan

Parsing ecmascript source code failed

Import traces:
  Client Component Browser:
    ./app/onboarding/page.tsx [Client Component Browser]
    ./app/onboarding/page.tsx [Server Component]

  Client Component SSR:
    ./app/onboarding/page.tsx [Client Component SSR]
    ./app/onboarding/page.tsx [Server Component] @ http://localhost:3000/_next/static/chunks/node_modules_next_dist_1e8vcs8._.js:1052
[  142809ms] [ERROR] ./app/onboarding/page.tsx:295:12
Error: Unexpected token. Did you mean `{'}'}` or `&rbrace;`?
  293 |               </div>
  294 |             </PantallaFunnel>
> 295 |           )}
      |            ^
  296 |
  297 |           {paso === 'loading' && plato && (
  298 |             <LoadingPlan

Parsing ecmascript source code failed

Import traces:
  Client Component Browser:
    ./app/onboarding/page.tsx [Client Component Browser]
    ./app/onboarding/page.tsx [Server Component]

  Client Component SSR:
    ./app/onboarding/page.tsx [Client Component SSR]
    ./app/onboarding/page.tsx [Server Component] @ http://localhost:3000/_next/static/chunks/node_modules_next_dist_1e8vcs8._.js:1052
[  142856ms] [ERROR] ./app/onboarding/page.tsx:295:12
Error: Unexpected token. Did you mean `{'}'}` or `&rbrace;`?
  293 |               </div>
  294 |             </PantallaFunnel>
> 295 |           )}
      |            ^
  296 |
  297 |           {paso === 'loading' && plato && (
  298 |             <LoadingPlan

Parsing ecmascript source code failed

Import traces:
  Client Component Browser:
    ./app/onboarding/page.tsx [Client Component Browser]
    ./app/onboarding/page.tsx [Server Component]

  Client Component SSR:
    ./app/onboarding/page.tsx [Client Component SSR]
    ./app/onboarding/page.tsx [Server Component] @ http://localhost:3000/_next/static/chunks/node_modules_next_dist_1e8vcs8._.js:1052
[  142898ms] [ERROR] ./app/onboarding/page.tsx:295:12
Error: Unexpected token. Did you mean `{'}'}` or `&rbrace;`?
  293 |               </div>
  294 |             </PantallaFunnel>
> 295 |           )}
      |            ^
  296 |
  297 |           {paso === 'loading' && plato && (
  298 |             <LoadingPlan

Parsing ecmascript source code failed

Import traces:
  Client Component Browser:
    ./app/onboarding/page.tsx [Client Component Browser]
    ./app/onboarding/page.tsx [Server Component]

  Client Component SSR:
    ./app/onboarding/page.tsx [Client Component SSR]
    ./app/onboarding/page.tsx [Server Component] @ http://localhost:3000/_next/static/chunks/node_modules_next_dist_1e8vcs8._.js:1052
[  142951ms] [ERROR] ./app/onboarding/page.tsx:295:12
Error: Unexpected token. Did you mean `{'}'}` or `&rbrace;`?
  293 |               </div>
  294 |             </PantallaFunnel>
> 295 |           )}
      |            ^
  296 |
  297 |           {paso === 'loading' && plato && (
  298 |             <LoadingPlan

Parsing ecmascript source code failed

Import traces:
  Client Component Browser:
    ./app/onboarding/page.tsx [Client Component Browser]
    ./app/onboarding/page.tsx [Server Component]

  Client Component SSR:
    ./app/onboarding/page.tsx [Client Component SSR]
    ./app/onboarding/page.tsx [Server Component] @ http://localhost:3000/_next/static/chunks/node_modules_next_dist_1e8vcs8._.js:1052
[  143000ms] [ERROR] ./app/onboarding/page.tsx:295:12
Error: Unexpected token. Did you mean `{'}'}` or `&rbrace;`?
  293 |               </div>
  294 |             </PantallaFunnel>
> 295 |           )}
      |            ^
  296 |
  297 |           {paso === 'loading' && plato && (
  298 |             <LoadingPlan

Parsing ecmascript source code failed

Import traces:
  Client Component Browser:
    ./app/onboarding/page.tsx [Client Component Browser]
    ./app/onboarding/page.tsx [Server Component]

  Client Component SSR:
    ./app/onboarding/page.tsx [Client Component SSR]
    ./app/onboarding/page.tsx [Server Component] @ http://localhost:3000/_next/static/chunks/node_modules_next_dist_1e8vcs8._.js:1052
[  143047ms] [ERROR] ./app/onboarding/page.tsx:295:12
Error: Unexpected token. Did you mean `{'}'}` or `&rbrace;`?
  293 |               </div>
  294 |             </PantallaFunnel>
> 295 |           )}
      |            ^
  296 |
  297 |           {paso === 'loading' && plato && (
  298 |             <LoadingPlan

Parsing ecmascript source code failed

Import traces:
  Client Component Browser:
    ./app/onboarding/page.tsx [Client Component Browser]
    ./app/onboarding/page.tsx [Server Component]

  Client Component SSR:
    ./app/onboarding/page.tsx [Client Component SSR]
    ./app/onboarding/page.tsx [Server Component] @ http://localhost:3000/_next/static/chunks/node_modules_next_dist_1e8vcs8._.js:1052
[  143113ms] [ERROR] ./app/onboarding/page.tsx:295:12
Error: Unexpected token. Did you mean `{'}'}` or `&rbrace;`?
  293 |               </div>
  294 |             </PantallaFunnel>
> 295 |           )}
      |            ^
  296 |
  297 |           {paso === 'loading' && plato && (
  298 |             <LoadingPlan

Parsing ecmascript source code failed

Import traces:
  Client Component Browser:
    ./app/onboarding/page.tsx [Client Component Browser]
    ./app/onboarding/page.tsx [Server Component]

  Client Component SSR:
    ./app/onboarding/page.tsx [Client Component SSR]
    ./app/onboarding/page.tsx [Server Component] @ http://localhost:3000/_next/static/chunks/node_modules_next_dist_1e8vcs8._.js:1052
[  143168ms] [ERROR] ./app/onboarding/page.tsx:295:12
Error: Unexpected token. Did you mean `{'}'}` or `&rbrace;`?
  293 |               </div>
  294 |             </PantallaFunnel>
> 295 |           )}
      |            ^
  296 |
  297 |           {paso === 'loading' && plato && (
  298 |             <LoadingPlan

Parsing ecmascript source code failed

Import traces:
  Client Component Browser:
    ./app/onboarding/page.tsx [Client Component Browser]
    ./app/onboarding/page.tsx [Server Component]

  Client Component SSR:
    ./app/onboarding/page.tsx [Client Component SSR]
    ./app/onboarding/page.tsx [Server Component] @ http://localhost:3000/_next/static/chunks/node_modules_next_dist_1e8vcs8._.js:1052
[  143229ms] [ERROR] ./app/onboarding/page.tsx:295:12
Error: Unexpected token. Did you mean `{'}'}` or `&rbrace;`?
  293 |               </div>
  294 |             </PantallaFunnel>
> 295 |           )}
      |            ^
  296 |
  297 |           {paso === 'loading' && plato && (
  298 |             <LoadingPlan

Parsing ecmascript source code failed

Import traces:
  Client Component Browser:
    ./app/onboarding/page.tsx [Client Component Browser]
    ./app/onboarding/page.tsx [Server Component]

  Client Component SSR:
    ./app/onboarding/page.tsx [Client Component SSR]
    ./app/onboarding/page.tsx [Server Component] @ http://localhost:3000/_next/static/chunks/node_modules_next_dist_1e8vcs8._.js:1052
[  143286ms] [ERROR] ./app/onboarding/page.tsx:295:12
Error: Unexpected token. Did you mean `{'}'}` or `&rbrace;`?
  293 |               </div>
  294 |             </PantallaFunnel>
> 295 |           )}
      |            ^
  296 |
  297 |           {paso === 'loading' && plato && (
  298 |             <LoadingPlan

Parsing ecmascript source code failed

Import traces:
  Client Component Browser:
    ./app/onboarding/page.tsx [Client Component Browser]
    ./app/onboarding/page.tsx [Server Component]

  Client Component SSR:
    ./app/onboarding/page.tsx [Client Component SSR]
    ./app/onboarding/page.tsx [Server Component] @ http://localhost:3000/_next/static/chunks/node_modules_next_dist_1e8vcs8._.js:1052
[  143334ms] [ERROR] ./app/onboarding/page.tsx:295:12
Error: Unexpected token. Did you mean `{'}'}` or `&rbrace;`?
  293 |               </div>
  294 |             </PantallaFunnel>
> 295 |           )}
      |            ^
  296 |
  297 |           {paso === 'loading' && plato && (
  298 |             <LoadingPlan

Parsing ecmascript source code failed

Import traces:
  Client Component Browser:
    ./app/onboarding/page.tsx [Client Component Browser]
    ./app/onboarding/page.tsx [Server Component]

  Client Component SSR:
    ./app/onboarding/page.tsx [Client Component SSR]
    ./app/onboarding/page.tsx [Server Component] @ http://localhost:3000/_next/static/chunks/node_modules_next_dist_1e8vcs8._.js:1052
[  143392ms] [ERROR] ./app/onboarding/page.tsx:295:12
Error: Unexpected token. Did you mean `{'}'}` or `&rbrace;`?
  293 |               </div>
  294 |             </PantallaFunnel>
> 295 |           )}
      |            ^
  296 |
  297 |           {paso === 'loading' && plato && (
  298 |             <LoadingPlan

Parsing ecmascript source code failed

Import traces:
  Client Component Browser:
    ./app/onboarding/page.tsx [Client Component Browser]
    ./app/onboarding/page.tsx [Server Component]

  Client Component SSR:
    ./app/onboarding/page.tsx [Client Component SSR]
    ./app/onboarding/page.tsx [Server Component] @ http://localhost:3000/_next/static/chunks/node_modules_next_dist_1e8vcs8._.js:1052
[  143438ms] [ERROR] ./app/onboarding/page.tsx:295:12
Error: Unexpected token. Did you mean `{'}'}` or `&rbrace;`?
  293 |               </div>
  294 |             </PantallaFunnel>
> 295 |           )}
      |            ^
  296 |
  297 |           {paso === 'loading' && plato && (
  298 |             <LoadingPlan

Parsing ecmascript source code failed

Import traces:
  Client Component Browser:
    ./app/onboarding/page.tsx [Client Component Browser]
    ./app/onboarding/page.tsx [Server Component]

  Client Component SSR:
    ./app/onboarding/page.tsx [Client Component SSR]
    ./app/onboarding/page.tsx [Server Component] @ http://localhost:3000/_next/static/chunks/node_modules_next_dist_1e8vcs8._.js:1052
[  143488ms] [ERROR] ./app/onboarding/page.tsx:295:12
Error: Unexpected token. Did you mean `{'}'}` or `&rbrace;`?
  293 |               </div>
  294 |             </PantallaFunnel>
> 295 |           )}
      |            ^
  296 |
  297 |           {paso === 'loading' && plato && (
  298 |             <LoadingPlan

Parsing ecmascript source code failed

Import traces:
  Client Component Browser:
    ./app/onboarding/page.tsx [Client Component Browser]
    ./app/onboarding/page.tsx [Server Component]

  Client Component SSR:
    ./app/onboarding/page.tsx [Client Component SSR]
    ./app/onboarding/page.tsx [Server Component] @ http://localhost:3000/_next/static/chunks/node_modules_next_dist_1e8vcs8._.js:1052
[  143530ms] [ERROR] ./app/onboarding/page.tsx:295:12
Error: Unexpected token. Did you mean `{'}'}` or `&rbrace;`?
  293 |               </div>
  294 |             </PantallaFunnel>
> 295 |           )}
      |            ^
  296 |
  297 |           {paso === 'loading' && plato && (
  298 |             <LoadingPlan

Parsing ecmascript source code failed

Import traces:
  Client Component Browser:
    ./app/onboarding/page.tsx [Client Component Browser]
    ./app/onboarding/page.tsx [Server Component]

  Client Component SSR:
    ./app/onboarding/page.tsx [Client Component SSR]
    ./app/onboarding/page.tsx [Server Component] @ http://localhost:3000/_next/static/chunks/node_modules_next_dist_1e8vcs8._.js:1052
[  143580ms] [ERROR] ./app/onboarding/page.tsx:295:12
Error: Unexpected token. Did you mean `{'}'}` or `&rbrace;`?
  293 |               </div>
  294 |             </PantallaFunnel>
> 295 |           )}
      |            ^
  296 |
  297 |           {paso === 'loading' && plato && (
  298 |             <LoadingPlan

Parsing ecmascript source code failed

Import traces:
  Client Component Browser:
    ./app/onboarding/page.tsx [Client Component Browser]
    ./app/onboarding/page.tsx [Server Component]

  Client Component SSR:
    ./app/onboarding/page.tsx [Client Component SSR]
    ./app/onboarding/page.tsx [Server Component] @ http://localhost:3000/_next/static/chunks/node_modules_next_dist_1e8vcs8._.js:1052
[  143644ms] [ERROR] ./app/onboarding/page.tsx:295:12
Error: Unexpected token. Did you mean `{'}'}` or `&rbrace;`?
  293 |               </div>
  294 |             </PantallaFunnel>
> 295 |           )}
      |            ^
  296 |
  297 |           {paso === 'loading' && plato && (
  298 |             <LoadingPlan

Parsing ecmascript source code failed

Import traces:
  Client Component Browser:
    ./app/onboarding/page.tsx [Client Component Browser]
    ./app/onboarding/page.tsx [Server Component]

  Client Component SSR:
    ./app/onboarding/page.tsx [Client Component SSR]
    ./app/onboarding/page.tsx [Server Component] @ http://localhost:3000/_next/static/chunks/node_modules_next_dist_1e8vcs8._.js:1052
[  143693ms] [ERROR] ./app/onboarding/page.tsx:295:12
Error: Unexpected token. Did you mean `{'}'}` or `&rbrace;`?
  293 |               </div>
  294 |             </PantallaFunnel>
> 295 |           )}
      |            ^
  296 |
  297 |           {paso === 'loading' && plato && (
  298 |             <LoadingPlan

Parsing ecmascript source code failed

Import traces:
  Client Component Browser:
    ./app/onboarding/page.tsx [Client Component Browser]
    ./app/onboarding/page.tsx [Server Component]

  Client Component SSR:
    ./app/onboarding/page.tsx [Client Component SSR]
    ./app/onboarding/page.tsx [Server Component] @ http://localhost:3000/_next/static/chunks/node_modules_next_dist_1e8vcs8._.js:1052
[  143747ms] [ERROR] ./app/onboarding/page.tsx:295:12
Error: Unexpected token. Did you mean `{'}'}` or `&rbrace;`?
  293 |               </div>
  294 |             </PantallaFunnel>
> 295 |           )}
      |            ^
  296 |
  297 |           {paso === 'loading' && plato && (
  298 |             <LoadingPlan

Parsing ecmascript source code failed

Import traces:
  Client Component Browser:
    ./app/onboarding/page.tsx [Client Component Browser]
    ./app/onboarding/page.tsx [Server Component]

  Client Component SSR:
    ./app/onboarding/page.tsx [Client Component SSR]
    ./app/onboarding/page.tsx [Server Component] @ http://localhost:3000/_next/static/chunks/node_modules_next_dist_1e8vcs8._.js:1052
[  143802ms] [ERROR] ./app/onboarding/page.tsx:295:12
Error: Unexpected token. Did you mean `{'}'}` or `&rbrace;`?
  293 |               </div>
  294 |             </PantallaFunnel>
> 295 |           )}
      |            ^
  296 |
  297 |           {paso === 'loading' && plato && (
  298 |             <LoadingPlan

Parsing ecmascript source code failed

Import traces:
  Client Component Browser:
    ./app/onboarding/page.tsx [Client Component Browser]
    ./app/onboarding/page.tsx [Server Component]

  Client Component SSR:
    ./app/onboarding/page.tsx [Client Component SSR]
    ./app/onboarding/page.tsx [Server Component] @ http://localhost:3000/_next/static/chunks/node_modules_next_dist_1e8vcs8._.js:1052
[  143866ms] [ERROR] ./app/onboarding/page.tsx:295:12
Error: Unexpected token. Did you mean `{'}'}` or `&rbrace;`?
  293 |               </div>
  294 |             </PantallaFunnel>
> 295 |           )}
      |            ^
  296 |
  297 |           {paso === 'loading' && plato && (
  298 |             <LoadingPlan

Parsing ecmascript source code failed

Import traces:
  Client Component Browser:
    ./app/onboarding/page.tsx [Client Component Browser]
    ./app/onboarding/page.tsx [Server Component]

  Client Component SSR:
    ./app/onboarding/page.tsx [Client Component SSR]
    ./app/onboarding/page.tsx [Server Component] @ http://localhost:3000/_next/static/chunks/node_modules_next_dist_1e8vcs8._.js:1052
[  143912ms] [ERROR] ./app/onboarding/page.tsx:295:12
Error: Unexpected token. Did you mean `{'}'}` or `&rbrace;`?
  293 |               </div>
  294 |             </PantallaFunnel>
> 295 |           )}
      |            ^
  296 |
  297 |           {paso === 'loading' && plato && (
  298 |             <LoadingPlan

Parsing ecmascript source code failed

Import traces:
  Client Component Browser:
    ./app/onboarding/page.tsx [Client Component Browser]
    ./app/onboarding/page.tsx [Server Component]

  Client Component SSR:
    ./app/onboarding/page.tsx [Client Component SSR]
    ./app/onboarding/page.tsx [Server Component] @ http://localhost:3000/_next/static/chunks/node_modules_next_dist_1e8vcs8._.js:1052
[  143963ms] [ERROR] ./app/onboarding/page.tsx:295:12
Error: Unexpected token. Did you mean `{'}'}` or `&rbrace;`?
  293 |               </div>
  294 |             </PantallaFunnel>
> 295 |           )}
      |            ^
  296 |
  297 |           {paso === 'loading' && plato && (
  298 |             <LoadingPlan

Parsing ecmascript source code failed

Import traces:
  Client Component Browser:
    ./app/onboarding/page.tsx [Client Component Browser]
    ./app/onboarding/page.tsx [Server Component]

  Client Component SSR:
    ./app/onboarding/page.tsx [Client Component SSR]
    ./app/onboarding/page.tsx [Server Component] @ http://localhost:3000/_next/static/chunks/node_modules_next_dist_1e8vcs8._.js:1052
[  144018ms] [ERROR] ./app/onboarding/page.tsx:295:12
Error: Unexpected token. Did you mean `{'}'}` or `&rbrace;`?
  293 |               </div>
  294 |             </PantallaFunnel>
> 295 |           )}
      |            ^
  296 |
  297 |           {paso === 'loading' && plato && (
  298 |             <LoadingPlan

Parsing ecmascript source code failed

Import traces:
  Client Component Browser:
    ./app/onboarding/page.tsx [Client Component Browser]
    ./app/onboarding/page.tsx [Server Component]

  Client Component SSR:
    ./app/onboarding/page.tsx [Client Component SSR]
    ./app/onboarding/page.tsx [Server Component] @ http://localhost:3000/_next/static/chunks/node_modules_next_dist_1e8vcs8._.js:1052
[  144063ms] [ERROR] ./app/onboarding/page.tsx:295:12
Error: Unexpected token. Did you mean `{'}'}` or `&rbrace;`?
  293 |               </div>
  294 |             </PantallaFunnel>
> 295 |           )}
      |            ^
  296 |
  297 |           {paso === 'loading' && plato && (
  298 |             <LoadingPlan

Parsing ecmascript source code failed

Import traces:
  Client Component Browser:
    ./app/onboarding/page.tsx [Client Component Browser]
    ./app/onboarding/page.tsx [Server Component]

  Client Component SSR:
    ./app/onboarding/page.tsx [Client Component SSR]
    ./app/onboarding/page.tsx [Server Component] @ http://localhost:3000/_next/static/chunks/node_modules_next_dist_1e8vcs8._.js:1052
[  144104ms] [ERROR] ./app/onboarding/page.tsx:295:12
Error: Unexpected token. Did you mean `{'}'}` or `&rbrace;`?
  293 |               </div>
  294 |             </PantallaFunnel>
> 295 |           )}
      |            ^
  296 |
  297 |           {paso === 'loading' && plato && (
  298 |             <LoadingPlan

Parsing ecmascript source code failed

Import traces:
  Client Component Browser:
    ./app/onboarding/page.tsx [Client Component Browser]
    ./app/onboarding/page.tsx [Server Component]

  Client Component SSR:
    ./app/onboarding/page.tsx [Client Component SSR]
    ./app/onboarding/page.tsx [Server Component] @ http://localhost:3000/_next/static/chunks/node_modules_next_dist_1e8vcs8._.js:1052
[  144155ms] [ERROR] ./app/onboarding/page.tsx:295:12
Error: Unexpected token. Did you mean `{'}'}` or `&rbrace;`?
  293 |               </div>
  294 |             </PantallaFunnel>
> 295 |           )}
      |            ^
  296 |
  297 |           {paso === 'loading' && plato && (
  298 |             <LoadingPlan

Parsing ecmascript source code failed

Import traces:
  Client Component Browser:
    ./app/onboarding/page.tsx [Client Component Browser]
    ./app/onboarding/page.tsx [Server Component]

  Client Component SSR:
    ./app/onboarding/page.tsx [Client Component SSR]
    ./app/onboarding/page.tsx [Server Component] @ http://localhost:3000/_next/static/chunks/node_modules_next_dist_1e8vcs8._.js:1052
[  144203ms] [ERROR] ./app/onboarding/page.tsx:295:12
Error: Unexpected token. Did you mean `{'}'}` or `&rbrace;`?
  293 |               </div>
  294 |             </PantallaFunnel>
> 295 |           )}
      |            ^
  296 |
  297 |           {paso === 'loading' && plato && (
  298 |             <LoadingPlan

Parsing ecmascript source code failed

Import traces:
  Client Component Browser:
    ./app/onboarding/page.tsx [Client Component Browser]
    ./app/onboarding/page.tsx [Server Component]

  Client Component SSR:
    ./app/onboarding/page.tsx [Client Component SSR]
    ./app/onboarding/page.tsx [Server Component] @ http://localhost:3000/_next/static/chunks/node_modules_next_dist_1e8vcs8._.js:1052
[  144248ms] [ERROR] ./app/onboarding/page.tsx:295:12
Error: Unexpected token. Did you mean `{'}'}` or `&rbrace;`?
  293 |               </div>
  294 |             </PantallaFunnel>
> 295 |           )}
      |            ^
  296 |
  297 |           {paso === 'loading' && plato && (
  298 |             <LoadingPlan

Parsing ecmascript source code failed

Import traces:
  Client Component Browser:
    ./app/onboarding/page.tsx [Client Component Browser]
    ./app/onboarding/page.tsx [Server Component]

  Client Component SSR:
    ./app/onboarding/page.tsx [Client Component SSR]
    ./app/onboarding/page.tsx [Server Component] @ http://localhost:3000/_next/static/chunks/node_modules_next_dist_1e8vcs8._.js:1052
[  144295ms] [ERROR] ./app/onboarding/page.tsx:295:12
Error: Unexpected token. Did you mean `{'}'}` or `&rbrace;`?
  293 |               </div>
  294 |             </PantallaFunnel>
> 295 |           )}
      |            ^
  296 |
  297 |           {paso === 'loading' && plato && (
  298 |             <LoadingPlan

Parsing ecmascript source code failed

Import traces:
  Client Component Browser:
    ./app/onboarding/page.tsx [Client Component Browser]
    ./app/onboarding/page.tsx [Server Component]

  Client Component SSR:
    ./app/onboarding/page.tsx [Client Component SSR]
    ./app/onboarding/page.tsx [Server Component] @ http://localhost:3000/_next/static/chunks/node_modules_next_dist_1e8vcs8._.js:1052
[  144347ms] [ERROR] ./app/onboarding/page.tsx:295:12
Error: Unexpected token. Did you mean `{'}'}` or `&rbrace;`?
  293 |               </div>
  294 |             </PantallaFunnel>
> 295 |           )}
      |            ^
  296 |
  297 |           {paso === 'loading' && plato && (
  298 |             <LoadingPlan

Parsing ecmascript source code failed

Import traces:
  Client Component Browser:
    ./app/onboarding/page.tsx [Client Component Browser]
    ./app/onboarding/page.tsx [Server Component]

  Client Component SSR:
    ./app/onboarding/page.tsx [Client Component SSR]
    ./app/onboarding/page.tsx [Server Component] @ http://localhost:3000/_next/static/chunks/node_modules_next_dist_1e8vcs8._.js:1052
[  144398ms] [ERROR] ./app/onboarding/page.tsx:295:12
Error: Unexpected token. Did you mean `{'}'}` or `&rbrace;`?
  293 |               </div>
  294 |             </PantallaFunnel>
> 295 |           )}
      |            ^
  296 |
  297 |           {paso === 'loading' && plato && (
  298 |             <LoadingPlan

Parsing ecmascript source code failed

Import traces:
  Client Component Browser:
    ./app/onboarding/page.tsx [Client Component Browser]
    ./app/onboarding/page.tsx [Server Component]

  Client Component SSR:
    ./app/onboarding/page.tsx [Client Component SSR]
    ./app/onboarding/page.tsx [Server Component] @ http://localhost:3000/_next/static/chunks/node_modules_next_dist_1e8vcs8._.js:1052
[  144449ms] [ERROR] ./app/onboarding/page.tsx:295:12
Error: Unexpected token. Did you mean `{'}'}` or `&rbrace;`?
  293 |               </div>
  294 |             </PantallaFunnel>
> 295 |           )}
      |            ^
  296 |
  297 |           {paso === 'loading' && plato && (
  298 |             <LoadingPlan

Parsing ecmascript source code failed

Import traces:
  Client Component Browser:
    ./app/onboarding/page.tsx [Client Component Browser]
    ./app/onboarding/page.tsx [Server Component]

  Client Component SSR:
    ./app/onboarding/page.tsx [Client Component SSR]
    ./app/onboarding/page.tsx [Server Component] @ http://localhost:3000/_next/static/chunks/node_modules_next_dist_1e8vcs8._.js:1052
[  144498ms] [ERROR] ./app/onboarding/page.tsx:295:12
Error: Unexpected token. Did you mean `{'}'}` or `&rbrace;`?
  293 |               </div>
  294 |             </PantallaFunnel>
> 295 |           )}
      |            ^
  296 |
  297 |           {paso === 'loading' && plato && (
  298 |             <LoadingPlan

Parsing ecmascript source code failed

Import traces:
  Client Component Browser:
    ./app/onboarding/page.tsx [Client Component Browser]
    ./app/onboarding/page.tsx [Server Component]

  Client Component SSR:
    ./app/onboarding/page.tsx [Client Component SSR]
    ./app/onboarding/page.tsx [Server Component] @ http://localhost:3000/_next/static/chunks/node_modules_next_dist_1e8vcs8._.js:1052
[  144547ms] [ERROR] ./app/onboarding/page.tsx:295:12
Error: Unexpected token. Did you mean `{'}'}` or `&rbrace;`?
  293 |               </div>
  294 |             </PantallaFunnel>
> 295 |           )}
      |            ^
  296 |
  297 |           {paso === 'loading' && plato && (
  298 |             <LoadingPlan

Parsing ecmascript source code failed

Import traces:
  Client Component Browser:
    ./app/onboarding/page.tsx [Client Component Browser]
    ./app/onboarding/page.tsx [Server Component]

  Client Component SSR:
    ./app/onboarding/page.tsx [Client Component SSR]
    ./app/onboarding/page.tsx [Server Component] @ http://localhost:3000/_next/static/chunks/node_modules_next_dist_1e8vcs8._.js:1052
[  144593ms] [ERROR] ./app/onboarding/page.tsx:295:12
Error: Unexpected token. Did you mean `{'}'}` or `&rbrace;`?
  293 |               </div>
  294 |             </PantallaFunnel>
> 295 |           )}
      |            ^
  296 |
  297 |           {paso === 'loading' && plato && (
  298 |             <LoadingPlan

Parsing ecmascript source code failed

Import traces:
  Client Component Browser:
    ./app/onboarding/page.tsx [Client Component Browser]
    ./app/onboarding/page.tsx [Server Component]

  Client Component SSR:
    ./app/onboarding/page.tsx [Client Component SSR]
    ./app/onboarding/page.tsx [Server Component] @ http://localhost:3000/_next/static/chunks/node_modules_next_dist_1e8vcs8._.js:1052
[  144649ms] [ERROR] ./app/onboarding/page.tsx:295:12
Error: Unexpected token. Did you mean `{'}'}` or `&rbrace;`?
  293 |               </div>
  294 |             </PantallaFunnel>
> 295 |           )}
      |            ^
  296 |
  297 |           {paso === 'loading' && plato && (
  298 |             <LoadingPlan

Parsing ecmascript source code failed

Import traces:
  Client Component Browser:
    ./app/onboarding/page.tsx [Client Component Browser]
    ./app/onboarding/page.tsx [Server Component]

  Client Component SSR:
    ./app/onboarding/page.tsx [Client Component SSR]
    ./app/onboarding/page.tsx [Server Component] @ http://localhost:3000/_next/static/chunks/node_modules_next_dist_1e8vcs8._.js:1052
[  144697ms] [ERROR] ./app/onboarding/page.tsx:295:12
Error: Unexpected token. Did you mean `{'}'}` or `&rbrace;`?
  293 |               </div>
  294 |             </PantallaFunnel>
> 295 |           )}
      |            ^
  296 |
  297 |           {paso === 'loading' && plato && (
  298 |             <LoadingPlan

Parsing ecmascript source code failed

Import traces:
  Client Component Browser:
    ./app/onboarding/page.tsx [Client Component Browser]
    ./app/onboarding/page.tsx [Server Component]

  Client Component SSR:
    ./app/onboarding/page.tsx [Client Component SSR]
    ./app/onboarding/page.tsx [Server Component] @ http://localhost:3000/_next/static/chunks/node_modules_next_dist_1e8vcs8._.js:1052
[  144746ms] [ERROR] ./app/onboarding/page.tsx:295:12
Error: Unexpected token. Did you mean `{'}'}` or `&rbrace;`?
  293 |               </div>
  294 |             </PantallaFunnel>
> 295 |           )}
      |            ^
  296 |
  297 |           {paso === 'loading' && plato && (
  298 |             <LoadingPlan

Parsing ecmascript source code failed

Import traces:
  Client Component Browser:
    ./app/onboarding/page.tsx [Client Component Browser]
    ./app/onboarding/page.tsx [Server Component]

  Client Component SSR:
    ./app/onboarding/page.tsx [Client Component SSR]
    ./app/onboarding/page.tsx [Server Component] @ http://localhost:3000/_next/static/chunks/node_modules_next_dist_1e8vcs8._.js:1052
[  144795ms] [ERROR] ./app/onboarding/page.tsx:295:12
Error: Unexpected token. Did you mean `{'}'}` or `&rbrace;`?
  293 |               </div>
  294 |             </PantallaFunnel>
> 295 |           )}
      |            ^
  296 |
  297 |           {paso === 'loading' && plato && (
  298 |             <LoadingPlan

Parsing ecmascript source code failed

Import traces:
  Client Component Browser:
    ./app/onboarding/page.tsx [Client Component Browser]
    ./app/onboarding/page.tsx [Server Component]

  Client Component SSR:
    ./app/onboarding/page.tsx [Client Component SSR]
    ./app/onboarding/page.tsx [Server Component] @ http://localhost:3000/_next/static/chunks/node_modules_next_dist_1e8vcs8._.js:1052
[  144839ms] [ERROR] ./app/onboarding/page.tsx:295:12
Error: Unexpected token. Did you mean `{'}'}` or `&rbrace;`?
  293 |               </div>
  294 |             </PantallaFunnel>
> 295 |           )}
      |            ^
  296 |
  297 |           {paso === 'loading' && plato && (
  298 |             <LoadingPlan

Parsing ecmascript source code failed

Import traces:
  Client Component Browser:
    ./app/onboarding/page.tsx [Client Component Browser]
    ./app/onboarding/page.tsx [Server Component]

  Client Component SSR:
    ./app/onboarding/page.tsx [Client Component SSR]
    ./app/onboarding/page.tsx [Server Component] @ http://localhost:3000/_next/static/chunks/node_modules_next_dist_1e8vcs8._.js:1052
[  144904ms] [ERROR] ./app/onboarding/page.tsx:295:12
Error: Unexpected token. Did you mean `{'}'}` or `&rbrace;`?
  293 |               </div>
  294 |             </PantallaFunnel>
> 295 |           )}
      |            ^
  296 |
  297 |           {paso === 'loading' && plato && (
  298 |             <LoadingPlan

Parsing ecmascript source code failed

Import traces:
  Client Component Browser:
    ./app/onboarding/page.tsx [Client Component Browser]
    ./app/onboarding/page.tsx [Server Component]

  Client Component SSR:
    ./app/onboarding/page.tsx [Client Component SSR]
    ./app/onboarding/page.tsx [Server Component] @ http://localhost:3000/_next/static/chunks/node_modules_next_dist_1e8vcs8._.js:1052
[  144947ms] [ERROR] ./app/onboarding/page.tsx:295:12
Error: Unexpected token. Did you mean `{'}'}` or `&rbrace;`?
  293 |               </div>
  294 |             </PantallaFunnel>
> 295 |           )}
      |            ^
  296 |
  297 |           {paso === 'loading' && plato && (
  298 |             <LoadingPlan

Parsing ecmascript source code failed

Import traces:
  Client Component Browser:
    ./app/onboarding/page.tsx [Client Component Browser]
    ./app/onboarding/page.tsx [Server Component]

  Client Component SSR:
    ./app/onboarding/page.tsx [Client Component SSR]
    ./app/onboarding/page.tsx [Server Component] @ http://localhost:3000/_next/static/chunks/node_modules_next_dist_1e8vcs8._.js:1052
[  144989ms] [ERROR] ./app/onboarding/page.tsx:295:12
Error: Unexpected token. Did you mean `{'}'}` or `&rbrace;`?
  293 |               </div>
  294 |             </PantallaFunnel>
> 295 |           )}
      |            ^
  296 |
  297 |           {paso === 'loading' && plato && (
  298 |             <LoadingPlan

Parsing ecmascript source code failed

Import traces:
  Client Component Browser:
    ./app/onboarding/page.tsx [Client Component Browser]
    ./app/onboarding/page.tsx [Server Component]

  Client Component SSR:
    ./app/onboarding/page.tsx [Client Component SSR]
    ./app/onboarding/page.tsx [Server Component] @ http://localhost:3000/_next/static/chunks/node_modules_next_dist_1e8vcs8._.js:1052
[  145030ms] [ERROR] ./app/onboarding/page.tsx:295:12
Error: Unexpected token. Did you mean `{'}'}` or `&rbrace;`?
  293 |               </div>
  294 |             </PantallaFunnel>
> 295 |           )}
      |            ^
  296 |
  297 |           {paso === 'loading' && plato && (
  298 |             <LoadingPlan

Parsing ecmascript source code failed

Import traces:
  Client Component Browser:
    ./app/onboarding/page.tsx [Client Component Browser]
    ./app/onboarding/page.tsx [Server Component]

  Client Component SSR:
    ./app/onboarding/page.tsx [Client Component SSR]
    ./app/onboarding/page.tsx [Server Component] @ http://localhost:3000/_next/static/chunks/node_modules_next_dist_1e8vcs8._.js:1052
[  145072ms] [ERROR] ./app/onboarding/page.tsx:295:12
Error: Unexpected token. Did you mean `{'}'}` or `&rbrace;`?
  293 |               </div>
  294 |             </PantallaFunnel>
> 295 |           )}
      |            ^
  296 |
  297 |           {paso === 'loading' && plato && (
  298 |             <LoadingPlan

Parsing ecmascript source code failed

Import traces:
  Client Component Browser:
    ./app/onboarding/page.tsx [Client Component Browser]
    ./app/onboarding/page.tsx [Server Component]

  Client Component SSR:
    ./app/onboarding/page.tsx [Client Component SSR]
    ./app/onboarding/page.tsx [Server Component] @ http://localhost:3000/_next/static/chunks/node_modules_next_dist_1e8vcs8._.js:1052
[  145130ms] [ERROR] ./app/onboarding/page.tsx:295:12
Error: Unexpected token. Did you mean `{'}'}` or `&rbrace;`?
  293 |               </div>
  294 |             </PantallaFunnel>
> 295 |           )}
      |            ^
  296 |
  297 |           {paso === 'loading' && plato && (
  298 |             <LoadingPlan

Parsing ecmascript source code failed

Import traces:
  Client Component Browser:
    ./app/onboarding/page.tsx [Client Component Browser]
    ./app/onboarding/page.tsx [Server Component]

  Client Component SSR:
    ./app/onboarding/page.tsx [Client Component SSR]
    ./app/onboarding/page.tsx [Server Component] @ http://localhost:3000/_next/static/chunks/node_modules_next_dist_1e8vcs8._.js:1052
[  145177ms] [ERROR] ./app/onboarding/page.tsx:295:12
Error: Unexpected token. Did you mean `{'}'}` or `&rbrace;`?
  293 |               </div>
  294 |             </PantallaFunnel>
> 295 |           )}
      |            ^
  296 |
  297 |           {paso === 'loading' && plato && (
  298 |             <LoadingPlan

Parsing ecmascript source code failed

Import traces:
  Client Component Browser:
    ./app/onboarding/page.tsx [Client Component Browser]
    ./app/onboarding/page.tsx [Server Component]

  Client Component SSR:
    ./app/onboarding/page.tsx [Client Component SSR]
    ./app/onboarding/page.tsx [Server Component] @ http://localhost:3000/_next/static/chunks/node_modules_next_dist_1e8vcs8._.js:1052
[  145230ms] [ERROR] ./app/onboarding/page.tsx:295:12
Error: Unexpected token. Did you mean `{'}'}` or `&rbrace;`?
  293 |               </div>
  294 |             </PantallaFunnel>
> 295 |           )}
      |            ^
  296 |
  297 |           {paso === 'loading' && plato && (
  298 |             <LoadingPlan

Parsing ecmascript source code failed

Import traces:
  Client Component Browser:
    ./app/onboarding/page.tsx [Client Component Browser]
    ./app/onboarding/page.tsx [Server Component]

  Client Component SSR:
    ./app/onboarding/page.tsx [Client Component SSR]
    ./app/onboarding/page.tsx [Server Component] @ http://localhost:3000/_next/static/chunks/node_modules_next_dist_1e8vcs8._.js:1052
[  145271ms] [ERROR] ./app/onboarding/page.tsx:295:12
Error: Unexpected token. Did you mean `{'}'}` or `&rbrace;`?
  293 |               </div>
  294 |             </PantallaFunnel>
> 295 |           )}
      |            ^
  296 |
  297 |           {paso === 'loading' && plato && (
  298 |             <LoadingPlan

Parsing ecmascript source code failed

Import traces:
  Client Component Browser:
    ./app/onboarding/page.tsx [Client Component Browser]
    ./app/onboarding/page.tsx [Server Component]

  Client Component SSR:
    ./app/onboarding/page.tsx [Client Component SSR]
    ./app/onboarding/page.tsx [Server Component] @ http://localhost:3000/_next/static/chunks/node_modules_next_dist_1e8vcs8._.js:1052
[  145319ms] [ERROR] ./app/onboarding/page.tsx:295:12
Error: Unexpected token. Did you mean `{'}'}` or `&rbrace;`?
  293 |               </div>
  294 |             </PantallaFunnel>
> 295 |           )}
      |            ^
  296 |
  297 |           {paso === 'loading' && plato && (
  298 |             <LoadingPlan

Parsing ecmascript source code failed

Import traces:
  Client Component Browser:
    ./app/onboarding/page.tsx [Client Component Browser]
    ./app/onboarding/page.tsx [Server Component]

  Client Component SSR:
    ./app/onboarding/page.tsx [Client Component SSR]
    ./app/onboarding/page.tsx [Server Component] @ http://localhost:3000/_next/static/chunks/node_modules_next_dist_1e8vcs8._.js:1052
[  145365ms] [ERROR] ./app/onboarding/page.tsx:295:12
Error: Unexpected token. Did you mean `{'}'}` or `&rbrace;`?
  293 |               </div>
  294 |             </PantallaFunnel>
> 295 |           )}
      |            ^
  296 |
  297 |           {paso === 'loading' && plato && (
  298 |             <LoadingPlan

Parsing ecmascript source code failed

Import traces:
  Client Component Browser:
    ./app/onboarding/page.tsx [Client Component Browser]
    ./app/onboarding/page.tsx [Server Component]

  Client Component SSR:
    ./app/onboarding/page.tsx [Client Component SSR]
    ./app/onboarding/page.tsx [Server Component] @ http://localhost:3000/_next/static/chunks/node_modules_next_dist_1e8vcs8._.js:1052
[  145415ms] [ERROR] ./app/onboarding/page.tsx:295:12
Error: Unexpected token. Did you mean `{'}'}` or `&rbrace;`?
  293 |               </div>
  294 |             </PantallaFunnel>
> 295 |           )}
      |            ^
  296 |
  297 |           {paso === 'loading' && plato && (
  298 |             <LoadingPlan

Parsing ecmascript source code failed

Import traces:
  Client Component Browser:
    ./app/onboarding/page.tsx [Client Component Browser]
    ./app/onboarding/page.tsx [Server Component]

  Client Component SSR:
    ./app/onboarding/page.tsx [Client Component SSR]
    ./app/onboarding/page.tsx [Server Component] @ http://localhost:3000/_next/static/chunks/node_modules_next_dist_1e8vcs8._.js:1052
[  145472ms] [ERROR] ./app/onboarding/page.tsx:295:12
Error: Unexpected token. Did you mean `{'}'}` or `&rbrace;`?
  293 |               </div>
  294 |             </PantallaFunnel>
> 295 |           )}
      |            ^
  296 |
  297 |           {paso === 'loading' && plato && (
  298 |             <LoadingPlan

Parsing ecmascript source code failed

Import traces:
  Client Component Browser:
    ./app/onboarding/page.tsx [Client Component Browser]
    ./app/onboarding/page.tsx [Server Component]

  Client Component SSR:
    ./app/onboarding/page.tsx [Client Component SSR]
    ./app/onboarding/page.tsx [Server Component] @ http://localhost:3000/_next/static/chunks/node_modules_next_dist_1e8vcs8._.js:1052
[  145520ms] [ERROR] ./app/onboarding/page.tsx:295:12
Error: Unexpected token. Did you mean `{'}'}` or `&rbrace;`?
  293 |               </div>
  294 |             </PantallaFunnel>
> 295 |           )}
      |            ^
  296 |
  297 |           {paso === 'loading' && plato && (
  298 |             <LoadingPlan

Parsing ecmascript source code failed

Import traces:
  Client Component Browser:
    ./app/onboarding/page.tsx [Client Component Browser]
    ./app/onboarding/page.tsx [Server Component]

  Client Component SSR:
    ./app/onboarding/page.tsx [Client Component SSR]
    ./app/onboarding/page.tsx [Server Component] @ http://localhost:3000/_next/static/chunks/node_modules_next_dist_1e8vcs8._.js:1052
[  145565ms] [ERROR] ./app/onboarding/page.tsx:295:12
Error: Unexpected token. Did you mean `{'}'}` or `&rbrace;`?
  293 |               </div>
  294 |             </PantallaFunnel>
> 295 |           )}
      |            ^
  296 |
  297 |           {paso === 'loading' && plato && (
  298 |             <LoadingPlan

Parsing ecmascript source code failed

Import traces:
  Client Component Browser:
    ./app/onboarding/page.tsx [Client Component Browser]
    ./app/onboarding/page.tsx [Server Component]

  Client Component SSR:
    ./app/onboarding/page.tsx [Client Component SSR]
    ./app/onboarding/page.tsx [Server Component] @ http://localhost:3000/_next/static/chunks/node_modules_next_dist_1e8vcs8._.js:1052
[  145607ms] [ERROR] ./app/onboarding/page.tsx:295:12
Error: Unexpected token. Did you mean `{'}'}` or `&rbrace;`?
  293 |               </div>
  294 |             </PantallaFunnel>
> 295 |           )}
      |            ^
  296 |
  297 |           {paso === 'loading' && plato && (
  298 |             <LoadingPlan

Parsing ecmascript source code failed

Import traces:
  Client Component Browser:
    ./app/onboarding/page.tsx [Client Component Browser]
    ./app/onboarding/page.tsx [Server Component]

  Client Component SSR:
    ./app/onboarding/page.tsx [Client Component SSR]
    ./app/onboarding/page.tsx [Server Component] @ http://localhost:3000/_next/static/chunks/node_modules_next_dist_1e8vcs8._.js:1052
[  145655ms] [ERROR] ./app/onboarding/page.tsx:295:12
Error: Unexpected token. Did you mean `{'}'}` or `&rbrace;`?
  293 |               </div>
  294 |             </PantallaFunnel>
> 295 |           )}
      |            ^
  296 |
  297 |           {paso === 'loading' && plato && (
  298 |             <LoadingPlan

Parsing ecmascript source code failed

Import traces:
  Client Component Browser:
    ./app/onboarding/page.tsx [Client Component Browser]
    ./app/onboarding/page.tsx [Server Component]

  Client Component SSR:
    ./app/onboarding/page.tsx [Client Component SSR]
    ./app/onboarding/page.tsx [Server Component] @ http://localhost:3000/_next/static/chunks/node_modules_next_dist_1e8vcs8._.js:1052
[  145710ms] [ERROR] ./app/onboarding/page.tsx:295:12
Error: Unexpected token. Did you mean `{'}'}` or `&rbrace;`?
  293 |               </div>
  294 |             </PantallaFunnel>
> 295 |           )}
      |            ^
  296 |
  297 |           {paso === 'loading' && plato && (
  298 |             <LoadingPlan

Parsing ecmascript source code failed

Import traces:
  Client Component Browser:
    ./app/onboarding/page.tsx [Client Component Browser]
    ./app/onboarding/page.tsx [Server Component]

  Client Component SSR:
    ./app/onboarding/page.tsx [Client Component SSR]
    ./app/onboarding/page.tsx [Server Component] @ http://localhost:3000/_next/static/chunks/node_modules_next_dist_1e8vcs8._.js:1052
[  145767ms] [ERROR] ./app/onboarding/page.tsx:295:12
Error: Unexpected token. Did you mean `{'}'}` or `&rbrace;`?
  293 |               </div>
  294 |             </PantallaFunnel>
> 295 |           )}
      |            ^
  296 |
  297 |           {paso === 'loading' && plato && (
  298 |             <LoadingPlan

Parsing ecmascript source code failed

Import traces:
  Client Component Browser:
    ./app/onboarding/page.tsx [Client Component Browser]
    ./app/onboarding/page.tsx [Server Component]

  Client Component SSR:
    ./app/onboarding/page.tsx [Client Component SSR]
    ./app/onboarding/page.tsx [Server Component] @ http://localhost:3000/_next/static/chunks/node_modules_next_dist_1e8vcs8._.js:1052
[  145825ms] [ERROR] ./app/onboarding/page.tsx:295:12
Error: Unexpected token. Did you mean `{'}'}` or `&rbrace;`?
  293 |               </div>
  294 |             </PantallaFunnel>
> 295 |           )}
      |            ^
  296 |
  297 |           {paso === 'loading' && plato && (
  298 |             <LoadingPlan

Parsing ecmascript source code failed

Import traces:
  Client Component Browser:
    ./app/onboarding/page.tsx [Client Component Browser]
    ./app/onboarding/page.tsx [Server Component]

  Client Component SSR:
    ./app/onboarding/page.tsx [Client Component SSR]
    ./app/onboarding/page.tsx [Server Component] @ http://localhost:3000/_next/static/chunks/node_modules_next_dist_1e8vcs8._.js:1052
[  145871ms] [ERROR] ./app/onboarding/page.tsx:295:12
Error: Unexpected token. Did you mean `{'}'}` or `&rbrace;`?
  293 |               </div>
  294 |             </PantallaFunnel>
> 295 |           )}
      |            ^
  296 |
  297 |           {paso === 'loading' && plato && (
  298 |             <LoadingPlan

Parsing ecmascript source code failed

Import traces:
  Client Component Browser:
    ./app/onboarding/page.tsx [Client Component Browser]
    ./app/onboarding/page.tsx [Server Component]

  Client Component SSR:
    ./app/onboarding/page.tsx [Client Component SSR]
    ./app/onboarding/page.tsx [Server Component] @ http://localhost:3000/_next/static/chunks/node_modules_next_dist_1e8vcs8._.js:1052
[  145921ms] [ERROR] ./app/onboarding/page.tsx:295:12
Error: Unexpected token. Did you mean `{'}'}` or `&rbrace;`?
  293 |               </div>
  294 |             </PantallaFunnel>
> 295 |           )}
      |            ^
  296 |
  297 |           {paso === 'loading' && plato && (
  298 |             <LoadingPlan

Parsing ecmascript source code failed

Import traces:
  Client Component Browser:
    ./app/onboarding/page.tsx [Client Component Browser]
    ./app/onboarding/page.tsx [Server Component]

  Client Component SSR:
    ./app/onboarding/page.tsx [Client Component SSR]
    ./app/onboarding/page.tsx [Server Component] @ http://localhost:3000/_next/static/chunks/node_modules_next_dist_1e8vcs8._.js:1052
[  145965ms] [ERROR] ./app/onboarding/page.tsx:295:12
Error: Unexpected token. Did you mean `{'}'}` or `&rbrace;`?
  293 |               </div>
  294 |             </PantallaFunnel>
> 295 |           )}
      |            ^
  296 |
  297 |           {paso === 'loading' && plato && (
  298 |             <LoadingPlan

Parsing ecmascript source code failed

Import traces:
  Client Component Browser:
    ./app/onboarding/page.tsx [Client Component Browser]
    ./app/onboarding/page.tsx [Server Component]

  Client Component SSR:
    ./app/onboarding/page.tsx [Client Component SSR]
    ./app/onboarding/page.tsx [Server Component] @ http://localhost:3000/_next/static/chunks/node_modules_next_dist_1e8vcs8._.js:1052
[  146015ms] [ERROR] ./app/onboarding/page.tsx:295:12
Error: Unexpected token. Did you mean `{'}'}` or `&rbrace;`?
  293 |               </div>
  294 |             </PantallaFunnel>
> 295 |           )}
      |            ^
  296 |
  297 |           {paso === 'loading' && plato && (
  298 |             <LoadingPlan

Parsing ecmascript source code failed

Import traces:
  Client Component Browser:
    ./app/onboarding/page.tsx [Client Component Browser]
    ./app/onboarding/page.tsx [Server Component]

  Client Component SSR:
    ./app/onboarding/page.tsx [Client Component SSR]
    ./app/onboarding/page.tsx [Server Component] @ http://localhost:3000/_next/static/chunks/node_modules_next_dist_1e8vcs8._.js:1052
[  146065ms] [ERROR] ./app/onboarding/page.tsx:295:12
Error: Unexpected token. Did you mean `{'}'}` or `&rbrace;`?
  293 |               </div>
  294 |             </PantallaFunnel>
> 295 |           )}
      |            ^
  296 |
  297 |           {paso === 'loading' && plato && (
  298 |             <LoadingPlan

Parsing ecmascript source code failed

Import traces:
  Client Component Browser:
    ./app/onboarding/page.tsx [Client Component Browser]
    ./app/onboarding/page.tsx [Server Component]

  Client Component SSR:
    ./app/onboarding/page.tsx [Client Component SSR]
    ./app/onboarding/page.tsx [Server Component] @ http://localhost:3000/_next/static/chunks/node_modules_next_dist_1e8vcs8._.js:1052
[  146105ms] [ERROR] ./app/onboarding/page.tsx:295:12
Error: Unexpected token. Did you mean `{'}'}` or `&rbrace;`?
  293 |               </div>
  294 |             </PantallaFunnel>
> 295 |           )}
      |            ^
  296 |
  297 |           {paso === 'loading' && plato && (
  298 |             <LoadingPlan

Parsing ecmascript source code failed

Import traces:
  Client Component Browser:
    ./app/onboarding/page.tsx [Client Component Browser]
    ./app/onboarding/page.tsx [Server Component]

  Client Component SSR:
    ./app/onboarding/page.tsx [Client Component SSR]
    ./app/onboarding/page.tsx [Server Component] @ http://localhost:3000/_next/static/chunks/node_modules_next_dist_1e8vcs8._.js:1052
[  146149ms] [ERROR] ./app/onboarding/page.tsx:295:12
Error: Unexpected token. Did you mean `{'}'}` or `&rbrace;`?
  293 |               </div>
  294 |             </PantallaFunnel>
> 295 |           )}
      |            ^
  296 |
  297 |           {paso === 'loading' && plato && (
  298 |             <LoadingPlan

Parsing ecmascript source code failed

Import traces:
  Client Component Browser:
    ./app/onboarding/page.tsx [Client Component Browser]
    ./app/onboarding/page.tsx [Server Component]

  Client Component SSR:
    ./app/onboarding/page.tsx [Client Component SSR]
    ./app/onboarding/page.tsx [Server Component] @ http://localhost:3000/_next/static/chunks/node_modules_next_dist_1e8vcs8._.js:1052
[  146200ms] [ERROR] ./app/onboarding/page.tsx:295:12
Error: Unexpected token. Did you mean `{'}'}` or `&rbrace;`?
  293 |               </div>
  294 |             </PantallaFunnel>
> 295 |           )}
      |            ^
  296 |
  297 |           {paso === 'loading' && plato && (
  298 |             <LoadingPlan

Parsing ecmascript source code failed

Import traces:
  Client Component Browser:
    ./app/onboarding/page.tsx [Client Component Browser]
    ./app/onboarding/page.tsx [Server Component]

  Client Component SSR:
    ./app/onboarding/page.tsx [Client Component SSR]
    ./app/onboarding/page.tsx [Server Component] @ http://localhost:3000/_next/static/chunks/node_modules_next_dist_1e8vcs8._.js:1052
[  146248ms] [ERROR] ./app/onboarding/page.tsx:295:12
Error: Unexpected token. Did you mean `{'}'}` or `&rbrace;`?
  293 |               </div>
  294 |             </PantallaFunnel>
> 295 |           )}
      |            ^
  296 |
  297 |           {paso === 'loading' && plato && (
  298 |             <LoadingPlan

Parsing ecmascript source code failed

Import traces:
  Client Component Browser:
    ./app/onboarding/page.tsx [Client Component Browser]
    ./app/onboarding/page.tsx [Server Component]

  Client Component SSR:
    ./app/onboarding/page.tsx [Client Component SSR]
    ./app/onboarding/page.tsx [Server Component] @ http://localhost:3000/_next/static/chunks/node_modules_next_dist_1e8vcs8._.js:1052
[  146296ms] [ERROR] ./app/onboarding/page.tsx:295:12
Error: Unexpected token. Did you mean `{'}'}` or `&rbrace;`?
  293 |               </div>
  294 |             </PantallaFunnel>
> 295 |           )}
      |            ^
  296 |
  297 |           {paso === 'loading' && plato && (
  298 |             <LoadingPlan

Parsing ecmascript source code failed

Import traces:
  Client Component Browser:
    ./app/onboarding/page.tsx [Client Component Browser]
    ./app/onboarding/page.tsx [Server Component]

  Client Component SSR:
    ./app/onboarding/page.tsx [Client Component SSR]
    ./app/onboarding/page.tsx [Server Component] @ http://localhost:3000/_next/static/chunks/node_modules_next_dist_1e8vcs8._.js:1052
[  146345ms] [ERROR] ./app/onboarding/page.tsx:295:12
Error: Unexpected token. Did you mean `{'}'}` or `&rbrace;`?
  293 |               </div>
  294 |             </PantallaFunnel>
> 295 |           )}
      |            ^
  296 |
  297 |           {paso === 'loading' && plato && (
  298 |             <LoadingPlan

Parsing ecmascript source code failed

Import traces:
  Client Component Browser:
    ./app/onboarding/page.tsx [Client Component Browser]
    ./app/onboarding/page.tsx [Server Component]

  Client Component SSR:
    ./app/onboarding/page.tsx [Client Component SSR]
    ./app/onboarding/page.tsx [Server Component] @ http://localhost:3000/_next/static/chunks/node_modules_next_dist_1e8vcs8._.js:1052
[  146401ms] [ERROR] ./app/onboarding/page.tsx:295:12
Error: Unexpected token. Did you mean `{'}'}` or `&rbrace;`?
  293 |               </div>
  294 |             </PantallaFunnel>
> 295 |           )}
      |            ^
  296 |
  297 |           {paso === 'loading' && plato && (
  298 |             <LoadingPlan

Parsing ecmascript source code failed

Import traces:
  Client Component Browser:
    ./app/onboarding/page.tsx [Client Component Browser]
    ./app/onboarding/page.tsx [Server Component]

  Client Component SSR:
    ./app/onboarding/page.tsx [Client Component SSR]
    ./app/onboarding/page.tsx [Server Component] @ http://localhost:3000/_next/static/chunks/node_modules_next_dist_1e8vcs8._.js:1052
[  146451ms] [ERROR] ./app/onboarding/page.tsx:295:12
Error: Unexpected token. Did you mean `{'}'}` or `&rbrace;`?
  293 |               </div>
  294 |             </PantallaFunnel>
> 295 |           )}
      |            ^
  296 |
  297 |           {paso === 'loading' && plato && (
  298 |             <LoadingPlan

Parsing ecmascript source code failed

Import traces:
  Client Component Browser:
    ./app/onboarding/page.tsx [Client Component Browser]
    ./app/onboarding/page.tsx [Server Component]

  Client Component SSR:
    ./app/onboarding/page.tsx [Client Component SSR]
    ./app/onboarding/page.tsx [Server Component] @ http://localhost:3000/_next/static/chunks/node_modules_next_dist_1e8vcs8._.js:1052
[  146508ms] [ERROR] ./app/onboarding/page.tsx:295:12
Error: Unexpected token. Did you mean `{'}'}` or `&rbrace;`?
  293 |               </div>
  294 |             </PantallaFunnel>
> 295 |           )}
      |            ^
  296 |
  297 |           {paso === 'loading' && plato && (
  298 |             <LoadingPlan

Parsing ecmascript source code failed

Import traces:
  Client Component Browser:
    ./app/onboarding/page.tsx [Client Component Browser]
    ./app/onboarding/page.tsx [Server Component]

  Client Component SSR:
    ./app/onboarding/page.tsx [Client Component SSR]
    ./app/onboarding/page.tsx [Server Component] @ http://localhost:3000/_next/static/chunks/node_modules_next_dist_1e8vcs8._.js:1052
[  146563ms] [ERROR] ./app/onboarding/page.tsx:295:12
Error: Unexpected token. Did you mean `{'}'}` or `&rbrace;`?
  293 |               </div>
  294 |             </PantallaFunnel>
> 295 |           )}
      |            ^
  296 |
  297 |           {paso === 'loading' && plato && (
  298 |             <LoadingPlan

Parsing ecmascript source code failed

Import traces:
  Client Component Browser:
    ./app/onboarding/page.tsx [Client Component Browser]
    ./app/onboarding/page.tsx [Server Component]

  Client Component SSR:
    ./app/onboarding/page.tsx [Client Component SSR]
    ./app/onboarding/page.tsx [Server Component] @ http://localhost:3000/_next/static/chunks/node_modules_next_dist_1e8vcs8._.js:1052
[  146613ms] [ERROR] ./app/onboarding/page.tsx:295:12
Error: Unexpected token. Did you mean `{'}'}` or `&rbrace;`?
  293 |               </div>
  294 |             </PantallaFunnel>
> 295 |           )}
      |            ^
  296 |
  297 |           {paso === 'loading' && plato && (
  298 |             <LoadingPlan

Parsing ecmascript source code failed

Import traces:
  Client Component Browser:
    ./app/onboarding/page.tsx [Client Component Browser]
    ./app/onboarding/page.tsx [Server Component]

  Client Component SSR:
    ./app/onboarding/page.tsx [Client Component SSR]
    ./app/onboarding/page.tsx [Server Component] @ http://localhost:3000/_next/static/chunks/node_modules_next_dist_1e8vcs8._.js:1052
[  146664ms] [ERROR] ./app/onboarding/page.tsx:295:12
Error: Unexpected token. Did you mean `{'}'}` or `&rbrace;`?
  293 |               </div>
  294 |             </PantallaFunnel>
> 295 |           )}
      |            ^
  296 |
  297 |           {paso === 'loading' && plato && (
  298 |             <LoadingPlan

Parsing ecmascript source code failed

Import traces:
  Client Component Browser:
    ./app/onboarding/page.tsx [Client Component Browser]
    ./app/onboarding/page.tsx [Server Component]

  Client Component SSR:
    ./app/onboarding/page.tsx [Client Component SSR]
    ./app/onboarding/page.tsx [Server Component] @ http://localhost:3000/_next/static/chunks/node_modules_next_dist_1e8vcs8._.js:1052
[  146721ms] [ERROR] ./app/onboarding/page.tsx:295:12
Error: Unexpected token. Did you mean `{'}'}` or `&rbrace;`?
  293 |               </div>
  294 |             </PantallaFunnel>
> 295 |           )}
      |            ^
  296 |
  297 |           {paso === 'loading' && plato && (
  298 |             <LoadingPlan

Parsing ecmascript source code failed

Import traces:
  Client Component Browser:
    ./app/onboarding/page.tsx [Client Component Browser]
    ./app/onboarding/page.tsx [Server Component]

  Client Component SSR:
    ./app/onboarding/page.tsx [Client Component SSR]
    ./app/onboarding/page.tsx [Server Component] @ http://localhost:3000/_next/static/chunks/node_modules_next_dist_1e8vcs8._.js:1052
[  146765ms] [ERROR] ./app/onboarding/page.tsx:295:12
Error: Unexpected token. Did you mean `{'}'}` or `&rbrace;`?
  293 |               </div>
  294 |             </PantallaFunnel>
> 295 |           )}
      |            ^
  296 |
  297 |           {paso === 'loading' && plato && (
  298 |             <LoadingPlan

Parsing ecmascript source code failed

Import traces:
  Client Component Browser:
    ./app/onboarding/page.tsx [Client Component Browser]
    ./app/onboarding/page.tsx [Server Component]

  Client Component SSR:
    ./app/onboarding/page.tsx [Client Component SSR]
    ./app/onboarding/page.tsx [Server Component] @ http://localhost:3000/_next/static/chunks/node_modules_next_dist_1e8vcs8._.js:1052
[  146814ms] [ERROR] ./app/onboarding/page.tsx:295:12
Error: Unexpected token. Did you mean `{'}'}` or `&rbrace;`?
  293 |               </div>
  294 |             </PantallaFunnel>
> 295 |           )}
      |            ^
  296 |
  297 |           {paso === 'loading' && plato && (
  298 |             <LoadingPlan

Parsing ecmascript source code failed

Import traces:
  Client Component Browser:
    ./app/onboarding/page.tsx [Client Component Browser]
    ./app/onboarding/page.tsx [Server Component]

  Client Component SSR:
    ./app/onboarding/page.tsx [Client Component SSR]
    ./app/onboarding/page.tsx [Server Component] @ http://localhost:3000/_next/static/chunks/node_modules_next_dist_1e8vcs8._.js:1052
[  146856ms] [ERROR] ./app/onboarding/page.tsx:295:12
Error: Unexpected token. Did you mean `{'}'}` or `&rbrace;`?
  293 |               </div>
  294 |             </PantallaFunnel>
> 295 |           )}
      |            ^
  296 |
  297 |           {paso === 'loading' && plato && (
  298 |             <LoadingPlan

Parsing ecmascript source code failed

Import traces:
  Client Component Browser:
    ./app/onboarding/page.tsx [Client Component Browser]
    ./app/onboarding/page.tsx [Server Component]

  Client Component SSR:
    ./app/onboarding/page.tsx [Client Component SSR]
    ./app/onboarding/page.tsx [Server Component] @ http://localhost:3000/_next/static/chunks/node_modules_next_dist_1e8vcs8._.js:1052
[  146901ms] [ERROR] ./app/onboarding/page.tsx:295:12
Error: Unexpected token. Did you mean `{'}'}` or `&rbrace;`?
  293 |               </div>
  294 |             </PantallaFunnel>
> 295 |           )}
      |            ^
  296 |
  297 |           {paso === 'loading' && plato && (
  298 |             <LoadingPlan

Parsing ecmascript source code failed

Import traces:
  Client Component Browser:
    ./app/onboarding/page.tsx [Client Component Browser]
    ./app/onboarding/page.tsx [Server Component]

  Client Component SSR:
    ./app/onboarding/page.tsx [Client Component SSR]
    ./app/onboarding/page.tsx [Server Component] @ http://localhost:3000/_next/static/chunks/node_modules_next_dist_1e8vcs8._.js:1052
[  146948ms] [ERROR] ./app/onboarding/page.tsx:295:12
Error: Unexpected token. Did you mean `{'}'}` or `&rbrace;`?
  293 |               </div>
  294 |             </PantallaFunnel>
> 295 |           )}
      |            ^
  296 |
  297 |           {paso === 'loading' && plato && (
  298 |             <LoadingPlan

Parsing ecmascript source code failed

Import traces:
  Client Component Browser:
    ./app/onboarding/page.tsx [Client Component Browser]
    ./app/onboarding/page.tsx [Server Component]

  Client Component SSR:
    ./app/onboarding/page.tsx [Client Component SSR]
    ./app/onboarding/page.tsx [Server Component] @ http://localhost:3000/_next/static/chunks/node_modules_next_dist_1e8vcs8._.js:1052
[  146997ms] [ERROR] ./app/onboarding/page.tsx:295:12
Error: Unexpected token. Did you mean `{'}'}` or `&rbrace;`?
  293 |               </div>
  294 |             </PantallaFunnel>
> 295 |           )}
      |            ^
  296 |
  297 |           {paso === 'loading' && plato && (
  298 |             <LoadingPlan

Parsing ecmascript source code failed

Import traces:
  Client Component Browser:
    ./app/onboarding/page.tsx [Client Component Browser]
    ./app/onboarding/page.tsx [Server Component]

  Client Component SSR:
    ./app/onboarding/page.tsx [Client Component SSR]
    ./app/onboarding/page.tsx [Server Component] @ http://localhost:3000/_next/static/chunks/node_modules_next_dist_1e8vcs8._.js:1052
[  147047ms] [ERROR] ./app/onboarding/page.tsx:295:12
Error: Unexpected token. Did you mean `{'}'}` or `&rbrace;`?
  293 |               </div>
  294 |             </PantallaFunnel>
> 295 |           )}
      |            ^
  296 |
  297 |           {paso === 'loading' && plato && (
  298 |             <LoadingPlan

Parsing ecmascript source code failed

Import traces:
  Client Component Browser:
    ./app/onboarding/page.tsx [Client Component Browser]
    ./app/onboarding/page.tsx [Server Component]

  Client Component SSR:
    ./app/onboarding/page.tsx [Client Component SSR]
    ./app/onboarding/page.tsx [Server Component] @ http://localhost:3000/_next/static/chunks/node_modules_next_dist_1e8vcs8._.js:1052
[  147102ms] [ERROR] ./app/onboarding/page.tsx:295:12
Error: Unexpected token. Did you mean `{'}'}` or `&rbrace;`?
  293 |               </div>
  294 |             </PantallaFunnel>
> 295 |           )}
      |            ^
  296 |
  297 |           {paso === 'loading' && plato && (
  298 |             <LoadingPlan

Parsing ecmascript source code failed

Import traces:
  Client Component Browser:
    ./app/onboarding/page.tsx [Client Component Browser]
    ./app/onboarding/page.tsx [Server Component]

  Client Component SSR:
    ./app/onboarding/page.tsx [Client Component SSR]
    ./app/onboarding/page.tsx [Server Component] @ http://localhost:3000/_next/static/chunks/node_modules_next_dist_1e8vcs8._.js:1052
[  147165ms] [ERROR] ./app/onboarding/page.tsx:295:12
Error: Unexpected token. Did you mean `{'}'}` or `&rbrace;`?
  293 |               </div>
  294 |             </PantallaFunnel>
> 295 |           )}
      |            ^
  296 |
  297 |           {paso === 'loading' && plato && (
  298 |             <LoadingPlan

Parsing ecmascript source code failed

Import traces:
  Client Component Browser:
    ./app/onboarding/page.tsx [Client Component Browser]
    ./app/onboarding/page.tsx [Server Component]

  Client Component SSR:
    ./app/onboarding/page.tsx [Client Component SSR]
    ./app/onboarding/page.tsx [Server Component] @ http://localhost:3000/_next/static/chunks/node_modules_next_dist_1e8vcs8._.js:1052
[  147215ms] [ERROR] ./app/onboarding/page.tsx:295:12
Error: Unexpected token. Did you mean `{'}'}` or `&rbrace;`?
  293 |               </div>
  294 |             </PantallaFunnel>
> 295 |           )}
      |            ^
  296 |
  297 |           {paso === 'loading' && plato && (
  298 |             <LoadingPlan

Parsing ecmascript source code failed

Import traces:
  Client Component Browser:
    ./app/onboarding/page.tsx [Client Component Browser]
    ./app/onboarding/page.tsx [Server Component]

  Client Component SSR:
    ./app/onboarding/page.tsx [Client Component SSR]
    ./app/onboarding/page.tsx [Server Component] @ http://localhost:3000/_next/static/chunks/node_modules_next_dist_1e8vcs8._.js:1052
[  147276ms] [ERROR] ./app/onboarding/page.tsx:295:12
Error: Unexpected token. Did you mean `{'}'}` or `&rbrace;`?
  293 |               </div>
  294 |             </PantallaFunnel>
> 295 |           )}
      |            ^
  296 |
  297 |           {paso === 'loading' && plato && (
  298 |             <LoadingPlan

Parsing ecmascript source code failed

Import traces:
  Client Component Browser:
    ./app/onboarding/page.tsx [Client Component Browser]
    ./app/onboarding/page.tsx [Server Component]

  Client Component SSR:
    ./app/onboarding/page.tsx [Client Component SSR]
    ./app/onboarding/page.tsx [Server Component] @ http://localhost:3000/_next/static/chunks/node_modules_next_dist_1e8vcs8._.js:1052
[  147331ms] [ERROR] ./app/onboarding/page.tsx:295:12
Error: Unexpected token. Did you mean `{'}'}` or `&rbrace;`?
  293 |               </div>
  294 |             </PantallaFunnel>
> 295 |           )}
      |            ^
  296 |
  297 |           {paso === 'loading' && plato && (
  298 |             <LoadingPlan

Parsing ecmascript source code failed

Import traces:
  Client Component Browser:
    ./app/onboarding/page.tsx [Client Component Browser]
    ./app/onboarding/page.tsx [Server Component]

  Client Component SSR:
    ./app/onboarding/page.tsx [Client Component SSR]
    ./app/onboarding/page.tsx [Server Component] @ http://localhost:3000/_next/static/chunks/node_modules_next_dist_1e8vcs8._.js:1052
[  147378ms] [ERROR] ./app/onboarding/page.tsx:295:12
Error: Unexpected token. Did you mean `{'}'}` or `&rbrace;`?
  293 |               </div>
  294 |             </PantallaFunnel>
> 295 |           )}
      |            ^
  296 |
  297 |           {paso === 'loading' && plato && (
  298 |             <LoadingPlan

Parsing ecmascript source code failed

Import traces:
  Client Component Browser:
    ./app/onboarding/page.tsx [Client Component Browser]
    ./app/onboarding/page.tsx [Server Component]

  Client Component SSR:
    ./app/onboarding/page.tsx [Client Component SSR]
    ./app/onboarding/page.tsx [Server Component] @ http://localhost:3000/_next/static/chunks/node_modules_next_dist_1e8vcs8._.js:1052
[  147431ms] [ERROR] ./app/onboarding/page.tsx:295:12
Error: Unexpected token. Did you mean `{'}'}` or `&rbrace;`?
  293 |               </div>
  294 |             </PantallaFunnel>
> 295 |           )}
      |            ^
  296 |
  297 |           {paso === 'loading' && plato && (
  298 |             <LoadingPlan

Parsing ecmascript source code failed

Import traces:
  Client Component Browser:
    ./app/onboarding/page.tsx [Client Component Browser]
    ./app/onboarding/page.tsx [Server Component]

  Client Component SSR:
    ./app/onboarding/page.tsx [Client Component SSR]
    ./app/onboarding/page.tsx [Server Component] @ http://localhost:3000/_next/static/chunks/node_modules_next_dist_1e8vcs8._.js:1052
[  147476ms] [ERROR] ./app/onboarding/page.tsx:295:12
Error: Unexpected token. Did you mean `{'}'}` or `&rbrace;`?
  293 |               </div>
  294 |             </PantallaFunnel>
> 295 |           )}
      |            ^
  296 |
  297 |           {paso === 'loading' && plato && (
  298 |             <LoadingPlan

Parsing ecmascript source code failed

Import traces:
  Client Component Browser:
    ./app/onboarding/page.tsx [Client Component Browser]
    ./app/onboarding/page.tsx [Server Component]

  Client Component SSR:
    ./app/onboarding/page.tsx [Client Component SSR]
    ./app/onboarding/page.tsx [Server Component] @ http://localhost:3000/_next/static/chunks/node_modules_next_dist_1e8vcs8._.js:1052
[  147522ms] [ERROR] ./app/onboarding/page.tsx:295:12
Error: Unexpected token. Did you mean `{'}'}` or `&rbrace;`?
  293 |               </div>
  294 |             </PantallaFunnel>
> 295 |           )}
      |            ^
  296 |
  297 |           {paso === 'loading' && plato && (
  298 |             <LoadingPlan

Parsing ecmascript source code failed

Import traces:
  Client Component Browser:
    ./app/onboarding/page.tsx [Client Component Browser]
    ./app/onboarding/page.tsx [Server Component]

  Client Component SSR:
    ./app/onboarding/page.tsx [Client Component SSR]
    ./app/onboarding/page.tsx [Server Component] @ http://localhost:3000/_next/static/chunks/node_modules_next_dist_1e8vcs8._.js:1052
[  147581ms] [ERROR] ./app/onboarding/page.tsx:295:12
Error: Unexpected token. Did you mean `{'}'}` or `&rbrace;`?
  293 |               </div>
  294 |             </PantallaFunnel>
> 295 |           )}
      |            ^
  296 |
  297 |           {paso === 'loading' && plato && (
  298 |             <LoadingPlan

Parsing ecmascript source code failed

Import traces:
  Client Component Browser:
    ./app/onboarding/page.tsx [Client Component Browser]
    ./app/onboarding/page.tsx [Server Component]

  Client Component SSR:
    ./app/onboarding/page.tsx [Client Component SSR]
    ./app/onboarding/page.tsx [Server Component] @ http://localhost:3000/_next/static/chunks/node_modules_next_dist_1e8vcs8._.js:1052
[  147629ms] [ERROR] ./app/onboarding/page.tsx:295:12
Error: Unexpected token. Did you mean `{'}'}` or `&rbrace;`?
  293 |               </div>
  294 |             </PantallaFunnel>
> 295 |           )}
      |            ^
  296 |
  297 |           {paso === 'loading' && plato && (
  298 |             <LoadingPlan

Parsing ecmascript source code failed

Import traces:
  Client Component Browser:
    ./app/onboarding/page.tsx [Client Component Browser]
    ./app/onboarding/page.tsx [Server Component]

  Client Component SSR:
    ./app/onboarding/page.tsx [Client Component SSR]
    ./app/onboarding/page.tsx [Server Component] @ http://localhost:3000/_next/static/chunks/node_modules_next_dist_1e8vcs8._.js:1052
[  147679ms] [ERROR] ./app/onboarding/page.tsx:295:12
Error: Unexpected token. Did you mean `{'}'}` or `&rbrace;`?
  293 |               </div>
  294 |             </PantallaFunnel>
> 295 |           )}
      |            ^
  296 |
  297 |           {paso === 'loading' && plato && (
  298 |             <LoadingPlan

Parsing ecmascript source code failed

Import traces:
  Client Component Browser:
    ./app/onboarding/page.tsx [Client Component Browser]
    ./app/onboarding/page.tsx [Server Component]

  Client Component SSR:
    ./app/onboarding/page.tsx [Client Component SSR]
    ./app/onboarding/page.tsx [Server Component] @ http://localhost:3000/_next/static/chunks/node_modules_next_dist_1e8vcs8._.js:1052
[  147771ms] [ERROR] ./app/onboarding/page.tsx:295:12
Error: Unexpected token. Did you mean `{'}'}` or `&rbrace;`?
  293 |               </div>
  294 |             </PantallaFunnel>
> 295 |           )}
      |            ^
  296 |
  297 |           {paso === 'loading' && plato && (
  298 |             <LoadingPlan

Parsing ecmascript source code failed

Import traces:
  Client Component Browser:
    ./app/onboarding/page.tsx [Client Component Browser]
    ./app/onboarding/page.tsx [Server Component]

  Client Component SSR:
    ./app/onboarding/page.tsx [Client Component SSR]
    ./app/onboarding/page.tsx [Server Component] @ http://localhost:3000/_next/static/chunks/node_modules_next_dist_1e8vcs8._.js:1052
[  147922ms] [LOG] [Fast Refresh] rebuilding @ http://localhost:3000/_next/static/chunks/node_modules_next_dist_1e8vcs8._.js:776
[  147982ms] [LOG] [Fast Refresh] done in 104ms @ http://localhost:3000/_next/static/chunks/node_modules_next_dist_1e8vcs8._.js:776
[  148073ms] [LOG] [Fast Refresh] done in 104ms @ http://localhost:3000/_next/static/chunks/node_modules_next_dist_1e8vcs8._.js:776
[  148131ms] [LOG] [Fast Refresh] done in 104ms @ http://localhost:3000/_next/static/chunks/node_modules_next_dist_1e8vcs8._.js:776
[  148200ms] [LOG] [Fast Refresh] done in 104ms @ http://localhost:3000/_next/static/chunks/node_modules_next_dist_1e8vcs8._.js:776
[  148263ms] [LOG] [Fast Refresh] done in 104ms @ http://localhost:3000/_next/static/chunks/node_modules_next_dist_1e8vcs8._.js:776
[  148327ms] [LOG] [Fast Refresh] done in 104ms @ http://localhost:3000/_next/static/chunks/node_modules_next_dist_1e8vcs8._.js:776
[  148381ms] [LOG] [Fast Refresh] done in 104ms @ http://localhost:3000/_next/static/chunks/node_modules_next_dist_1e8vcs8._.js:776
[  148433ms] [LOG] [Fast Refresh] done in 104ms @ http://localhost:3000/_next/static/chunks/node_modules_next_dist_1e8vcs8._.js:776
[  148470ms] [LOG] [Fast Refresh] done in 104ms @ http://localhost:3000/_next/static/chunks/node_modules_next_dist_1e8vcs8._.js:776
[  148531ms] [LOG] [Fast Refresh] done in 104ms @ http://localhost:3000/_next/static/chunks/node_modules_next_dist_1e8vcs8._.js:776
[  148581ms] [LOG] [Fast Refresh] done in 104ms @ http://localhost:3000/_next/static/chunks/node_modules_next_dist_1e8vcs8._.js:776
[  148642ms] [LOG] [Fast Refresh] done in 104ms @ http://localhost:3000/_next/static/chunks/node_modules_next_dist_1e8vcs8._.js:776
[  148696ms] [LOG] [Fast Refresh] done in 104ms @ http://localhost:3000/_next/static/chunks/node_modules_next_dist_1e8vcs8._.js:776
[  148739ms] [LOG] [Fast Refresh] done in 104ms @ http://localhost:3000/_next/static/chunks/node_modules_next_dist_1e8vcs8._.js:776
[  148796ms] [LOG] [Fast Refresh] done in 104ms @ http://localhost:3000/_next/static/chunks/node_modules_next_dist_1e8vcs8._.js:776
[  148837ms] [LOG] [Fast Refresh] done in 104ms @ http://localhost:3000/_next/static/chunks/node_modules_next_dist_1e8vcs8._.js:776
[  148886ms] [LOG] [Fast Refresh] done in 104ms @ http://localhost:3000/_next/static/chunks/node_modules_next_dist_1e8vcs8._.js:776
[  148931ms] [LOG] [Fast Refresh] done in 104ms @ http://localhost:3000/_next/static/chunks/node_modules_next_dist_1e8vcs8._.js:776
[  148981ms] [LOG] [Fast Refresh] done in 104ms @ http://localhost:3000/_next/static/chunks/node_modules_next_dist_1e8vcs8._.js:776
[  149030ms] [LOG] [Fast Refresh] done in 104ms @ http://localhost:3000/_next/static/chunks/node_modules_next_dist_1e8vcs8._.js:776
[  149080ms] [LOG] [Fast Refresh] done in 104ms @ http://localhost:3000/_next/static/chunks/node_modules_next_dist_1e8vcs8._.js:776
[  149121ms] [LOG] [Fast Refresh] done in 104ms @ http://localhost:3000/_next/static/chunks/node_modules_next_dist_1e8vcs8._.js:776
[  149163ms] [LOG] [Fast Refresh] done in 104ms @ http://localhost:3000/_next/static/chunks/node_modules_next_dist_1e8vcs8._.js:776
[  149220ms] [LOG] [Fast Refresh] done in 104ms @ http://localhost:3000/_next/static/chunks/node_modules_next_dist_1e8vcs8._.js:776
[  149268ms] [LOG] [Fast Refresh] done in 104ms @ http://localhost:3000/_next/static/chunks/node_modules_next_dist_1e8vcs8._.js:776
[  149311ms] [LOG] [Fast Refresh] done in 104ms @ http://localhost:3000/_next/static/chunks/node_modules_next_dist_1e8vcs8._.js:776
[  149360ms] [LOG] [Fast Refresh] done in 104ms @ http://localhost:3000/_next/static/chunks/node_modules_next_dist_1e8vcs8._.js:776
[  149399ms] [LOG] [Fast Refresh] done in 104ms @ http://localhost:3000/_next/static/chunks/node_modules_next_dist_1e8vcs8._.js:776
[  149449ms] [LOG] [Fast Refresh] done in 104ms @ http://localhost:3000/_next/static/chunks/node_modules_next_dist_1e8vcs8._.js:776
[  149498ms] [LOG] [Fast Refresh] done in 104ms @ http://localhost:3000/_next/static/chunks/node_modules_next_dist_1e8vcs8._.js:776
[  149560ms] [LOG] [Fast Refresh] done in 104ms @ http://localhost:3000/_next/static/chunks/node_modules_next_dist_1e8vcs8._.js:776
[  149629ms] [LOG] [Fast Refresh] done in 104ms @ http://localhost:3000/_next/static/chunks/node_modules_next_dist_1e8vcs8._.js:776
[  149676ms] [LOG] [Fast Refresh] done in 104ms @ http://localhost:3000/_next/static/chunks/node_modules_next_dist_1e8vcs8._.js:776
[  149720ms] [LOG] [Fast Refresh] done in 104ms @ http://localhost:3000/_next/static/chunks/node_modules_next_dist_1e8vcs8._.js:776
[  149765ms] [LOG] [Fast Refresh] done in 104ms @ http://localhost:3000/_next/static/chunks/node_modules_next_dist_1e8vcs8._.js:776
[  149807ms] [LOG] [Fast Refresh] done in 104ms @ http://localhost:3000/_next/static/chunks/node_modules_next_dist_1e8vcs8._.js:776
[  149848ms] [LOG] [Fast Refresh] done in 104ms @ http://localhost:3000/_next/static/chunks/node_modules_next_dist_1e8vcs8._.js:776
[  149890ms] [LOG] [Fast Refresh] done in 104ms @ http://localhost:3000/_next/static/chunks/node_modules_next_dist_1e8vcs8._.js:776
[  149948ms] [LOG] [Fast Refresh] done in 104ms @ http://localhost:3000/_next/static/chunks/node_modules_next_dist_1e8vcs8._.js:776
[  149997ms] [LOG] [Fast Refresh] done in 104ms @ http://localhost:3000/_next/static/chunks/node_modules_next_dist_1e8vcs8._.js:776
[  150063ms] [LOG] [Fast Refresh] done in 104ms @ http://localhost:3000/_next/static/chunks/node_modules_next_dist_1e8vcs8._.js:776
[  150113ms] [LOG] [Fast Refresh] done in 104ms @ http://localhost:3000/_next/static/chunks/node_modules_next_dist_1e8vcs8._.js:776
[  150163ms] [LOG] [Fast Refresh] done in 104ms @ http://localhost:3000/_next/static/chunks/node_modules_next_dist_1e8vcs8._.js:776
[  150213ms] [LOG] [Fast Refresh] done in 104ms @ http://localhost:3000/_next/static/chunks/node_modules_next_dist_1e8vcs8._.js:776
[  150268ms] [LOG] [Fast Refresh] done in 104ms @ http://localhost:3000/_next/static/chunks/node_modules_next_dist_1e8vcs8._.js:776
[  150327ms] [LOG] [Fast Refresh] done in 104ms @ http://localhost:3000/_next/static/chunks/node_modules_next_dist_1e8vcs8._.js:776
[  150367ms] [LOG] [Fast Refresh] done in 104ms @ http://localhost:3000/_next/static/chunks/node_modules_next_dist_1e8vcs8._.js:776
[  150415ms] [LOG] [Fast Refresh] done in 104ms @ http://localhost:3000/_next/static/chunks/node_modules_next_dist_1e8vcs8._.js:776
[  150465ms] [LOG] [Fast Refresh] done in 104ms @ http://localhost:3000/_next/static/chunks/node_modules_next_dist_1e8vcs8._.js:776
[  150517ms] [LOG] [Fast Refresh] done in 104ms @ http://localhost:3000/_next/static/chunks/node_modules_next_dist_1e8vcs8._.js:776
[  150555ms] [LOG] [Fast Refresh] done in 104ms @ http://localhost:3000/_next/static/chunks/node_modules_next_dist_1e8vcs8._.js:776
[  150596ms] [LOG] [Fast Refresh] done in 104ms @ http://localhost:3000/_next/static/chunks/node_modules_next_dist_1e8vcs8._.js:776
[  150638ms] [LOG] [Fast Refresh] done in 104ms @ http://localhost:3000/_next/static/chunks/node_modules_next_dist_1e8vcs8._.js:776
[  150696ms] [LOG] [Fast Refresh] done in 104ms @ http://localhost:3000/_next/static/chunks/node_modules_next_dist_1e8vcs8._.js:776
[  150739ms] [LOG] [Fast Refresh] done in 104ms @ http://localhost:3000/_next/static/chunks/node_modules_next_dist_1e8vcs8._.js:776
[  150787ms] [LOG] [Fast Refresh] done in 104ms @ http://localhost:3000/_next/static/chunks/node_modules_next_dist_1e8vcs8._.js:776
[  150837ms] [LOG] [Fast Refresh] done in 104ms @ http://localhost:3000/_next/static/chunks/node_modules_next_dist_1e8vcs8._.js:776
[  150878ms] [LOG] [Fast Refresh] done in 104ms @ http://localhost:3000/_next/static/chunks/node_modules_next_dist_1e8vcs8._.js:776
[  150928ms] [LOG] [Fast Refresh] done in 104ms @ http://localhost:3000/_next/static/chunks/node_modules_next_dist_1e8vcs8._.js:776
[  150978ms] [LOG] [Fast Refresh] done in 104ms @ http://localhost:3000/_next/static/chunks/node_modules_next_dist_1e8vcs8._.js:776
[  151020ms] [LOG] [Fast Refresh] done in 104ms @ http://localhost:3000/_next/static/chunks/node_modules_next_dist_1e8vcs8._.js:776
[  151068ms] [LOG] [Fast Refresh] done in 104ms @ http://localhost:3000/_next/static/chunks/node_modules_next_dist_1e8vcs8._.js:776
[  151117ms] [LOG] [Fast Refresh] done in 104ms @ http://localhost:3000/_next/static/chunks/node_modules_next_dist_1e8vcs8._.js:776
[  151179ms] [LOG] [Fast Refresh] done in 104ms @ http://localhost:3000/_next/static/chunks/node_modules_next_dist_1e8vcs8._.js:776
[  151230ms] [LOG] [Fast Refresh] done in 104ms @ http://localhost:3000/_next/static/chunks/node_modules_next_dist_1e8vcs8._.js:776
[  151278ms] [LOG] [Fast Refresh] done in 104ms @ http://localhost:3000/_next/static/chunks/node_modules_next_dist_1e8vcs8._.js:776
[  151316ms] [LOG] [Fast Refresh] done in 104ms @ http://localhost:3000/_next/static/chunks/node_modules_next_dist_1e8vcs8._.js:776
[  151366ms] [LOG] [Fast Refresh] done in 104ms @ http://localhost:3000/_next/static/chunks/node_modules_next_dist_1e8vcs8._.js:776
[  151420ms] [LOG] [Fast Refresh] done in 104ms @ http://localhost:3000/_next/static/chunks/node_modules_next_dist_1e8vcs8._.js:776
[  151464ms] [LOG] [Fast Refresh] done in 104ms @ http://localhost:3000/_next/static/chunks/node_modules_next_dist_1e8vcs8._.js:776
[  151513ms] [LOG] [Fast Refresh] done in 104ms @ http://localhost:3000/_next/static/chunks/node_modules_next_dist_1e8vcs8._.js:776
[  151564ms] [LOG] [Fast Refresh] done in 104ms @ http://localhost:3000/_next/static/chunks/node_modules_next_dist_1e8vcs8._.js:776
[  151605ms] [LOG] [Fast Refresh] done in 104ms @ http://localhost:3000/_next/static/chunks/node_modules_next_dist_1e8vcs8._.js:776
[  151647ms] [LOG] [Fast Refresh] done in 104ms @ http://localhost:3000/_next/static/chunks/node_modules_next_dist_1e8vcs8._.js:776
[  151700ms] [LOG] [Fast Refresh] done in 104ms @ http://localhost:3000/_next/static/chunks/node_modules_next_dist_1e8vcs8._.js:776
[  151748ms] [LOG] [Fast Refresh] done in 104ms @ http://localhost:3000/_next/static/chunks/node_modules_next_dist_1e8vcs8._.js:776
[  151798ms] [LOG] [Fast Refresh] done in 104ms @ http://localhost:3000/_next/static/chunks/node_modules_next_dist_1e8vcs8._.js:776
[  151849ms] [LOG] [Fast Refresh] done in 104ms @ http://localhost:3000/_next/static/chunks/node_modules_next_dist_1e8vcs8._.js:776
[  151899ms] [LOG] [Fast Refresh] done in 104ms @ http://localhost:3000/_next/static/chunks/node_modules_next_dist_1e8vcs8._.js:776
[  151949ms] [LOG] [Fast Refresh] done in 104ms @ http://localhost:3000/_next/static/chunks/node_modules_next_dist_1e8vcs8._.js:776
[  152000ms] [LOG] [Fast Refresh] done in 104ms @ http://localhost:3000/_next/static/chunks/node_modules_next_dist_1e8vcs8._.js:776
[  152046ms] [LOG] [Fast Refresh] done in 104ms @ http://localhost:3000/_next/static/chunks/node_modules_next_dist_1e8vcs8._.js:776
[  173118ms] [ERROR] WebSocket connection to 'ws://localhost:3000/_next/hmr?id=RbqKWKbePgdS4SIWizEU6' failed: Error in connection establishment: net::ERR_CONNECTION_REFUSED @ http://localhost:3000/_next/static/chunks/node_modules_next_dist_client_0_90u2t._.js:16348
[  176465ms] [ERROR] WebSocket connection to 'ws://localhost:3000/_next/hmr?id=RbqKWKbePgdS4SIWizEU6' failed: Error in connection establishment: net::ERR_CONNECTION_REFUSED @ http://localhost:3000/_next/static/chunks/node_modules_next_dist_client_0_90u2t._.js:16348
[  186853ms] [LOG] [HMR] connected @ http://localhost:3000/_next/static/chunks/node_modules_next_dist_1e8vcs8._.js:776
[  200332ms] [INFO] %cDownload the React DevTools for a better development experience: https://react.dev/link/react-devtools font-weight:bold @ http://localhost:3000/_next/static/chunks/node_modules_next_dist_1e8vcs8._.js:776
[  200358ms] [LOG] [HMR] connected @ http://localhost:3000/_next/static/chunks/node_modules_next_dist_1e8vcs8._.js:776
